file	pictures	A	Asize	B	Bsize	thumbMean	fullMean	maxBlock
pdf_catalogue_35_photos_5_price_lists.pdf	40	6e1cacc0966d	916x624	8835050b8851	916x624	0.0004	0.7767	
pdf_catalogue_35_photos_5_price_lists.pdf	40	6e1cacc0966d	916x624	45ed29917548	916x624	0.0007	0.7157	
pdf_catalogue_35_photos_5_price_lists.pdf	40	6e1cacc0966d	916x624	e5dca898efb7	916x624	0.0007	0.7426	
pdf_catalogue_35_photos_5_price_lists.pdf	40	6e1cacc0966d	916x624	2e177af80328	916x624	0.0007	0.7471	
pdf_catalogue_35_photos_5_price_lists.pdf	40	35fe0a602ea5	900x600	cda00c205efb	900x600	0.0249		
pdf_catalogue_35_photos_5_price_lists.pdf	40	35fe0a602ea5	900x600	5ff27c772816	900x600	0.0544		
pdf_catalogue_35_photos_5_price_lists.pdf	40	35fe0a602ea5	900x600	82d1d50f500f	900x600	0.0832		
pdf_catalogue_35_photos_5_price_lists.pdf	40	35fe0a602ea5	900x600	225b620ef9f6	900x600	0.1013		
pdf_catalogue_35_photos_5_price_lists.pdf	40	35fe0a602ea5	900x600	8ed056a2c334	900x600	0.1114		
pdf_catalogue_35_photos_5_price_lists.pdf	40	35fe0a602ea5	900x600	62e586224cf3	900x600	0.1301		
pdf_catalogue_35_photos_5_price_lists.pdf	40	35fe0a602ea5	900x600	e48d9cb26bb5	900x600	0.1091		
pdf_catalogue_35_photos_5_price_lists.pdf	40	35fe0a602ea5	900x600	88d66ec7663b	900x600	0.1188		
pdf_catalogue_35_photos_5_price_lists.pdf	40	35fe0a602ea5	900x600	d8ac46f70c55	900x600	0.1320		
pdf_catalogue_35_photos_5_price_lists.pdf	40	35fe0a602ea5	900x600	28b25ce6a609	900x600	0.1474		
pdf_catalogue_35_photos_5_price_lists.pdf	40	35fe0a602ea5	900x600	7c72af4b1dff	900x600	0.1595		
pdf_catalogue_35_photos_5_price_lists.pdf	40	35fe0a602ea5	900x600	eb81455a73b9	900x600	0.1737		
pdf_catalogue_35_photos_5_price_lists.pdf	40	35fe0a602ea5	900x600	a40c5361ba9f	900x600	0.0809		
pdf_catalogue_35_photos_5_price_lists.pdf	40	35fe0a602ea5	900x600	acbce92c0fc9	900x600	0.0497		
pdf_catalogue_35_photos_5_price_lists.pdf	40	35fe0a602ea5	900x600	675334ce7a1f	900x600	0.0731		
pdf_catalogue_35_photos_5_price_lists.pdf	40	35fe0a602ea5	900x600	91596d93461e	900x600	0.0969		
pdf_catalogue_35_photos_5_price_lists.pdf	40	35fe0a602ea5	900x600	b484846a948c	900x600	0.0938		
pdf_catalogue_35_photos_5_price_lists.pdf	40	35fe0a602ea5	900x600	8f50bc9cca28	900x600	0.1130		
pdf_catalogue_35_photos_5_price_lists.pdf	40	35fe0a602ea5	900x600	944a03bfabec	900x600	0.0939		
pdf_catalogue_35_photos_5_price_lists.pdf	40	35fe0a602ea5	900x600	3f47b62aff9c	900x600	0.1096		
pdf_catalogue_35_photos_5_price_lists.pdf	40	35fe0a602ea5	900x600	bec183c2d27a	900x600	0.1363		
pdf_catalogue_35_photos_5_price_lists.pdf	40	35fe0a602ea5	900x600	e8e7c0f3627a	900x600	0.1483		
pdf_catalogue_35_photos_5_price_lists.pdf	40	35fe0a602ea5	900x600	6c1db05f7451	900x600	0.1639		
pdf_catalogue_35_photos_5_price_lists.pdf	40	35fe0a602ea5	900x600	1ff20ce29af5	900x600	0.1780		
pdf_catalogue_35_photos_5_price_lists.pdf	40	35fe0a602ea5	900x600	b1bddda639c7	900x600	0.1400		
pdf_catalogue_35_photos_5_price_lists.pdf	40	35fe0a602ea5	900x600	0beb67b5a793	900x600	0.0533		
pdf_catalogue_35_photos_5_price_lists.pdf	40	35fe0a602ea5	900x600	6593c3212f1a	900x600	0.0765		
pdf_catalogue_35_photos_5_price_lists.pdf	40	35fe0a602ea5	900x600	7835f55e1038	900x600	0.0760		
pdf_catalogue_35_photos_5_price_lists.pdf	40	35fe0a602ea5	900x600	ab8d25421874	900x600	0.0981		
pdf_catalogue_35_photos_5_price_lists.pdf	40	35fe0a602ea5	900x600	b6d037bcc373	900x600	0.1202		
pdf_catalogue_35_photos_5_price_lists.pdf	40	35fe0a602ea5	900x600	ffef5493833b	900x600	0.1422		
pdf_catalogue_35_photos_5_price_lists.pdf	40	35fe0a602ea5	900x600	9a1c0ba5f2ed	900x600	0.1089		
pdf_catalogue_35_photos_5_price_lists.pdf	40	35fe0a602ea5	900x600	d99b4937ca16	900x600	0.1259		
pdf_catalogue_35_photos_5_price_lists.pdf	40	35fe0a602ea5	900x600	41e6a1bf8d6e	900x600	0.1365		
pdf_catalogue_35_photos_5_price_lists.pdf	40	cda00c205efb	900x600	5ff27c772816	900x600	0.0302		
pdf_catalogue_35_photos_5_price_lists.pdf	40	cda00c205efb	900x600	82d1d50f500f	900x600	0.0601		
pdf_catalogue_35_photos_5_price_lists.pdf	40	cda00c205efb	900x600	225b620ef9f6	900x600	0.0849		
pdf_catalogue_35_photos_5_price_lists.pdf	40	cda00c205efb	900x600	8ed056a2c334	900x600	0.0897		
pdf_catalogue_35_photos_5_price_lists.pdf	40	cda00c205efb	900x600	62e586224cf3	900x600	0.1084		
pdf_catalogue_35_photos_5_price_lists.pdf	40	cda00c205efb	900x600	e48d9cb26bb5	900x600	0.0997		
pdf_catalogue_35_photos_5_price_lists.pdf	40	cda00c205efb	900x600	88d66ec7663b	900x600	0.1092		
pdf_catalogue_35_photos_5_price_lists.pdf	40	cda00c205efb	900x600	d8ac46f70c55	900x600	0.1225		
pdf_catalogue_35_photos_5_price_lists.pdf	40	cda00c205efb	900x600	28b25ce6a609	900x600	0.1380		
pdf_catalogue_35_photos_5_price_lists.pdf	40	cda00c205efb	900x600	7c72af4b1dff	900x600	0.1501		
pdf_catalogue_35_photos_5_price_lists.pdf	40	cda00c205efb	900x600	eb81455a73b9	900x600	0.1639		
pdf_catalogue_35_photos_5_price_lists.pdf	40	cda00c205efb	900x600	a40c5361ba9f	900x600	0.0641		
pdf_catalogue_35_photos_5_price_lists.pdf	40	cda00c205efb	900x600	acbce92c0fc9	900x600	0.0282		
pdf_catalogue_35_photos_5_price_lists.pdf	40	cda00c205efb	900x600	675334ce7a1f	900x600	0.0514		
pdf_catalogue_35_photos_5_price_lists.pdf	40	cda00c205efb	900x600	91596d93461e	900x600	0.0754		
pdf_catalogue_35_photos_5_price_lists.pdf	40	cda00c205efb	900x600	b484846a948c	900x600	0.0752		
pdf_catalogue_35_photos_5_price_lists.pdf	40	cda00c205efb	900x600	8f50bc9cca28	900x600	0.0938		
pdf_catalogue_35_photos_5_price_lists.pdf	40	cda00c205efb	900x600	944a03bfabec	900x600	0.0840		
pdf_catalogue_35_photos_5_price_lists.pdf	40	cda00c205efb	900x600	3f47b62aff9c	900x600	0.0998		
pdf_catalogue_35_photos_5_price_lists.pdf	40	cda00c205efb	900x600	bec183c2d27a	900x600	0.1268		
pdf_catalogue_35_photos_5_price_lists.pdf	40	cda00c205efb	900x600	e8e7c0f3627a	900x600	0.1388		
pdf_catalogue_35_photos_5_price_lists.pdf	40	cda00c205efb	900x600	6c1db05f7451	900x600	0.1544		
pdf_catalogue_35_photos_5_price_lists.pdf	40	cda00c205efb	900x600	1ff20ce29af5	900x600	0.1686		
pdf_catalogue_35_photos_5_price_lists.pdf	40	cda00c205efb	900x600	b1bddda639c7	900x600	0.1184		
pdf_catalogue_35_photos_5_price_lists.pdf	40	cda00c205efb	900x600	0beb67b5a793	900x600	0.0367		
pdf_catalogue_35_photos_5_price_lists.pdf	40	cda00c205efb	900x600	6593c3212f1a	900x600	0.0585		
pdf_catalogue_35_photos_5_price_lists.pdf	40	cda00c205efb	900x600	7835f55e1038	900x600	0.0544		
pdf_catalogue_35_photos_5_price_lists.pdf	40	cda00c205efb	900x600	ab8d25421874	900x600	0.0761		
pdf_catalogue_35_photos_5_price_lists.pdf	40	cda00c205efb	900x600	b6d037bcc373	900x600	0.0983		
pdf_catalogue_35_photos_5_price_lists.pdf	40	cda00c205efb	900x600	ffef5493833b	900x600	0.1205		
pdf_catalogue_35_photos_5_price_lists.pdf	40	cda00c205efb	900x600	9a1c0ba5f2ed	900x600	0.0995		
pdf_catalogue_35_photos_5_price_lists.pdf	40	cda00c205efb	900x600	d99b4937ca16	900x600	0.1163		
pdf_catalogue_35_photos_5_price_lists.pdf	40	cda00c205efb	900x600	41e6a1bf8d6e	900x600	0.1271		
pdf_catalogue_35_photos_5_price_lists.pdf	40	5ff27c772816	900x600	82d1d50f500f	900x600	0.0312		
pdf_catalogue_35_photos_5_price_lists.pdf	40	5ff27c772816	900x600	225b620ef9f6	900x600	0.0641		
pdf_catalogue_35_photos_5_price_lists.pdf	40	5ff27c772816	900x600	8ed056a2c334	900x600	0.0681		
pdf_catalogue_35_photos_5_price_lists.pdf	40	5ff27c772816	900x600	62e586224cf3	900x600	0.0867		
pdf_catalogue_35_photos_5_price_lists.pdf	40	5ff27c772816	900x600	e48d9cb26bb5	900x600	0.0828		
pdf_catalogue_35_photos_5_price_lists.pdf	40	5ff27c772816	900x600	88d66ec7663b	900x600	0.0934		
pdf_catalogue_35_photos_5_price_lists.pdf	40	5ff27c772816	900x600	d8ac46f70c55	900x600	0.1059		
pdf_catalogue_35_photos_5_price_lists.pdf	40	5ff27c772816	900x600	28b25ce6a609	900x600	0.1215		
pdf_catalogue_35_photos_5_price_lists.pdf	40	5ff27c772816	900x600	7c72af4b1dff	900x600	0.1336		
pdf_catalogue_35_photos_5_price_lists.pdf	40	5ff27c772816	900x600	eb81455a73b9	900x600	0.1474		
pdf_catalogue_35_photos_5_price_lists.pdf	40	5ff27c772816	900x600	a40c5361ba9f	900x600	0.0656		
pdf_catalogue_35_photos_5_price_lists.pdf	40	5ff27c772816	900x600	acbce92c0fc9	900x600	0.0548		
pdf_catalogue_35_photos_5_price_lists.pdf	40	5ff27c772816	900x600	675334ce7a1f	900x600	0.0299		
pdf_catalogue_35_photos_5_price_lists.pdf	40	5ff27c772816	900x600	91596d93461e	900x600	0.0536		
pdf_catalogue_35_photos_5_price_lists.pdf	40	5ff27c772816	900x600	b484846a948c	900x600	0.0563		
pdf_catalogue_35_photos_5_price_lists.pdf	40	5ff27c772816	900x600	8f50bc9cca28	900x600	0.0740		
pdf_catalogue_35_photos_5_price_lists.pdf	40	5ff27c772816	900x600	944a03bfabec	900x600	0.0675		
pdf_catalogue_35_photos_5_price_lists.pdf	40	5ff27c772816	900x600	3f47b62aff9c	900x600	0.0832		
pdf_catalogue_35_photos_5_price_lists.pdf	40	5ff27c772816	900x600	bec183c2d27a	900x600	0.1106		
pdf_catalogue_35_photos_5_price_lists.pdf	40	5ff27c772816	900x600	e8e7c0f3627a	900x600	0.1224		
pdf_catalogue_35_photos_5_price_lists.pdf	40	5ff27c772816	900x600	6c1db05f7451	900x600	0.1379		
pdf_catalogue_35_photos_5_price_lists.pdf	40	5ff27c772816	900x600	1ff20ce29af5	900x600	0.1521		
pdf_catalogue_35_photos_5_price_lists.pdf	40	5ff27c772816	900x600	b1bddda639c7	900x600	0.0967		
pdf_catalogue_35_photos_5_price_lists.pdf	40	5ff27c772816	900x600	0beb67b5a793	900x600	0.0510		
pdf_catalogue_35_photos_5_price_lists.pdf	40	5ff27c772816	900x600	6593c3212f1a	900x600	0.0372		
pdf_catalogue_35_photos_5_price_lists.pdf	40	5ff27c772816	900x600	7835f55e1038	900x600	0.0575		
pdf_catalogue_35_photos_5_price_lists.pdf	40	5ff27c772816	900x600	ab8d25421874	900x600	0.0545		
pdf_catalogue_35_photos_5_price_lists.pdf	40	5ff27c772816	900x600	b6d037bcc373	900x600	0.0765		
pdf_catalogue_35_photos_5_price_lists.pdf	40	5ff27c772816	900x600	ffef5493833b	900x600	0.0989		
pdf_catalogue_35_photos_5_price_lists.pdf	40	5ff27c772816	900x600	9a1c0ba5f2ed	900x600	0.0829		
pdf_catalogue_35_photos_5_price_lists.pdf	40	5ff27c772816	900x600	d99b4937ca16	900x600	0.0999		
pdf_catalogue_35_photos_5_price_lists.pdf	40	5ff27c772816	900x600	41e6a1bf8d6e	900x600	0.1105		
pdf_catalogue_35_photos_5_price_lists.pdf	40	82d1d50f500f	900x600	225b620ef9f6	900x600	0.0429		
pdf_catalogue_35_photos_5_price_lists.pdf	40	82d1d50f500f	900x600	8ed056a2c334	900x600	0.0933		
pdf_catalogue_35_photos_5_price_lists.pdf	40	82d1d50f500f	900x600	62e586224cf3	900x600	0.0668		
pdf_catalogue_35_photos_5_price_lists.pdf	40	82d1d50f500f	900x600	e48d9cb26bb5	900x600	0.0694		
pdf_catalogue_35_photos_5_price_lists.pdf	40	82d1d50f500f	900x600	88d66ec7663b	900x600	0.0803		
pdf_catalogue_35_photos_5_price_lists.pdf	40	82d1d50f500f	900x600	d8ac46f70c55	900x600	0.1028		
pdf_catalogue_35_photos_5_price_lists.pdf	40	82d1d50f500f	900x600	28b25ce6a609	900x600	0.1082		
pdf_catalogue_35_photos_5_price_lists.pdf	40	82d1d50f500f	900x600	7c72af4b1dff	900x600	0.1204		
pdf_catalogue_35_photos_5_price_lists.pdf	40	82d1d50f500f	900x600	eb81455a73b9	900x600	0.1343		
pdf_catalogue_35_photos_5_price_lists.pdf	40	82d1d50f500f	900x600	a40c5361ba9f	900x600	0.0838		
pdf_catalogue_35_photos_5_price_lists.pdf	40	82d1d50f500f	900x600	acbce92c0fc9	900x600	0.0830		
pdf_catalogue_35_photos_5_price_lists.pdf	40	82d1d50f500f	900x600	675334ce7a1f	900x600	0.0560		
pdf_catalogue_35_photos_5_price_lists.pdf	40	82d1d50f500f	900x600	91596d93461e	900x600	0.0321		
pdf_catalogue_35_photos_5_price_lists.pdf	40	82d1d50f500f	900x600	b484846a948c	900x600	0.0381		
pdf_catalogue_35_photos_5_price_lists.pdf	40	82d1d50f500f	900x600	8f50bc9cca28	900x600	0.0553		
pdf_catalogue_35_photos_5_price_lists.pdf	40	82d1d50f500f	900x600	944a03bfabec	900x600	0.0959		
pdf_catalogue_35_photos_5_price_lists.pdf	40	82d1d50f500f	900x600	3f47b62aff9c	900x600	0.0705		
pdf_catalogue_35_photos_5_price_lists.pdf	40	82d1d50f500f	900x600	bec183c2d27a	900x600	0.0974		
pdf_catalogue_35_photos_5_price_lists.pdf	40	82d1d50f500f	900x600	e8e7c0f3627a	900x600	0.1090		
pdf_catalogue_35_photos_5_price_lists.pdf	40	82d1d50f500f	900x600	6c1db05f7451	900x600	0.1247		
pdf_catalogue_35_photos_5_price_lists.pdf	40	82d1d50f500f	900x600	1ff20ce29af5	900x600	0.1387		
pdf_catalogue_35_photos_5_price_lists.pdf	40	82d1d50f500f	900x600	b1bddda639c7	900x600	0.0746		
pdf_catalogue_35_photos_5_price_lists.pdf	40	82d1d50f500f	900x600	0beb67b5a793	900x600	0.0691		
pdf_catalogue_35_photos_5_price_lists.pdf	40	82d1d50f500f	900x600	6593c3212f1a	900x600	0.0510		
pdf_catalogue_35_photos_5_price_lists.pdf	40	82d1d50f500f	900x600	7835f55e1038	900x600	0.0851		
pdf_catalogue_35_photos_5_price_lists.pdf	40	82d1d50f500f	900x600	ab8d25421874	900x600	0.0570		
pdf_catalogue_35_photos_5_price_lists.pdf	40	82d1d50f500f	900x600	b6d037bcc373	900x600	0.0549		
pdf_catalogue_35_photos_5_price_lists.pdf	40	82d1d50f500f	900x600	ffef5493833b	900x600	0.0767		
pdf_catalogue_35_photos_5_price_lists.pdf	40	82d1d50f500f	900x600	9a1c0ba5f2ed	900x600	0.0829		
pdf_catalogue_35_photos_5_price_lists.pdf	40	82d1d50f500f	900x600	d99b4937ca16	900x600	0.0944		
pdf_catalogue_35_photos_5_price_lists.pdf	40	82d1d50f500f	900x600	41e6a1bf8d6e	900x600	0.0973		
pdf_catalogue_35_photos_5_price_lists.pdf	40	225b620ef9f6	900x600	8ed056a2c334	900x600	0.1117		
pdf_catalogue_35_photos_5_price_lists.pdf	40	225b620ef9f6	900x600	62e586224cf3	900x600	0.0915		
pdf_catalogue_35_photos_5_price_lists.pdf	40	225b620ef9f6	900x600	e48d9cb26bb5	900x600	0.0697		
pdf_catalogue_35_photos_5_price_lists.pdf	40	225b620ef9f6	900x600	88d66ec7663b	900x600	0.0678		
pdf_catalogue_35_photos_5_price_lists.pdf	40	225b620ef9f6	900x600	d8ac46f70c55	900x600	0.1214		
pdf_catalogue_35_photos_5_price_lists.pdf	40	225b620ef9f6	900x600	28b25ce6a609	900x600	0.1023		
pdf_catalogue_35_photos_5_price_lists.pdf	40	225b620ef9f6	900x600	7c72af4b1dff	900x600	0.1086		
pdf_catalogue_35_photos_5_price_lists.pdf	40	225b620ef9f6	900x600	eb81455a73b9	900x600	0.1225		
pdf_catalogue_35_photos_5_price_lists.pdf	40	225b620ef9f6	900x600	a40c5361ba9f	900x600	0.1035		
pdf_catalogue_35_photos_5_price_lists.pdf	40	225b620ef9f6	900x600	acbce92c0fc9	900x600	0.1079		
pdf_catalogue_35_photos_5_price_lists.pdf	40	225b620ef9f6	900x600	675334ce7a1f	900x600	0.0888		
pdf_catalogue_35_photos_5_price_lists.pdf	40	225b620ef9f6	900x600	91596d93461e	900x600	0.0726		
pdf_catalogue_35_photos_5_price_lists.pdf	40	225b620ef9f6	900x600	b484846a948c	900x600	0.0296		
pdf_catalogue_35_photos_5_price_lists.pdf	40	225b620ef9f6	900x600	8f50bc9cca28	900x600	0.0364		
pdf_catalogue_35_photos_5_price_lists.pdf	40	225b620ef9f6	900x600	944a03bfabec	900x600	0.1212		
pdf_catalogue_35_photos_5_price_lists.pdf	40	225b620ef9f6	900x600	3f47b62aff9c	900x600	0.0979		
pdf_catalogue_35_photos_5_price_lists.pdf	40	225b620ef9f6	900x600	bec183c2d27a	900x600	0.0851		
pdf_catalogue_35_photos_5_price_lists.pdf	40	225b620ef9f6	900x600	e8e7c0f3627a	900x600	0.0973		
pdf_catalogue_35_photos_5_price_lists.pdf	40	225b620ef9f6	900x600	6c1db05f7451	900x600	0.1266		
pdf_catalogue_35_photos_5_price_lists.pdf	40	225b620ef9f6	900x600	1ff20ce29af5	900x600	0.1270		
pdf_catalogue_35_photos_5_price_lists.pdf	40	225b620ef9f6	900x600	b1bddda639c7	900x600	0.0869		
pdf_catalogue_35_photos_5_price_lists.pdf	40	225b620ef9f6	900x600	0beb67b5a793	900x600	0.0885		
pdf_catalogue_35_photos_5_price_lists.pdf	40	225b620ef9f6	900x600	6593c3212f1a	900x600	0.0692		
pdf_catalogue_35_photos_5_price_lists.pdf	40	225b620ef9f6	900x600	7835f55e1038	900x600	0.1174		
pdf_catalogue_35_photos_5_price_lists.pdf	40	225b620ef9f6	900x600	ab8d25421874	900x600	0.0961		
pdf_catalogue_35_photos_5_price_lists.pdf	40	225b620ef9f6	900x600	b6d037bcc373	900x600	0.0572		
pdf_catalogue_35_photos_5_price_lists.pdf	40	225b620ef9f6	900x600	ffef5493833b	900x600	0.0565		
pdf_catalogue_35_photos_5_price_lists.pdf	40	225b620ef9f6	900x600	9a1c0ba5f2ed	900x600	0.0997		
pdf_catalogue_35_photos_5_price_lists.pdf	40	225b620ef9f6	900x600	d99b4937ca16	900x600	0.1267		
pdf_catalogue_35_photos_5_price_lists.pdf	40	225b620ef9f6	900x600	41e6a1bf8d6e	900x600	0.1053		
pdf_catalogue_35_photos_5_price_lists.pdf	40	8ed056a2c334	900x600	62e586224cf3	900x600	0.0279		
pdf_catalogue_35_photos_5_price_lists.pdf	40	8ed056a2c334	900x600	e48d9cb26bb5	900x600	0.0933		
pdf_catalogue_35_photos_5_price_lists.pdf	40	8ed056a2c334	900x600	88d66ec7663b	900x600	0.1045		
pdf_catalogue_35_photos_5_price_lists.pdf	40	8ed056a2c334	900x600	d8ac46f70c55	900x600	0.0667		
pdf_catalogue_35_photos_5_price_lists.pdf	40	8ed056a2c334	900x600	28b25ce6a609	900x600	0.0820		
pdf_catalogue_35_photos_5_price_lists.pdf	40	8ed056a2c334	900x600	7c72af4b1dff	900x600	0.0943		
pdf_catalogue_35_photos_5_price_lists.pdf	40	8ed056a2c334	900x600	eb81455a73b9	900x600	0.1082		
pdf_catalogue_35_photos_5_price_lists.pdf	40	8ed056a2c334	900x600	a40c5361ba9f	900x600	0.1258		
pdf_catalogue_35_photos_5_price_lists.pdf	40	8ed056a2c334	900x600	acbce92c0fc9	900x600	0.0893		
pdf_catalogue_35_photos_5_price_lists.pdf	40	8ed056a2c334	900x600	675334ce7a1f	900x600	0.0679		
pdf_catalogue_35_photos_5_price_lists.pdf	40	8ed056a2c334	900x600	91596d93461e	900x600	0.0625		
pdf_catalogue_35_photos_5_price_lists.pdf	40	8ed056a2c334	900x600	b484846a948c	900x600	0.0847		
pdf_catalogue_35_photos_5_price_lists.pdf	40	8ed056a2c334	900x600	8f50bc9cca28	900x600	0.1040		
pdf_catalogue_35_photos_5_price_lists.pdf	40	8ed056a2c334	900x600	944a03bfabec	900x600	0.1277		
pdf_catalogue_35_photos_5_price_lists.pdf	40	8ed056a2c334	900x600	3f47b62aff9c	900x600	0.1044		
pdf_catalogue_35_photos_5_price_lists.pdf	40	8ed056a2c334	900x600	bec183c2d27a	900x600	0.0767		
pdf_catalogue_35_photos_5_price_lists.pdf	40	8ed056a2c334	900x600	e8e7c0f3627a	900x600	0.0968		
pdf_catalogue_35_photos_5_price_lists.pdf	40	8ed056a2c334	900x600	6c1db05f7451	900x600	0.0985		
pdf_catalogue_35_photos_5_price_lists.pdf	40	8ed056a2c334	900x600	1ff20ce29af5	900x600	0.1126		
pdf_catalogue_35_photos_5_price_lists.pdf	40	8ed056a2c334	900x600	b1bddda639c7	900x600	0.0845		
pdf_catalogue_35_photos_5_price_lists.pdf	40	8ed056a2c334	900x600	0beb67b5a793	900x600	0.1113		
pdf_catalogue_35_photos_5_price_lists.pdf	40	8ed056a2c334	900x600	6593c3212f1a	900x600	0.0921		
pdf_catalogue_35_photos_5_price_lists.pdf	40	8ed056a2c334	900x600	7835f55e1038	900x600	0.0534		
pdf_catalogue_35_photos_5_price_lists.pdf	40	8ed056a2c334	900x600	ab8d25421874	900x600	0.0393		
pdf_catalogue_35_photos_5_price_lists.pdf	40	8ed056a2c334	900x600	b6d037bcc373	900x600	0.0567		
pdf_catalogue_35_photos_5_price_lists.pdf	40	8ed056a2c334	900x600	ffef5493833b	900x600	0.0723		
pdf_catalogue_35_photos_5_price_lists.pdf	40	8ed056a2c334	900x600	9a1c0ba5f2ed	900x600	0.1231		
pdf_catalogue_35_photos_5_price_lists.pdf	40	8ed056a2c334	900x600	d99b4937ca16	900x600	0.1044		
pdf_catalogue_35_photos_5_price_lists.pdf	40	8ed056a2c334	900x600	41e6a1bf8d6e	900x600	0.0846		
pdf_catalogue_35_photos_5_price_lists.pdf	40	62e586224cf3	900x600	e48d9cb26bb5	900x600	0.1090		
pdf_catalogue_35_photos_5_price_lists.pdf	40	62e586224cf3	900x600	88d66ec7663b	900x600	0.0897		
pdf_catalogue_35_photos_5_price_lists.pdf	40	62e586224cf3	900x600	d8ac46f70c55	900x600	0.0683		
pdf_catalogue_35_photos_5_price_lists.pdf	40	62e586224cf3	900x600	28b25ce6a609	900x600	0.0694		
pdf_catalogue_35_photos_5_price_lists.pdf	40	62e586224cf3	900x600	7c72af4b1dff	900x600	0.0815		
pdf_catalogue_35_photos_5_price_lists.pdf	40	62e586224cf3	900x600	eb81455a73b9	900x600	0.0955		
pdf_catalogue_35_photos_5_price_lists.pdf	40	62e586224cf3	900x600	a40c5361ba9f	900x600	0.1413		
pdf_catalogue_35_photos_5_price_lists.pdf	40	62e586224cf3	900x600	acbce92c0fc9	900x600	0.1052		
pdf_catalogue_35_photos_5_price_lists.pdf	40	62e586224cf3	900x600	675334ce7a1f	900x600	0.0842		
pdf_catalogue_35_photos_5_price_lists.pdf	40	62e586224cf3	900x600	91596d93461e	900x600	0.0631		
pdf_catalogue_35_photos_5_price_lists.pdf	40	62e586224cf3	900x600	b484846a948c	900x600	0.0647		
pdf_catalogue_35_photos_5_price_lists.pdf	40	62e586224cf3	900x600	8f50bc9cca28	900x600	0.0819		
pdf_catalogue_35_photos_5_price_lists.pdf	40	62e586224cf3	900x600	944a03bfabec	900x600	0.1464		
pdf_catalogue_35_photos_5_price_lists.pdf	40	62e586224cf3	900x600	3f47b62aff9c	900x600	0.1230		
pdf_catalogue_35_photos_5_price_lists.pdf	40	62e586224cf3	900x600	bec183c2d27a	900x600	0.0797		
pdf_catalogue_35_photos_5_price_lists.pdf	40	62e586224cf3	900x600	e8e7c0f3627a	900x600	0.0750		
pdf_catalogue_35_photos_5_price_lists.pdf	40	62e586224cf3	900x600	6c1db05f7451	900x600	0.0856		
pdf_catalogue_35_photos_5_price_lists.pdf	40	62e586224cf3	900x600	1ff20ce29af5	900x600	0.1000		
pdf_catalogue_35_photos_5_price_lists.pdf	40	62e586224cf3	900x600	b1bddda639c7	900x600	0.0962		
pdf_catalogue_35_photos_5_price_lists.pdf	40	62e586224cf3	900x600	0beb67b5a793	900x600	0.1272		
pdf_catalogue_35_photos_5_price_lists.pdf	40	62e586224cf3	900x600	6593c3212f1a	900x600	0.1077		
pdf_catalogue_35_photos_5_price_lists.pdf	40	62e586224cf3	900x600	7835f55e1038	900x600	0.0689		
pdf_catalogue_35_photos_5_price_lists.pdf	40	62e586224cf3	900x600	ab8d25421874	900x600	0.0501		
pdf_catalogue_35_photos_5_price_lists.pdf	40	62e586224cf3	900x600	b6d037bcc373	900x600	0.0365		
pdf_catalogue_35_photos_5_price_lists.pdf	40	62e586224cf3	900x600	ffef5493833b	900x600	0.0510		
pdf_catalogue_35_photos_5_price_lists.pdf	40	62e586224cf3	900x600	9a1c0ba5f2ed	900x600	0.1389		
pdf_catalogue_35_photos_5_price_lists.pdf	40	62e586224cf3	900x600	d99b4937ca16	900x600	0.1208		
pdf_catalogue_35_photos_5_price_lists.pdf	40	62e586224cf3	900x600	41e6a1bf8d6e	900x600	0.1007		
pdf_catalogue_35_photos_5_price_lists.pdf	40	8835050b8851	916x624	45ed29917548	916x624	0.0005	0.7887	
pdf_catalogue_35_photos_5_price_lists.pdf	40	8835050b8851	916x624	e5dca898efb7	916x624	0.0005	0.7728	
pdf_catalogue_35_photos_5_price_lists.pdf	40	8835050b8851	916x624	2e177af80328	916x624	0.0005	0.7814	
pdf_catalogue_35_photos_5_price_lists.pdf	40	e48d9cb26bb5	900x600	88d66ec7663b	900x600	0.0443		
pdf_catalogue_35_photos_5_price_lists.pdf	40	e48d9cb26bb5	900x600	d8ac46f70c55	900x600	0.0930		
pdf_catalogue_35_photos_5_price_lists.pdf	40	e48d9cb26bb5	900x600	28b25ce6a609	900x600	0.0683		
pdf_catalogue_35_photos_5_price_lists.pdf	40	e48d9cb26bb5	900x600	7c72af4b1dff	900x600	0.0882		
pdf_catalogue_35_photos_5_price_lists.pdf	40	e48d9cb26bb5	900x600	eb81455a73b9	900x600	0.1103		
pdf_catalogue_35_photos_5_price_lists.pdf	40	e48d9cb26bb5	900x600	a40c5361ba9f	900x600	0.1171		
pdf_catalogue_35_photos_5_price_lists.pdf	40	e48d9cb26bb5	900x600	acbce92c0fc9	900x600	0.0901		
pdf_catalogue_35_photos_5_price_lists.pdf	40	e48d9cb26bb5	900x600	675334ce7a1f	900x600	0.0782		
pdf_catalogue_35_photos_5_price_lists.pdf	40	e48d9cb26bb5	900x600	91596d93461e	900x600	0.0718		
pdf_catalogue_35_photos_5_price_lists.pdf	40	e48d9cb26bb5	900x600	b484846a948c	900x600	0.0869		
pdf_catalogue_35_photos_5_price_lists.pdf	40	e48d9cb26bb5	900x600	8f50bc9cca28	900x600	0.1053		
pdf_catalogue_35_photos_5_price_lists.pdf	40	e48d9cb26bb5	900x600	944a03bfabec	900x600	0.0863		
pdf_catalogue_35_photos_5_price_lists.pdf	40	e48d9cb26bb5	900x600	3f47b62aff9c	900x600	0.0558		
pdf_catalogue_35_photos_5_price_lists.pdf	40	e48d9cb26bb5	900x600	bec183c2d27a	900x600	0.0338		
pdf_catalogue_35_photos_5_price_lists.pdf	40	e48d9cb26bb5	900x600	e8e7c0f3627a	900x600	0.0556		
pdf_catalogue_35_photos_5_price_lists.pdf	40	e48d9cb26bb5	900x600	6c1db05f7451	900x600	0.0913		
pdf_catalogue_35_photos_5_price_lists.pdf	40	e48d9cb26bb5	900x600	1ff20ce29af5	900x600	0.0935		
pdf_catalogue_35_photos_5_price_lists.pdf	40	e48d9cb26bb5	900x600	b1bddda639c7	900x600	0.1246		
pdf_catalogue_35_photos_5_price_lists.pdf	40	e48d9cb26bb5	900x600	0beb67b5a793	900x600	0.1136		
pdf_catalogue_35_photos_5_price_lists.pdf	40	e48d9cb26bb5	900x600	6593c3212f1a	900x600	0.0972		
pdf_catalogue_35_photos_5_price_lists.pdf	40	e48d9cb26bb5	900x600	7835f55e1038	900x600	0.0754		
pdf_catalogue_35_photos_5_price_lists.pdf	40	e48d9cb26bb5	900x600	ab8d25421874	900x600	0.0728		
pdf_catalogue_35_photos_5_price_lists.pdf	40	e48d9cb26bb5	900x600	b6d037bcc373	900x600	0.0949		
pdf_catalogue_35_photos_5_price_lists.pdf	40	e48d9cb26bb5	900x600	ffef5493833b	900x600	0.1170		
pdf_catalogue_35_photos_5_price_lists.pdf	40	e48d9cb26bb5	900x600	9a1c0ba5f2ed	900x600	0.0319		
pdf_catalogue_35_photos_5_price_lists.pdf	40	e48d9cb26bb5	900x600	d99b4937ca16	900x600	0.0849		
pdf_catalogue_35_photos_5_price_lists.pdf	40	e48d9cb26bb5	900x600	41e6a1bf8d6e	900x600	0.0571		
pdf_catalogue_35_photos_5_price_lists.pdf	40	88d66ec7663b	900x600	d8ac46f70c55	900x600	0.1135		
pdf_catalogue_35_photos_5_price_lists.pdf	40	88d66ec7663b	900x600	28b25ce6a609	900x600	0.0949		
pdf_catalogue_35_photos_5_price_lists.pdf	40	88d66ec7663b	900x600	7c72af4b1dff	900x600	0.0738		
pdf_catalogue_35_photos_5_price_lists.pdf	40	88d66ec7663b	900x600	eb81455a73b9	900x600	0.0883		
pdf_catalogue_35_photos_5_price_lists.pdf	40	88d66ec7663b	900x600	a40c5361ba9f	900x600	0.1244		
pdf_catalogue_35_photos_5_price_lists.pdf	40	88d66ec7663b	900x600	acbce92c0fc9	900x600	0.1007		
pdf_catalogue_35_photos_5_price_lists.pdf	40	88d66ec7663b	900x600	675334ce7a1f	900x600	0.0879		
pdf_catalogue_35_photos_5_price_lists.pdf	40	88d66ec7663b	900x600	91596d93461e	900x600	0.0733		
pdf_catalogue_35_photos_5_price_lists.pdf	40	88d66ec7663b	900x600	b484846a948c	900x600	0.0684		
pdf_catalogue_35_photos_5_price_lists.pdf	40	88d66ec7663b	900x600	8f50bc9cca28	900x600	0.0860		
pdf_catalogue_35_photos_5_price_lists.pdf	40	88d66ec7663b	900x600	944a03bfabec	900x600	0.1133		
pdf_catalogue_35_photos_5_price_lists.pdf	40	88d66ec7663b	900x600	3f47b62aff9c	900x600	0.0902		
pdf_catalogue_35_photos_5_price_lists.pdf	40	88d66ec7663b	900x600	bec183c2d27a	900x600	0.0288		
pdf_catalogue_35_photos_5_price_lists.pdf	40	88d66ec7663b	900x600	e8e7c0f3627a	900x600	0.0362		
pdf_catalogue_35_photos_5_price_lists.pdf	40	88d66ec7663b	900x600	6c1db05f7451	900x600	0.1186		
pdf_catalogue_35_photos_5_price_lists.pdf	40	88d66ec7663b	900x600	1ff20ce29af5	900x600	0.1005		
pdf_catalogue_35_photos_5_price_lists.pdf	40	88d66ec7663b	900x600	b1bddda639c7	900x600	0.1351		
pdf_catalogue_35_photos_5_price_lists.pdf	40	88d66ec7663b	900x600	0beb67b5a793	900x600	0.1204		
pdf_catalogue_35_photos_5_price_lists.pdf	40	88d66ec7663b	900x600	6593c3212f1a	900x600	0.1055		
pdf_catalogue_35_photos_5_price_lists.pdf	40	88d66ec7663b	900x600	7835f55e1038	900x600	0.1096		
pdf_catalogue_35_photos_5_price_lists.pdf	40	88d66ec7663b	900x600	ab8d25421874	900x600	0.0883		
pdf_catalogue_35_photos_5_price_lists.pdf	40	88d66ec7663b	900x600	b6d037bcc373	900x600	0.0730		
pdf_catalogue_35_photos_5_price_lists.pdf	40	88d66ec7663b	900x600	ffef5493833b	900x600	0.0948		
pdf_catalogue_35_photos_5_price_lists.pdf	40	88d66ec7663b	900x600	9a1c0ba5f2ed	900x600	0.0503		
pdf_catalogue_35_photos_5_price_lists.pdf	40	88d66ec7663b	900x600	d99b4937ca16	900x600	0.1187		
pdf_catalogue_35_photos_5_price_lists.pdf	40	88d66ec7663b	900x600	41e6a1bf8d6e	900x600	0.0976		
pdf_catalogue_35_photos_5_price_lists.pdf	40	d8ac46f70c55	900x600	28b25ce6a609	900x600	0.0267		
pdf_catalogue_35_photos_5_price_lists.pdf	40	d8ac46f70c55	900x600	7c72af4b1dff	900x600	0.0553		
pdf_catalogue_35_photos_5_price_lists.pdf	40	d8ac46f70c55	900x600	eb81455a73b9	900x600	0.0864		
pdf_catalogue_35_photos_5_price_lists.pdf	40	d8ac46f70c55	900x600	a40c5361ba9f	900x600	0.1375		
pdf_catalogue_35_photos_5_price_lists.pdf	40	d8ac46f70c55	900x600	acbce92c0fc9	900x600	0.1118		
pdf_catalogue_35_photos_5_price_lists.pdf	40	d8ac46f70c55	900x600	675334ce7a1f	900x600	0.1006		
pdf_catalogue_35_photos_5_price_lists.pdf	40	d8ac46f70c55	900x600	91596d93461e	900x600	0.0857		
pdf_catalogue_35_photos_5_price_lists.pdf	40	d8ac46f70c55	900x600	b484846a948c	900x600	0.0937		
pdf_catalogue_35_photos_5_price_lists.pdf	40	d8ac46f70c55	900x600	8f50bc9cca28	900x600	0.1139		
pdf_catalogue_35_photos_5_price_lists.pdf	40	d8ac46f70c55	900x600	944a03bfabec	900x600	0.0876		
pdf_catalogue_35_photos_5_price_lists.pdf	40	d8ac46f70c55	900x600	3f47b62aff9c	900x600	0.0642		
pdf_catalogue_35_photos_5_price_lists.pdf	40	d8ac46f70c55	900x600	bec183c2d27a	900x600	0.0857		
pdf_catalogue_35_photos_5_price_lists.pdf	40	d8ac46f70c55	900x600	e8e7c0f3627a	900x600	0.1063		
pdf_catalogue_35_photos_5_price_lists.pdf	40	d8ac46f70c55	900x600	6c1db05f7451	900x600	0.0328		
pdf_catalogue_35_photos_5_price_lists.pdf	40	d8ac46f70c55	900x600	1ff20ce29af5	900x600	0.0528		
pdf_catalogue_35_photos_5_price_lists.pdf	40	d8ac46f70c55	900x600	b1bddda639c7	900x600	0.1475		
pdf_catalogue_35_photos_5_price_lists.pdf	40	d8ac46f70c55	900x600	0beb67b5a793	900x600	0.1340		
pdf_catalogue_35_photos_5_price_lists.pdf	40	d8ac46f70c55	900x600	6593c3212f1a	900x600	0.1186		
pdf_catalogue_35_photos_5_price_lists.pdf	40	d8ac46f70c55	900x600	7835f55e1038	900x600	0.0952		
pdf_catalogue_35_photos_5_price_lists.pdf	40	d8ac46f70c55	900x600	ab8d25421874	900x600	0.0819		
pdf_catalogue_35_photos_5_price_lists.pdf	40	d8ac46f70c55	900x600	b6d037bcc373	900x600	0.0698		
pdf_catalogue_35_photos_5_price_lists.pdf	40	d8ac46f70c55	900x600	ffef5493833b	900x600	0.0824		
pdf_catalogue_35_photos_5_price_lists.pdf	40	d8ac46f70c55	900x600	9a1c0ba5f2ed	900x600	0.1100		
pdf_catalogue_35_photos_5_price_lists.pdf	40	d8ac46f70c55	900x600	d99b4937ca16	900x600	0.0530		
pdf_catalogue_35_photos_5_price_lists.pdf	40	d8ac46f70c55	900x600	41e6a1bf8d6e	900x600	0.0388		
pdf_catalogue_35_photos_5_price_lists.pdf	40	28b25ce6a609	900x600	7c72af4b1dff	900x600	0.0294		
pdf_catalogue_35_photos_5_price_lists.pdf	40	28b25ce6a609	900x600	eb81455a73b9	900x600	0.0618		
pdf_catalogue_35_photos_5_price_lists.pdf	40	28b25ce6a609	900x600	a40c5361ba9f	900x600	0.1524		
pdf_catalogue_35_photos_5_price_lists.pdf	40	28b25ce6a609	900x600	acbce92c0fc9	900x600	0.1264		
pdf_catalogue_35_photos_5_price_lists.pdf	40	28b25ce6a609	900x600	675334ce7a1f	900x600	0.1147		
pdf_catalogue_35_photos_5_price_lists.pdf	40	28b25ce6a609	900x600	91596d93461e	900x600	0.1001		
pdf_catalogue_35_photos_5_price_lists.pdf	40	28b25ce6a609	900x600	b484846a948c	900x600	0.0882		
pdf_catalogue_35_photos_5_price_lists.pdf	40	28b25ce6a609	900x600	8f50bc9cca28	900x600	0.0925		
pdf_catalogue_35_photos_5_price_lists.pdf	40	28b25ce6a609	900x600	944a03bfabec	900x600	0.1079		
pdf_catalogue_35_photos_5_price_lists.pdf	40	28b25ce6a609	900x600	3f47b62aff9c	900x600	0.0846		
pdf_catalogue_35_photos_5_price_lists.pdf	40	28b25ce6a609	900x600	bec183c2d27a	900x600	0.0673		
pdf_catalogue_35_photos_5_price_lists.pdf	40	28b25ce6a609	900x600	e8e7c0f3627a	900x600	0.0857		
pdf_catalogue_35_photos_5_price_lists.pdf	40	28b25ce6a609	900x600	6c1db05f7451	900x600	0.0255		
pdf_catalogue_35_photos_5_price_lists.pdf	40	28b25ce6a609	900x600	1ff20ce29af5	900x600	0.0350		
pdf_catalogue_35_photos_5_price_lists.pdf	40	28b25ce6a609	900x600	b1bddda639c7	900x600	0.1619		
pdf_catalogue_35_photos_5_price_lists.pdf	40	28b25ce6a609	900x600	0beb67b5a793	900x600	0.1483		
pdf_catalogue_35_photos_5_price_lists.pdf	40	28b25ce6a609	900x600	6593c3212f1a	900x600	0.1334		
pdf_catalogue_35_photos_5_price_lists.pdf	40	28b25ce6a609	900x600	7835f55e1038	900x600	0.1095		
pdf_catalogue_35_photos_5_price_lists.pdf	40	28b25ce6a609	900x600	ab8d25421874	900x600	0.0962		
pdf_catalogue_35_photos_5_price_lists.pdf	40	28b25ce6a609	900x600	b6d037bcc373	900x600	0.0845		
pdf_catalogue_35_photos_5_price_lists.pdf	40	28b25ce6a609	900x600	ffef5493833b	900x600	0.0686		
pdf_catalogue_35_photos_5_price_lists.pdf	40	28b25ce6a609	900x600	9a1c0ba5f2ed	900x600	0.0885		
pdf_catalogue_35_photos_5_price_lists.pdf	40	28b25ce6a609	900x600	d99b4937ca16	900x600	0.0702		
pdf_catalogue_35_photos_5_price_lists.pdf	40	28b25ce6a609	900x600	41e6a1bf8d6e	900x600	0.0504		
pdf_catalogue_35_photos_5_price_lists.pdf	40	7c72af4b1dff	900x600	eb81455a73b9	900x600	0.0327		
pdf_catalogue_35_photos_5_price_lists.pdf	40	7c72af4b1dff	900x600	a40c5361ba9f	900x600	0.1630		
pdf_catalogue_35_photos_5_price_lists.pdf	40	7c72af4b1dff	900x600	acbce92c0fc9	900x600	0.1370		
pdf_catalogue_35_photos_5_price_lists.pdf	40	7c72af4b1dff	900x600	675334ce7a1f	900x600	0.1255		
pdf_catalogue_35_photos_5_price_lists.pdf	40	7c72af4b1dff	900x600	91596d93461e	900x600	0.1106		
pdf_catalogue_35_photos_5_price_lists.pdf	40	7c72af4b1dff	900x600	b484846a948c	900x600	0.0987		
pdf_catalogue_35_photos_5_price_lists.pdf	40	7c72af4b1dff	900x600	8f50bc9cca28	900x600	0.0860		
pdf_catalogue_35_photos_5_price_lists.pdf	40	7c72af4b1dff	900x600	944a03bfabec	900x600	0.1300		
pdf_catalogue_35_photos_5_price_lists.pdf	40	7c72af4b1dff	900x600	3f47b62aff9c	900x600	0.1065		
pdf_catalogue_35_photos_5_price_lists.pdf	40	7c72af4b1dff	900x600	bec183c2d27a	900x600	0.0633		
pdf_catalogue_35_photos_5_price_lists.pdf	40	7c72af4b1dff	900x600	e8e7c0f3627a	900x600	0.0645		
pdf_catalogue_35_photos_5_price_lists.pdf	40	7c72af4b1dff	900x600	6c1db05f7451	900x600	0.0538		
pdf_catalogue_35_photos_5_price_lists.pdf	40	7c72af4b1dff	900x600	1ff20ce29af5	900x600	0.0290		
pdf_catalogue_35_photos_5_price_lists.pdf	40	7c72af4b1dff	900x600	b1bddda639c7	900x600	0.1725		
pdf_catalogue_35_photos_5_price_lists.pdf	40	7c72af4b1dff	900x600	0beb67b5a793	900x600	0.1589		
pdf_catalogue_35_photos_5_price_lists.pdf	40	7c72af4b1dff	900x600	6593c3212f1a	900x600	0.1439		
pdf_catalogue_35_photos_5_price_lists.pdf	40	7c72af4b1dff	900x600	7835f55e1038	900x600	0.1199		
pdf_catalogue_35_photos_5_price_lists.pdf	40	7c72af4b1dff	900x600	ab8d25421874	900x600	0.1069		
pdf_catalogue_35_photos_5_price_lists.pdf	40	7c72af4b1dff	900x600	b6d037bcc373	900x600	0.0947		
pdf_catalogue_35_photos_5_price_lists.pdf	40	7c72af4b1dff	900x600	ffef5493833b	900x600	0.0793		
pdf_catalogue_35_photos_5_price_lists.pdf	40	7c72af4b1dff	900x600	9a1c0ba5f2ed	900x600	0.1079		
pdf_catalogue_35_photos_5_price_lists.pdf	40	7c72af4b1dff	900x600	d99b4937ca16	900x600	0.0898		
pdf_catalogue_35_photos_5_price_lists.pdf	40	7c72af4b1dff	900x600	41e6a1bf8d6e	900x600	0.0695		
pdf_catalogue_35_photos_5_price_lists.pdf	40	eb81455a73b9	900x600	a40c5361ba9f	900x600	0.1753		
pdf_catalogue_35_photos_5_price_lists.pdf	40	eb81455a73b9	900x600	acbce92c0fc9	900x600	0.1497		
pdf_catalogue_35_photos_5_price_lists.pdf	40	eb81455a73b9	900x600	675334ce7a1f	900x600	0.1381		
pdf_catalogue_35_photos_5_price_lists.pdf	40	eb81455a73b9	900x600	91596d93461e	900x600	0.1234		
pdf_catalogue_35_photos_5_price_lists.pdf	40	eb81455a73b9	900x600	b484846a948c	900x600	0.1111		
pdf_catalogue_35_photos_5_price_lists.pdf	40	eb81455a73b9	900x600	8f50bc9cca28	900x600	0.0987		
pdf_catalogue_35_photos_5_price_lists.pdf	40	eb81455a73b9	900x600	944a03bfabec	900x600	0.1517		
pdf_catalogue_35_photos_5_price_lists.pdf	40	eb81455a73b9	900x600	3f47b62aff9c	900x600	0.1284		
pdf_catalogue_35_photos_5_price_lists.pdf	40	eb81455a73b9	900x600	bec183c2d27a	900x600	0.0853		
pdf_catalogue_35_photos_5_price_lists.pdf	40	eb81455a73b9	900x600	e8e7c0f3627a	900x600	0.0618		
pdf_catalogue_35_photos_5_price_lists.pdf	40	eb81455a73b9	900x600	6c1db05f7451	900x600	0.0849		
pdf_catalogue_35_photos_5_price_lists.pdf	40	eb81455a73b9	900x600	1ff20ce29af5	900x600	0.0597		
pdf_catalogue_35_photos_5_price_lists.pdf	40	eb81455a73b9	900x600	b1bddda639c7	900x600	0.1852		
pdf_catalogue_35_photos_5_price_lists.pdf	40	eb81455a73b9	900x600	0beb67b5a793	900x600	0.1709		
pdf_catalogue_35_photos_5_price_lists.pdf	40	eb81455a73b9	900x600	6593c3212f1a	900x600	0.1566		
pdf_catalogue_35_photos_5_price_lists.pdf	40	eb81455a73b9	900x600	7835f55e1038	900x600	0.1324		
pdf_catalogue_35_photos_5_price_lists.pdf	40	eb81455a73b9	900x600	ab8d25421874	900x600	0.1192		
pdf_catalogue_35_photos_5_price_lists.pdf	40	eb81455a73b9	900x600	b6d037bcc373	900x600	0.1066		
pdf_catalogue_35_photos_5_price_lists.pdf	40	eb81455a73b9	900x600	ffef5493833b	900x600	0.0919		
pdf_catalogue_35_photos_5_price_lists.pdf	40	eb81455a73b9	900x600	9a1c0ba5f2ed	900x600	0.1274		
pdf_catalogue_35_photos_5_price_lists.pdf	40	eb81455a73b9	900x600	d99b4937ca16	900x600	0.1093		
pdf_catalogue_35_photos_5_price_lists.pdf	40	eb81455a73b9	900x600	41e6a1bf8d6e	900x600	0.0893		
pdf_catalogue_35_photos_5_price_lists.pdf	40	a40c5361ba9f	900x600	acbce92c0fc9	900x600	0.0880		
pdf_catalogue_35_photos_5_price_lists.pdf	40	a40c5361ba9f	900x600	675334ce7a1f	900x600	0.0683		
pdf_catalogue_35_photos_5_price_lists.pdf	40	a40c5361ba9f	900x600	91596d93461e	900x600	0.0907		
pdf_catalogue_35_photos_5_price_lists.pdf	40	a40c5361ba9f	900x600	b484846a948c	900x600	0.1211		
pdf_catalogue_35_photos_5_price_lists.pdf	40	a40c5361ba9f	900x600	8f50bc9cca28	900x600	0.1381		
pdf_catalogue_35_photos_5_price_lists.pdf	40	a40c5361ba9f	900x600	944a03bfabec	900x600	0.1004		
pdf_catalogue_35_photos_5_price_lists.pdf	40	a40c5361ba9f	900x600	3f47b62aff9c	900x600	0.1121		
pdf_catalogue_35_photos_5_price_lists.pdf	40	a40c5361ba9f	900x600	bec183c2d27a	900x600	0.1375		
pdf_catalogue_35_photos_5_price_lists.pdf	40	a40c5361ba9f	900x600	e8e7c0f3627a	900x600	0.1496		
pdf_catalogue_35_photos_5_price_lists.pdf	40	a40c5361ba9f	900x600	6c1db05f7451	900x600	0.1650		
pdf_catalogue_35_photos_5_price_lists.pdf	40	a40c5361ba9f	900x600	1ff20ce29af5	900x600	0.1794		
pdf_catalogue_35_photos_5_price_lists.pdf	40	a40c5361ba9f	900x600	b1bddda639c7	900x600	0.1458		
pdf_catalogue_35_photos_5_price_lists.pdf	40	a40c5361ba9f	900x600	0beb67b5a793	900x600	0.0292		
pdf_catalogue_35_photos_5_price_lists.pdf	40	a40c5361ba9f	900x600	6593c3212f1a	900x600	0.0350		
pdf_catalogue_35_photos_5_price_lists.pdf	40	a40c5361ba9f	900x600	7835f55e1038	900x600	0.0968		
pdf_catalogue_35_photos_5_price_lists.pdf	40	a40c5361ba9f	900x600	ab8d25421874	900x600	0.0931		
pdf_catalogue_35_photos_5_price_lists.pdf	40	a40c5361ba9f	900x600	b6d037bcc373	900x600	0.1135		
pdf_catalogue_35_photos_5_price_lists.pdf	40	a40c5361ba9f	900x600	ffef5493833b	900x600	0.1360		
pdf_catalogue_35_photos_5_price_lists.pdf	40	a40c5361ba9f	900x600	9a1c0ba5f2ed	900x600	0.1113		
pdf_catalogue_35_photos_5_price_lists.pdf	40	a40c5361ba9f	900x600	d99b4937ca16	900x600	0.1284		
pdf_catalogue_35_photos_5_price_lists.pdf	40	a40c5361ba9f	900x600	41e6a1bf8d6e	900x600	0.1385		
pdf_catalogue_35_photos_5_price_lists.pdf	40	45ed29917548	916x624	e5dca898efb7	916x624	0.0003	0.7821	
pdf_catalogue_35_photos_5_price_lists.pdf	40	45ed29917548	916x624	2e177af80328	916x624	0.0004	0.7809	
pdf_catalogue_35_photos_5_price_lists.pdf	40	acbce92c0fc9	900x600	675334ce7a1f	900x600	0.0281		
pdf_catalogue_35_photos_5_price_lists.pdf	40	acbce92c0fc9	900x600	91596d93461e	900x600	0.0519		
pdf_catalogue_35_photos_5_price_lists.pdf	40	acbce92c0fc9	900x600	b484846a948c	900x600	0.0840		
pdf_catalogue_35_photos_5_price_lists.pdf	40	acbce92c0fc9	900x600	8f50bc9cca28	900x600	0.1014		
pdf_catalogue_35_photos_5_price_lists.pdf	40	acbce92c0fc9	900x600	944a03bfabec	900x600	0.0677		
pdf_catalogue_35_photos_5_price_lists.pdf	40	acbce92c0fc9	900x600	3f47b62aff9c	900x600	0.0837		
pdf_catalogue_35_photos_5_price_lists.pdf	40	acbce92c0fc9	900x600	bec183c2d27a	900x600	0.1102		
pdf_catalogue_35_photos_5_price_lists.pdf	40	acbce92c0fc9	900x600	e8e7c0f3627a	900x600	0.1222		
pdf_catalogue_35_photos_5_price_lists.pdf	40	acbce92c0fc9	900x600	6c1db05f7451	900x600	0.1378		
pdf_catalogue_35_photos_5_price_lists.pdf	40	acbce92c0fc9	900x600	1ff20ce29af5	900x600	0.1518		
pdf_catalogue_35_photos_5_price_lists.pdf	40	acbce92c0fc9	900x600	b1bddda639c7	900x600	0.1092		
pdf_catalogue_35_photos_5_price_lists.pdf	40	acbce92c0fc9	900x600	0beb67b5a793	900x600	0.0598		
pdf_catalogue_35_photos_5_price_lists.pdf	40	acbce92c0fc9	900x600	6593c3212f1a	900x600	0.0824		
pdf_catalogue_35_photos_5_price_lists.pdf	40	acbce92c0fc9	900x600	7835f55e1038	900x600	0.0369		
pdf_catalogue_35_photos_5_price_lists.pdf	40	acbce92c0fc9	900x600	ab8d25421874	900x600	0.0562		
pdf_catalogue_35_photos_5_price_lists.pdf	40	acbce92c0fc9	900x600	b6d037bcc373	900x600	0.0762		
pdf_catalogue_35_photos_5_price_lists.pdf	40	acbce92c0fc9	900x600	ffef5493833b	900x600	0.0958		
pdf_catalogue_35_photos_5_price_lists.pdf	40	acbce92c0fc9	900x600	9a1c0ba5f2ed	900x600	0.0913		
pdf_catalogue_35_photos_5_price_lists.pdf	40	acbce92c0fc9	900x600	d99b4937ca16	900x600	0.0997		
pdf_catalogue_35_photos_5_price_lists.pdf	40	acbce92c0fc9	900x600	41e6a1bf8d6e	900x600	0.1105		
pdf_catalogue_35_photos_5_price_lists.pdf	40	675334ce7a1f	900x600	91596d93461e	900x600	0.0249		
pdf_catalogue_35_photos_5_price_lists.pdf	40	675334ce7a1f	900x600	b484846a948c	900x600	0.0629		
pdf_catalogue_35_photos_5_price_lists.pdf	40	675334ce7a1f	900x600	8f50bc9cca28	900x600	0.0805		
pdf_catalogue_35_photos_5_price_lists.pdf	40	675334ce7a1f	900x600	944a03bfabec	900x600	0.0895		
pdf_catalogue_35_photos_5_price_lists.pdf	40	675334ce7a1f	900x600	3f47b62aff9c	900x600	0.0725		
pdf_catalogue_35_photos_5_price_lists.pdf	40	675334ce7a1f	900x600	bec183c2d27a	900x600	0.1004		
pdf_catalogue_35_photos_5_price_lists.pdf	40	675334ce7a1f	900x600	e8e7c0f3627a	900x600	0.1113		
pdf_catalogue_35_photos_5_price_lists.pdf	40	675334ce7a1f	900x600	6c1db05f7451	900x600	0.1267		
pdf_catalogue_35_photos_5_price_lists.pdf	40	675334ce7a1f	900x600	1ff20ce29af5	900x600	0.1407		
pdf_catalogue_35_photos_5_price_lists.pdf	40	675334ce7a1f	900x600	b1bddda639c7	900x600	0.0882		
pdf_catalogue_35_photos_5_price_lists.pdf	40	675334ce7a1f	900x600	0beb67b5a793	900x600	0.0638		
pdf_catalogue_35_photos_5_price_lists.pdf	40	675334ce7a1f	900x600	6593c3212f1a	900x600	0.0624		
pdf_catalogue_35_photos_5_price_lists.pdf	40	675334ce7a1f	900x600	7835f55e1038	900x600	0.0303		
pdf_catalogue_35_photos_5_price_lists.pdf	40	675334ce7a1f	900x600	ab8d25421874	900x600	0.0350		
pdf_catalogue_35_photos_5_price_lists.pdf	40	675334ce7a1f	900x600	b6d037bcc373	900x600	0.0544		
pdf_catalogue_35_photos_5_price_lists.pdf	40	675334ce7a1f	900x600	ffef5493833b	900x600	0.0738		
pdf_catalogue_35_photos_5_price_lists.pdf	40	675334ce7a1f	900x600	9a1c0ba5f2ed	900x600	0.0717		
pdf_catalogue_35_photos_5_price_lists.pdf	40	675334ce7a1f	900x600	d99b4937ca16	900x600	0.0884		
pdf_catalogue_35_photos_5_price_lists.pdf	40	675334ce7a1f	900x600	41e6a1bf8d6e	900x600	0.0993		
pdf_catalogue_35_photos_5_price_lists.pdf	40	91596d93461e	900x600	b484846a948c	900x600	0.0456		
pdf_catalogue_35_photos_5_price_lists.pdf	40	91596d93461e	900x600	8f50bc9cca28	900x600	0.0626		
pdf_catalogue_35_photos_5_price_lists.pdf	40	91596d93461e	900x600	944a03bfabec	900x600	0.1134		
pdf_catalogue_35_photos_5_price_lists.pdf	40	91596d93461e	900x600	3f47b62aff9c	900x600	0.0899		
pdf_catalogue_35_photos_5_price_lists.pdf	40	91596d93461e	900x600	bec183c2d27a	900x600	0.0848		
pdf_catalogue_35_photos_5_price_lists.pdf	40	91596d93461e	900x600	e8e7c0f3627a	900x600	0.0960		
pdf_catalogue_35_photos_5_price_lists.pdf	40	91596d93461e	900x600	6c1db05f7451	900x600	0.1111		
pdf_catalogue_35_photos_5_price_lists.pdf	40	91596d93461e	900x600	1ff20ce29af5	900x600	0.1254		
pdf_catalogue_35_photos_5_price_lists.pdf	40	91596d93461e	900x600	b1bddda639c7	900x600	0.0669		
pdf_catalogue_35_photos_5_price_lists.pdf	40	91596d93461e	900x600	0beb67b5a793	900x600	0.0879		
pdf_catalogue_35_photos_5_price_lists.pdf	40	91596d93461e	900x600	6593c3212f1a	900x600	0.0654		
pdf_catalogue_35_photos_5_price_lists.pdf	40	91596d93461e	900x600	7835f55e1038	900x600	0.0539		
pdf_catalogue_35_photos_5_price_lists.pdf	40	91596d93461e	900x600	ab8d25421874	900x600	0.0256		
pdf_catalogue_35_photos_5_price_lists.pdf	40	91596d93461e	900x600	b6d037bcc373	900x600	0.0346		
pdf_catalogue_35_photos_5_price_lists.pdf	40	91596d93461e	900x600	ffef5493833b	900x600	0.0523		
pdf_catalogue_35_photos_5_price_lists.pdf	40	91596d93461e	900x600	9a1c0ba5f2ed	900x600	0.0818		
pdf_catalogue_35_photos_5_price_lists.pdf	40	91596d93461e	900x600	d99b4937ca16	900x600	0.0731		
pdf_catalogue_35_photos_5_price_lists.pdf	40	91596d93461e	900x600	41e6a1bf8d6e	900x600	0.0836		
pdf_catalogue_35_photos_5_price_lists.pdf	40	b484846a948c	900x600	8f50bc9cca28	900x600	0.0277		
pdf_catalogue_35_photos_5_price_lists.pdf	40	b484846a948c	900x600	944a03bfabec	900x600	0.1113		
pdf_catalogue_35_photos_5_price_lists.pdf	40	b484846a948c	900x600	3f47b62aff9c	900x600	0.0903		
pdf_catalogue_35_photos_5_price_lists.pdf	40	b484846a948c	900x600	bec183c2d27a	900x600	0.0698		
pdf_catalogue_35_photos_5_price_lists.pdf	40	b484846a948c	900x600	e8e7c0f3627a	900x600	0.0817		
pdf_catalogue_35_photos_5_price_lists.pdf	40	b484846a948c	900x600	6c1db05f7451	900x600	0.0986		
pdf_catalogue_35_photos_5_price_lists.pdf	40	b484846a948c	900x600	1ff20ce29af5	900x600	0.1114		
pdf_catalogue_35_photos_5_price_lists.pdf	40	b484846a948c	900x600	b1bddda639c7	900x600	0.0790		
pdf_catalogue_35_photos_5_price_lists.pdf	40	b484846a948c	900x600	0beb67b5a793	900x600	0.1049		
pdf_catalogue_35_photos_5_price_lists.pdf	40	b484846a948c	900x600	6593c3212f1a	900x600	0.0862		
pdf_catalogue_35_photos_5_price_lists.pdf	40	b484846a948c	900x600	7835f55e1038	900x600	0.0894		
pdf_catalogue_35_photos_5_price_lists.pdf	40	b484846a948c	900x600	ab8d25421874	900x600	0.0683		
pdf_catalogue_35_photos_5_price_lists.pdf	40	b484846a948c	900x600	b6d037bcc373	900x600	0.0301		
pdf_catalogue_35_photos_5_price_lists.pdf	40	b484846a948c	900x600	ffef5493833b	900x600	0.0517		
pdf_catalogue_35_photos_5_price_lists.pdf	40	b484846a948c	900x600	9a1c0ba5f2ed	900x600	0.1165		
pdf_catalogue_35_photos_5_price_lists.pdf	40	b484846a948c	900x600	d99b4937ca16	900x600	0.0979		
pdf_catalogue_35_photos_5_price_lists.pdf	40	b484846a948c	900x600	41e6a1bf8d6e	900x600	0.0785		
pdf_catalogue_35_photos_5_price_lists.pdf	40	8f50bc9cca28	900x600	944a03bfabec	900x600	0.1308		
pdf_catalogue_35_photos_5_price_lists.pdf	40	8f50bc9cca28	900x600	3f47b62aff9c	900x600	0.1092		
pdf_catalogue_35_photos_5_price_lists.pdf	40	8f50bc9cca28	900x600	bec183c2d27a	900x600	0.0717		
pdf_catalogue_35_photos_5_price_lists.pdf	40	8f50bc9cca28	900x600	e8e7c0f3627a	900x600	0.0677		
pdf_catalogue_35_photos_5_price_lists.pdf	40	8f50bc9cca28	900x600	6c1db05f7451	900x600	0.1166		
pdf_catalogue_35_photos_5_price_lists.pdf	40	8f50bc9cca28	900x600	1ff20ce29af5	900x600	0.0983		
pdf_catalogue_35_photos_5_price_lists.pdf	40	8f50bc9cca28	900x600	b1bddda639c7	900x600	0.0893		
pdf_catalogue_35_photos_5_price_lists.pdf	40	8f50bc9cca28	900x600	0beb67b5a793	900x600	0.1230		
pdf_catalogue_35_photos_5_price_lists.pdf	40	8f50bc9cca28	900x600	6593c3212f1a	900x600	0.1038		
pdf_catalogue_35_photos_5_price_lists.pdf	40	8f50bc9cca28	900x600	7835f55e1038	900x600	0.1072		
pdf_catalogue_35_photos_5_price_lists.pdf	40	8f50bc9cca28	900x600	ab8d25421874	900x600	0.0861		
pdf_catalogue_35_photos_5_price_lists.pdf	40	8f50bc9cca28	900x600	b6d037bcc373	900x600	0.0546		
pdf_catalogue_35_photos_5_price_lists.pdf	40	8f50bc9cca28	900x600	ffef5493833b	900x600	0.0320		
pdf_catalogue_35_photos_5_price_lists.pdf	40	8f50bc9cca28	900x600	9a1c0ba5f2ed	900x600	0.1349		
pdf_catalogue_35_photos_5_price_lists.pdf	40	8f50bc9cca28	900x600	d99b4937ca16	900x600	0.1167		
pdf_catalogue_35_photos_5_price_lists.pdf	40	8f50bc9cca28	900x600	41e6a1bf8d6e	900x600	0.0967		
pdf_catalogue_35_photos_5_price_lists.pdf	40	944a03bfabec	900x600	3f47b62aff9c	900x600	0.0311		
pdf_catalogue_35_photos_5_price_lists.pdf	40	944a03bfabec	900x600	bec183c2d27a	900x600	0.0852		
pdf_catalogue_35_photos_5_price_lists.pdf	40	944a03bfabec	900x600	e8e7c0f3627a	900x600	0.1037		
pdf_catalogue_35_photos_5_price_lists.pdf	40	944a03bfabec	900x600	6c1db05f7451	900x600	0.1109		
pdf_catalogue_35_photos_5_price_lists.pdf	40	944a03bfabec	900x600	1ff20ce29af5	900x600	0.1326		
pdf_catalogue_35_photos_5_price_lists.pdf	40	944a03bfabec	900x600	b1bddda639c7	900x600	0.1561		
pdf_catalogue_35_photos_5_price_lists.pdf	40	944a03bfabec	900x600	0beb67b5a793	900x600	0.0883		
pdf_catalogue_35_photos_5_price_lists.pdf	40	944a03bfabec	900x600	6593c3212f1a	900x600	0.0946		
pdf_catalogue_35_photos_5_price_lists.pdf	40	944a03bfabec	900x600	7835f55e1038	900x600	0.0922		
pdf_catalogue_35_photos_5_price_lists.pdf	40	944a03bfabec	900x600	ab8d25421874	900x600	0.1139		
pdf_catalogue_35_photos_5_price_lists.pdf	40	944a03bfabec	900x600	b6d037bcc373	900x600	0.1361		
pdf_catalogue_35_photos_5_price_lists.pdf	40	944a03bfabec	900x600	ffef5493833b	900x600	0.1583		
pdf_catalogue_35_photos_5_price_lists.pdf	40	944a03bfabec	900x600	9a1c0ba5f2ed	900x600	0.1041		
pdf_catalogue_35_photos_5_price_lists.pdf	40	944a03bfabec	900x600	d99b4937ca16	900x600	0.0517		
pdf_catalogue_35_photos_5_price_lists.pdf	40	944a03bfabec	900x600	41e6a1bf8d6e	900x600	0.0732		
pdf_catalogue_35_photos_5_price_lists.pdf	40	3f47b62aff9c	900x600	bec183c2d27a	900x600	0.0620		
pdf_catalogue_35_photos_5_price_lists.pdf	40	3f47b62aff9c	900x600	e8e7c0f3627a	900x600	0.0805		
pdf_catalogue_35_photos_5_price_lists.pdf	40	3f47b62aff9c	900x600	6c1db05f7451	900x600	0.0874		
pdf_catalogue_35_photos_5_price_lists.pdf	40	3f47b62aff9c	900x600	1ff20ce29af5	900x600	0.1093		
pdf_catalogue_35_photos_5_price_lists.pdf	40	3f47b62aff9c	900x600	b1bddda639c7	900x600	0.1326		
pdf_catalogue_35_photos_5_price_lists.pdf	40	3f47b62aff9c	900x600	0beb67b5a793	900x600	0.1034		
pdf_catalogue_35_photos_5_price_lists.pdf	40	3f47b62aff9c	900x600	6593c3212f1a	900x600	0.0869		
pdf_catalogue_35_photos_5_price_lists.pdf	40	3f47b62aff9c	900x600	7835f55e1038	900x600	0.0687		
pdf_catalogue_35_photos_5_price_lists.pdf	40	3f47b62aff9c	900x600	ab8d25421874	900x600	0.0906		
pdf_catalogue_35_photos_5_price_lists.pdf	40	3f47b62aff9c	900x600	b6d037bcc373	900x600	0.1125		
pdf_catalogue_35_photos_5_price_lists.pdf	40	3f47b62aff9c	900x600	ffef5493833b	900x600	0.1350		
pdf_catalogue_35_photos_5_price_lists.pdf	40	3f47b62aff9c	900x600	9a1c0ba5f2ed	900x600	0.0779		
pdf_catalogue_35_photos_5_price_lists.pdf	40	3f47b62aff9c	900x600	d99b4937ca16	900x600	0.0310		
pdf_catalogue_35_photos_5_price_lists.pdf	40	3f47b62aff9c	900x600	41e6a1bf8d6e	900x600	0.0497		
pdf_catalogue_35_photos_5_price_lists.pdf	40	e5dca898efb7	916x624	2e177af80328	916x624	0.0005	0.7738	
pdf_catalogue_35_photos_5_price_lists.pdf	40	bec183c2d27a	900x600	e8e7c0f3627a	900x600	0.0274		
pdf_catalogue_35_photos_5_price_lists.pdf	40	bec183c2d27a	900x600	6c1db05f7451	900x600	0.0904		
pdf_catalogue_35_photos_5_price_lists.pdf	40	bec183c2d27a	900x600	1ff20ce29af5	900x600	0.0725		
pdf_catalogue_35_photos_5_price_lists.pdf	40	bec183c2d27a	900x600	b1bddda639c7	900x600	0.1420		
pdf_catalogue_35_photos_5_price_lists.pdf	40	bec183c2d27a	900x600	0beb67b5a793	900x600	0.1265		
pdf_catalogue_35_photos_5_price_lists.pdf	40	bec183c2d27a	900x600	6593c3212f1a	900x600	0.1120		
pdf_catalogue_35_photos_5_price_lists.pdf	40	bec183c2d27a	900x600	7835f55e1038	900x600	0.0894		
pdf_catalogue_35_photos_5_price_lists.pdf	40	bec183c2d27a	900x600	ab8d25421874	900x600	0.0764		
pdf_catalogue_35_photos_5_price_lists.pdf	40	bec183c2d27a	900x600	b6d037bcc373	900x600	0.0696		
pdf_catalogue_35_photos_5_price_lists.pdf	40	bec183c2d27a	900x600	ffef5493833b	900x600	0.0917		
pdf_catalogue_35_photos_5_price_lists.pdf	40	bec183c2d27a	900x600	9a1c0ba5f2ed	900x600	0.0643		
pdf_catalogue_35_photos_5_price_lists.pdf	40	bec183c2d27a	900x600	d99b4937ca16	900x600	0.0908		
pdf_catalogue_35_photos_5_price_lists.pdf	40	bec183c2d27a	900x600	41e6a1bf8d6e	900x600	0.0695		
pdf_catalogue_35_photos_5_price_lists.pdf	40	e8e7c0f3627a	900x600	6c1db05f7451	900x600	0.1090		
pdf_catalogue_35_photos_5_price_lists.pdf	40	e8e7c0f3627a	900x600	1ff20ce29af5	900x600	0.0908		
pdf_catalogue_35_photos_5_price_lists.pdf	40	e8e7c0f3627a	900x600	b1bddda639c7	900x600	0.1524		
pdf_catalogue_35_photos_5_price_lists.pdf	40	e8e7c0f3627a	900x600	0beb67b5a793	900x600	0.1376		
pdf_catalogue_35_photos_5_price_lists.pdf	40	e8e7c0f3627a	900x600	6593c3212f1a	900x600	0.1232		
pdf_catalogue_35_photos_5_price_lists.pdf	40	e8e7c0f3627a	900x600	7835f55e1038	900x600	0.1000		
pdf_catalogue_35_photos_5_price_lists.pdf	40	e8e7c0f3627a	900x600	ab8d25421874	900x600	0.0866		
pdf_catalogue_35_photos_5_price_lists.pdf	40	e8e7c0f3627a	900x600	b6d037bcc373	900x600	0.0737		
pdf_catalogue_35_photos_5_price_lists.pdf	40	e8e7c0f3627a	900x600	ffef5493833b	900x600	0.0682		
pdf_catalogue_35_photos_5_price_lists.pdf	40	e8e7c0f3627a	900x600	9a1c0ba5f2ed	900x600	0.0858		
pdf_catalogue_35_photos_5_price_lists.pdf	40	e8e7c0f3627a	900x600	d99b4937ca16	900x600	0.1084		
pdf_catalogue_35_photos_5_price_lists.pdf	40	e8e7c0f3627a	900x600	41e6a1bf8d6e	900x600	0.0873		
pdf_catalogue_35_photos_5_price_lists.pdf	40	6c1db05f7451	900x600	1ff20ce29af5	900x600	0.0258		
pdf_catalogue_35_photos_5_price_lists.pdf	40	6c1db05f7451	900x600	b1bddda639c7	900x600	0.1660		
pdf_catalogue_35_photos_5_price_lists.pdf	40	6c1db05f7451	900x600	0beb67b5a793	900x600	0.1521		
pdf_catalogue_35_photos_5_price_lists.pdf	40	6c1db05f7451	900x600	6593c3212f1a	900x600	0.1372		
pdf_catalogue_35_photos_5_price_lists.pdf	40	6c1db05f7451	900x600	7835f55e1038	900x600	0.1133		
pdf_catalogue_35_photos_5_price_lists.pdf	40	6c1db05f7451	900x600	ab8d25421874	900x600	0.1003		
pdf_catalogue_35_photos_5_price_lists.pdf	40	6c1db05f7451	900x600	b6d037bcc373	900x600	0.0878		
pdf_catalogue_35_photos_5_price_lists.pdf	40	6c1db05f7451	900x600	ffef5493833b	900x600	0.0858		
pdf_catalogue_35_photos_5_price_lists.pdf	40	6c1db05f7451	900x600	9a1c0ba5f2ed	900x600	0.1096		
pdf_catalogue_35_photos_5_price_lists.pdf	40	6c1db05f7451	900x600	d99b4937ca16	900x600	0.0852		
pdf_catalogue_35_photos_5_price_lists.pdf	40	6c1db05f7451	900x600	41e6a1bf8d6e	900x600	0.0651		
pdf_catalogue_35_photos_5_price_lists.pdf	40	1ff20ce29af5	900x600	b1bddda639c7	900x600	0.1783		
pdf_catalogue_35_photos_5_price_lists.pdf	40	1ff20ce29af5	900x600	0beb67b5a793	900x600	0.1644		
pdf_catalogue_35_photos_5_price_lists.pdf	40	1ff20ce29af5	900x600	6593c3212f1a	900x600	0.1501		
pdf_catalogue_35_photos_5_price_lists.pdf	40	1ff20ce29af5	900x600	7835f55e1038	900x600	0.1257		
pdf_catalogue_35_photos_5_price_lists.pdf	40	1ff20ce29af5	900x600	ab8d25421874	900x600	0.1127		
pdf_catalogue_35_photos_5_price_lists.pdf	40	1ff20ce29af5	900x600	b6d037bcc373	900x600	0.1005		
pdf_catalogue_35_photos_5_price_lists.pdf	40	1ff20ce29af5	900x600	ffef5493833b	900x600	0.0852		
pdf_catalogue_35_photos_5_price_lists.pdf	40	1ff20ce29af5	900x600	9a1c0ba5f2ed	900x600	0.1229		
pdf_catalogue_35_photos_5_price_lists.pdf	40	1ff20ce29af5	900x600	d99b4937ca16	900x600	0.1048		
pdf_catalogue_35_photos_5_price_lists.pdf	40	1ff20ce29af5	900x600	41e6a1bf8d6e	900x600	0.0849		
pdf_catalogue_35_photos_5_price_lists.pdf	40	b1bddda639c7	900x600	0beb67b5a793	900x600	0.1321		
pdf_catalogue_35_photos_5_price_lists.pdf	40	b1bddda639c7	900x600	6593c3212f1a	900x600	0.1124		
pdf_catalogue_35_photos_5_price_lists.pdf	40	b1bddda639c7	900x600	7835f55e1038	900x600	0.0735		
pdf_catalogue_35_photos_5_price_lists.pdf	40	b1bddda639c7	900x600	ab8d25421874	900x600	0.0700		
pdf_catalogue_35_photos_5_price_lists.pdf	40	b1bddda639c7	900x600	b6d037bcc373	900x600	0.0875		
pdf_catalogue_35_photos_5_price_lists.pdf	40	b1bddda639c7	900x600	ffef5493833b	900x600	0.1004		
pdf_catalogue_35_photos_5_price_lists.pdf	40	b1bddda639c7	900x600	9a1c0ba5f2ed	900x600	0.1429		
pdf_catalogue_35_photos_5_price_lists.pdf	40	b1bddda639c7	900x600	d99b4937ca16	900x600	0.1262		
pdf_catalogue_35_photos_5_price_lists.pdf	40	b1bddda639c7	900x600	41e6a1bf8d6e	900x600	0.1368		
pdf_catalogue_35_photos_5_price_lists.pdf	40	0beb67b5a793	900x600	6593c3212f1a	900x600	0.0311		
pdf_catalogue_35_photos_5_price_lists.pdf	40	0beb67b5a793	900x600	7835f55e1038	900x600	0.0689		
pdf_catalogue_35_photos_5_price_lists.pdf	40	0beb67b5a793	900x600	ab8d25421874	900x600	0.0886		
pdf_catalogue_35_photos_5_price_lists.pdf	40	0beb67b5a793	900x600	b6d037bcc373	900x600	0.1108		
pdf_catalogue_35_photos_5_price_lists.pdf	40	0beb67b5a793	900x600	ffef5493833b	900x600	0.1326		
pdf_catalogue_35_photos_5_price_lists.pdf	40	0beb67b5a793	900x600	9a1c0ba5f2ed	900x600	0.0957		
pdf_catalogue_35_photos_5_price_lists.pdf	40	0beb67b5a793	900x600	d99b4937ca16	900x600	0.1127		
pdf_catalogue_35_photos_5_price_lists.pdf	40	0beb67b5a793	900x600	41e6a1bf8d6e	900x600	0.1240		
pdf_catalogue_35_photos_5_price_lists.pdf	40	6593c3212f1a	900x600	7835f55e1038	900x600	0.0907		
pdf_catalogue_35_photos_5_price_lists.pdf	40	6593c3212f1a	900x600	ab8d25421874	900x600	0.0696		
pdf_catalogue_35_photos_5_price_lists.pdf	40	6593c3212f1a	900x600	b6d037bcc373	900x600	0.0884		
pdf_catalogue_35_photos_5_price_lists.pdf	40	6593c3212f1a	900x600	ffef5493833b	900x600	0.1105		
pdf_catalogue_35_photos_5_price_lists.pdf	40	6593c3212f1a	900x600	9a1c0ba5f2ed	900x600	0.0786		
pdf_catalogue_35_photos_5_price_lists.pdf	40	6593c3212f1a	900x600	d99b4937ca16	900x600	0.0994		
pdf_catalogue_35_photos_5_price_lists.pdf	40	6593c3212f1a	900x600	41e6a1bf8d6e	900x600	0.1070		
pdf_catalogue_35_photos_5_price_lists.pdf	40	7835f55e1038	900x600	ab8d25421874	900x600	0.0296		
pdf_catalogue_35_photos_5_price_lists.pdf	40	7835f55e1038	900x600	b6d037bcc373	900x600	0.0613		
pdf_catalogue_35_photos_5_price_lists.pdf	40	7835f55e1038	900x600	ffef5493833b	900x600	0.0762		
pdf_catalogue_35_photos_5_price_lists.pdf	40	7835f55e1038	900x600	9a1c0ba5f2ed	900x600	0.0977		
pdf_catalogue_35_photos_5_price_lists.pdf	40	7835f55e1038	900x600	d99b4937ca16	900x600	0.0703		
pdf_catalogue_35_photos_5_price_lists.pdf	40	7835f55e1038	900x600	41e6a1bf8d6e	900x600	0.0810		
pdf_catalogue_35_photos_5_price_lists.pdf	40	ab8d25421874	900x600	b6d037bcc373	900x600	0.0400		
pdf_catalogue_35_photos_5_price_lists.pdf	40	ab8d25421874	900x600	ffef5493833b	900x600	0.0551		
pdf_catalogue_35_photos_5_price_lists.pdf	40	ab8d25421874	900x600	9a1c0ba5f2ed	900x600	0.0898		
pdf_catalogue_35_photos_5_price_lists.pdf	40	ab8d25421874	900x600	d99b4937ca16	900x600	0.0714		
pdf_catalogue_35_photos_5_price_lists.pdf	40	ab8d25421874	900x600	41e6a1bf8d6e	900x600	0.0674		
pdf_catalogue_35_photos_5_price_lists.pdf	40	b6d037bcc373	900x600	ffef5493833b	900x600	0.0237		
pdf_catalogue_35_photos_5_price_lists.pdf	40	b6d037bcc373	900x600	9a1c0ba5f2ed	900x600	0.1100		
pdf_catalogue_35_photos_5_price_lists.pdf	40	b6d037bcc373	900x600	d99b4937ca16	900x600	0.0910		
pdf_catalogue_35_photos_5_price_lists.pdf	40	b6d037bcc373	900x600	41e6a1bf8d6e	900x600	0.0707		
pdf_catalogue_35_photos_5_price_lists.pdf	40	ffef5493833b	900x600	9a1c0ba5f2ed	900x600	0.1296		
pdf_catalogue_35_photos_5_price_lists.pdf	40	ffef5493833b	900x600	d99b4937ca16	900x600	0.1105		
pdf_catalogue_35_photos_5_price_lists.pdf	40	ffef5493833b	900x600	41e6a1bf8d6e	900x600	0.0906		
pdf_catalogue_35_photos_5_price_lists.pdf	40	9a1c0ba5f2ed	900x600	d99b4937ca16	900x600	0.1075		
pdf_catalogue_35_photos_5_price_lists.pdf	40	9a1c0ba5f2ed	900x600	41e6a1bf8d6e	900x600	0.0853		
pdf_catalogue_35_photos_5_price_lists.pdf	40	d99b4937ca16	900x600	41e6a1bf8d6e	900x600	0.0295		
pdf_equipment_catalogue_40_photos.pdf	40	a20ec481d60b	900x600	35fe0a602ea5	900x600	0.0291		
pdf_equipment_catalogue_40_photos.pdf	40	a20ec481d60b	900x600	cda00c205efb	900x600	0.0539		
pdf_equipment_catalogue_40_photos.pdf	40	a20ec481d60b	900x600	5ff27c772816	900x600	0.0834		
pdf_equipment_catalogue_40_photos.pdf	40	a20ec481d60b	900x600	82d1d50f500f	900x600	0.1106		
pdf_equipment_catalogue_40_photos.pdf	40	a20ec481d60b	900x600	225b620ef9f6	900x600	0.1243		
pdf_equipment_catalogue_40_photos.pdf	40	a20ec481d60b	900x600	8ed056a2c334	900x600	0.1342		
pdf_equipment_catalogue_40_photos.pdf	40	a20ec481d60b	900x600	62e586224cf3	900x600	0.1530		
pdf_equipment_catalogue_40_photos.pdf	40	a20ec481d60b	900x600	578e684bab45	900x600	0.1103		
pdf_equipment_catalogue_40_photos.pdf	40	a20ec481d60b	900x600	e48d9cb26bb5	900x600	0.1286		
pdf_equipment_catalogue_40_photos.pdf	40	a20ec481d60b	900x600	88d66ec7663b	900x600	0.1379		
pdf_equipment_catalogue_40_photos.pdf	40	a20ec481d60b	900x600	d8ac46f70c55	900x600	0.1513		
pdf_equipment_catalogue_40_photos.pdf	40	a20ec481d60b	900x600	28b25ce6a609	900x600	0.1666		
pdf_equipment_catalogue_40_photos.pdf	40	a20ec481d60b	900x600	7c72af4b1dff	900x600	0.1788		
pdf_equipment_catalogue_40_photos.pdf	40	a20ec481d60b	900x600	eb81455a73b9	900x600	0.1929		
pdf_equipment_catalogue_40_photos.pdf	40	a20ec481d60b	900x600	a40c5361ba9f	900x600	0.1043		
pdf_equipment_catalogue_40_photos.pdf	40	a20ec481d60b	900x600	055e16b1b078	900x600	0.1287		
pdf_equipment_catalogue_40_photos.pdf	40	a20ec481d60b	900x600	acbce92c0fc9	900x600	0.0726		
pdf_equipment_catalogue_40_photos.pdf	40	a20ec481d60b	900x600	675334ce7a1f	900x600	0.0959		
pdf_equipment_catalogue_40_photos.pdf	40	a20ec481d60b	900x600	91596d93461e	900x600	0.1199		
pdf_equipment_catalogue_40_photos.pdf	40	a20ec481d60b	900x600	b484846a948c	900x600	0.1134		
pdf_equipment_catalogue_40_photos.pdf	40	a20ec481d60b	900x600	8f50bc9cca28	900x600	0.1360		
pdf_equipment_catalogue_40_photos.pdf	40	a20ec481d60b	900x600	944a03bfabec	900x600	0.1135		
pdf_equipment_catalogue_40_photos.pdf	40	a20ec481d60b	900x600	3f47b62aff9c	900x600	0.1295		
pdf_equipment_catalogue_40_photos.pdf	40	a20ec481d60b	900x600	88975080c691	900x600	0.1393		
pdf_equipment_catalogue_40_photos.pdf	40	a20ec481d60b	900x600	bec183c2d27a	900x600	0.1556		
pdf_equipment_catalogue_40_photos.pdf	40	a20ec481d60b	900x600	e8e7c0f3627a	900x600	0.1675		
pdf_equipment_catalogue_40_photos.pdf	40	a20ec481d60b	900x600	6c1db05f7451	900x600	0.1832		
pdf_equipment_catalogue_40_photos.pdf	40	a20ec481d60b	900x600	1ff20ce29af5	900x600	0.1972		
pdf_equipment_catalogue_40_photos.pdf	40	a20ec481d60b	900x600	b1bddda639c7	900x600	0.1629		
pdf_equipment_catalogue_40_photos.pdf	40	a20ec481d60b	900x600	0beb67b5a793	900x600	0.0757		
pdf_equipment_catalogue_40_photos.pdf	40	a20ec481d60b	900x600	6593c3212f1a	900x600	0.1040		
pdf_equipment_catalogue_40_photos.pdf	40	a20ec481d60b	900x600	838e0c7818ba	900x600	0.1281		
pdf_equipment_catalogue_40_photos.pdf	40	a20ec481d60b	900x600	7835f55e1038	900x600	0.0989		
pdf_equipment_catalogue_40_photos.pdf	40	a20ec481d60b	900x600	ab8d25421874	900x600	0.1210		
pdf_equipment_catalogue_40_photos.pdf	40	a20ec481d60b	900x600	b6d037bcc373	900x600	0.1432		
pdf_equipment_catalogue_40_photos.pdf	40	a20ec481d60b	900x600	ffef5493833b	900x600	0.1649		
pdf_equipment_catalogue_40_photos.pdf	40	a20ec481d60b	900x600	9a1c0ba5f2ed	900x600	0.1282		
pdf_equipment_catalogue_40_photos.pdf	40	a20ec481d60b	900x600	d99b4937ca16	900x600	0.1451		
pdf_equipment_catalogue_40_photos.pdf	40	a20ec481d60b	900x600	41e6a1bf8d6e	900x600	0.1558		
pdf_equipment_catalogue_40_photos.pdf	40	35fe0a602ea5	900x600	cda00c205efb	900x600	0.0249		
pdf_equipment_catalogue_40_photos.pdf	40	35fe0a602ea5	900x600	5ff27c772816	900x600	0.0544		
pdf_equipment_catalogue_40_photos.pdf	40	35fe0a602ea5	900x600	82d1d50f500f	900x600	0.0832		
pdf_equipment_catalogue_40_photos.pdf	40	35fe0a602ea5	900x600	225b620ef9f6	900x600	0.1013		
pdf_equipment_catalogue_40_photos.pdf	40	35fe0a602ea5	900x600	8ed056a2c334	900x600	0.1114		
pdf_equipment_catalogue_40_photos.pdf	40	35fe0a602ea5	900x600	62e586224cf3	900x600	0.1301		
pdf_equipment_catalogue_40_photos.pdf	40	35fe0a602ea5	900x600	578e684bab45	900x600	0.0904		
pdf_equipment_catalogue_40_photos.pdf	40	35fe0a602ea5	900x600	e48d9cb26bb5	900x600	0.1091		
pdf_equipment_catalogue_40_photos.pdf	40	35fe0a602ea5	900x600	88d66ec7663b	900x600	0.1188		
pdf_equipment_catalogue_40_photos.pdf	40	35fe0a602ea5	900x600	d8ac46f70c55	900x600	0.1320		
pdf_equipment_catalogue_40_photos.pdf	40	35fe0a602ea5	900x600	28b25ce6a609	900x600	0.1474		
pdf_equipment_catalogue_40_photos.pdf	40	35fe0a602ea5	900x600	7c72af4b1dff	900x600	0.1595		
pdf_equipment_catalogue_40_photos.pdf	40	35fe0a602ea5	900x600	eb81455a73b9	900x600	0.1737		
pdf_equipment_catalogue_40_photos.pdf	40	35fe0a602ea5	900x600	a40c5361ba9f	900x600	0.0809		
pdf_equipment_catalogue_40_photos.pdf	40	35fe0a602ea5	900x600	055e16b1b078	900x600	0.1020		
pdf_equipment_catalogue_40_photos.pdf	40	35fe0a602ea5	900x600	acbce92c0fc9	900x600	0.0497		
pdf_equipment_catalogue_40_photos.pdf	40	35fe0a602ea5	900x600	675334ce7a1f	900x600	0.0731		
pdf_equipment_catalogue_40_photos.pdf	40	35fe0a602ea5	900x600	91596d93461e	900x600	0.0969		
pdf_equipment_catalogue_40_photos.pdf	40	35fe0a602ea5	900x600	b484846a948c	900x600	0.0938		
pdf_equipment_catalogue_40_photos.pdf	40	35fe0a602ea5	900x600	8f50bc9cca28	900x600	0.1130		
pdf_equipment_catalogue_40_photos.pdf	40	35fe0a602ea5	900x600	944a03bfabec	900x600	0.0939		
pdf_equipment_catalogue_40_photos.pdf	40	35fe0a602ea5	900x600	3f47b62aff9c	900x600	0.1096		
pdf_equipment_catalogue_40_photos.pdf	40	35fe0a602ea5	900x600	88975080c691	900x600	0.1199		
pdf_equipment_catalogue_40_photos.pdf	40	35fe0a602ea5	900x600	bec183c2d27a	900x600	0.1363		
pdf_equipment_catalogue_40_photos.pdf	40	35fe0a602ea5	900x600	e8e7c0f3627a	900x600	0.1483		
pdf_equipment_catalogue_40_photos.pdf	40	35fe0a602ea5	900x600	6c1db05f7451	900x600	0.1639		
pdf_equipment_catalogue_40_photos.pdf	40	35fe0a602ea5	900x600	1ff20ce29af5	900x600	0.1780		
pdf_equipment_catalogue_40_photos.pdf	40	35fe0a602ea5	900x600	b1bddda639c7	900x600	0.1400		
pdf_equipment_catalogue_40_photos.pdf	40	35fe0a602ea5	900x600	0beb67b5a793	900x600	0.0533		
pdf_equipment_catalogue_40_photos.pdf	40	35fe0a602ea5	900x600	6593c3212f1a	900x600	0.0765		
pdf_equipment_catalogue_40_photos.pdf	40	35fe0a602ea5	900x600	838e0c7818ba	900x600	0.0993		
pdf_equipment_catalogue_40_photos.pdf	40	35fe0a602ea5	900x600	7835f55e1038	900x600	0.0760		
pdf_equipment_catalogue_40_photos.pdf	40	35fe0a602ea5	900x600	ab8d25421874	900x600	0.0981		
pdf_equipment_catalogue_40_photos.pdf	40	35fe0a602ea5	900x600	b6d037bcc373	900x600	0.1202		
pdf_equipment_catalogue_40_photos.pdf	40	35fe0a602ea5	900x600	ffef5493833b	900x600	0.1422		
pdf_equipment_catalogue_40_photos.pdf	40	35fe0a602ea5	900x600	9a1c0ba5f2ed	900x600	0.1089		
pdf_equipment_catalogue_40_photos.pdf	40	35fe0a602ea5	900x600	d99b4937ca16	900x600	0.1259		
pdf_equipment_catalogue_40_photos.pdf	40	35fe0a602ea5	900x600	41e6a1bf8d6e	900x600	0.1365		
pdf_equipment_catalogue_40_photos.pdf	40	cda00c205efb	900x600	5ff27c772816	900x600	0.0302		
pdf_equipment_catalogue_40_photos.pdf	40	cda00c205efb	900x600	82d1d50f500f	900x600	0.0601		
pdf_equipment_catalogue_40_photos.pdf	40	cda00c205efb	900x600	225b620ef9f6	900x600	0.0849		
pdf_equipment_catalogue_40_photos.pdf	40	cda00c205efb	900x600	8ed056a2c334	900x600	0.0897		
pdf_equipment_catalogue_40_photos.pdf	40	cda00c205efb	900x600	62e586224cf3	900x600	0.1084		
pdf_equipment_catalogue_40_photos.pdf	40	cda00c205efb	900x600	578e684bab45	900x600	0.0809		
pdf_equipment_catalogue_40_photos.pdf	40	cda00c205efb	900x600	e48d9cb26bb5	900x600	0.0997		
pdf_equipment_catalogue_40_photos.pdf	40	cda00c205efb	900x600	88d66ec7663b	900x600	0.1092		
pdf_equipment_catalogue_40_photos.pdf	40	cda00c205efb	900x600	d8ac46f70c55	900x600	0.1225		
pdf_equipment_catalogue_40_photos.pdf	40	cda00c205efb	900x600	28b25ce6a609	900x600	0.1380		
pdf_equipment_catalogue_40_photos.pdf	40	cda00c205efb	900x600	7c72af4b1dff	900x600	0.1501		
pdf_equipment_catalogue_40_photos.pdf	40	cda00c205efb	900x600	eb81455a73b9	900x600	0.1639		
pdf_equipment_catalogue_40_photos.pdf	40	cda00c205efb	900x600	a40c5361ba9f	900x600	0.0641		
pdf_equipment_catalogue_40_photos.pdf	40	cda00c205efb	900x600	055e16b1b078	900x600	0.0837		
pdf_equipment_catalogue_40_photos.pdf	40	cda00c205efb	900x600	acbce92c0fc9	900x600	0.0282		
pdf_equipment_catalogue_40_photos.pdf	40	cda00c205efb	900x600	675334ce7a1f	900x600	0.0514		
pdf_equipment_catalogue_40_photos.pdf	40	cda00c205efb	900x600	91596d93461e	900x600	0.0754		
pdf_equipment_catalogue_40_photos.pdf	40	cda00c205efb	900x600	b484846a948c	900x600	0.0752		
pdf_equipment_catalogue_40_photos.pdf	40	cda00c205efb	900x600	8f50bc9cca28	900x600	0.0938		
pdf_equipment_catalogue_40_photos.pdf	40	cda00c205efb	900x600	944a03bfabec	900x600	0.0840		
pdf_equipment_catalogue_40_photos.pdf	40	cda00c205efb	900x600	3f47b62aff9c	900x600	0.0998		
pdf_equipment_catalogue_40_photos.pdf	40	cda00c205efb	900x600	88975080c691	900x600	0.1105		
pdf_equipment_catalogue_40_photos.pdf	40	cda00c205efb	900x600	bec183c2d27a	900x600	0.1268		
pdf_equipment_catalogue_40_photos.pdf	40	cda00c205efb	900x600	e8e7c0f3627a	900x600	0.1388		
pdf_equipment_catalogue_40_photos.pdf	40	cda00c205efb	900x600	6c1db05f7451	900x600	0.1544		
pdf_equipment_catalogue_40_photos.pdf	40	cda00c205efb	900x600	1ff20ce29af5	900x600	0.1686		
pdf_equipment_catalogue_40_photos.pdf	40	cda00c205efb	900x600	b1bddda639c7	900x600	0.1184		
pdf_equipment_catalogue_40_photos.pdf	40	cda00c205efb	900x600	0beb67b5a793	900x600	0.0367		
pdf_equipment_catalogue_40_photos.pdf	40	cda00c205efb	900x600	6593c3212f1a	900x600	0.0585		
pdf_equipment_catalogue_40_photos.pdf	40	cda00c205efb	900x600	838e0c7818ba	900x600	0.0761		
pdf_equipment_catalogue_40_photos.pdf	40	cda00c205efb	900x600	7835f55e1038	900x600	0.0544		
pdf_equipment_catalogue_40_photos.pdf	40	cda00c205efb	900x600	ab8d25421874	900x600	0.0761		
pdf_equipment_catalogue_40_photos.pdf	40	cda00c205efb	900x600	b6d037bcc373	900x600	0.0983		
pdf_equipment_catalogue_40_photos.pdf	40	cda00c205efb	900x600	ffef5493833b	900x600	0.1205		
pdf_equipment_catalogue_40_photos.pdf	40	cda00c205efb	900x600	9a1c0ba5f2ed	900x600	0.0995		
pdf_equipment_catalogue_40_photos.pdf	40	cda00c205efb	900x600	d99b4937ca16	900x600	0.1163		
pdf_equipment_catalogue_40_photos.pdf	40	cda00c205efb	900x600	41e6a1bf8d6e	900x600	0.1271		
pdf_equipment_catalogue_40_photos.pdf	40	5ff27c772816	900x600	82d1d50f500f	900x600	0.0312		
pdf_equipment_catalogue_40_photos.pdf	40	5ff27c772816	900x600	225b620ef9f6	900x600	0.0641		
pdf_equipment_catalogue_40_photos.pdf	40	5ff27c772816	900x600	8ed056a2c334	900x600	0.0681		
pdf_equipment_catalogue_40_photos.pdf	40	5ff27c772816	900x600	62e586224cf3	900x600	0.0867		
pdf_equipment_catalogue_40_photos.pdf	40	5ff27c772816	900x600	578e684bab45	900x600	0.0645		
pdf_equipment_catalogue_40_photos.pdf	40	5ff27c772816	900x600	e48d9cb26bb5	900x600	0.0828		
pdf_equipment_catalogue_40_photos.pdf	40	5ff27c772816	900x600	88d66ec7663b	900x600	0.0934		
pdf_equipment_catalogue_40_photos.pdf	40	5ff27c772816	900x600	d8ac46f70c55	900x600	0.1059		
pdf_equipment_catalogue_40_photos.pdf	40	5ff27c772816	900x600	28b25ce6a609	900x600	0.1215		
pdf_equipment_catalogue_40_photos.pdf	40	5ff27c772816	900x600	7c72af4b1dff	900x600	0.1336		
pdf_equipment_catalogue_40_photos.pdf	40	5ff27c772816	900x600	eb81455a73b9	900x600	0.1474		
pdf_equipment_catalogue_40_photos.pdf	40	5ff27c772816	900x600	a40c5361ba9f	900x600	0.0656		
pdf_equipment_catalogue_40_photos.pdf	40	5ff27c772816	900x600	055e16b1b078	900x600	0.0629		
pdf_equipment_catalogue_40_photos.pdf	40	5ff27c772816	900x600	acbce92c0fc9	900x600	0.0548		
pdf_equipment_catalogue_40_photos.pdf	40	5ff27c772816	900x600	675334ce7a1f	900x600	0.0299		
pdf_equipment_catalogue_40_photos.pdf	40	5ff27c772816	900x600	91596d93461e	900x600	0.0536		
pdf_equipment_catalogue_40_photos.pdf	40	5ff27c772816	900x600	b484846a948c	900x600	0.0563		
pdf_equipment_catalogue_40_photos.pdf	40	5ff27c772816	900x600	8f50bc9cca28	900x600	0.0740		
pdf_equipment_catalogue_40_photos.pdf	40	5ff27c772816	900x600	944a03bfabec	900x600	0.0675		
pdf_equipment_catalogue_40_photos.pdf	40	5ff27c772816	900x600	3f47b62aff9c	900x600	0.0832		
pdf_equipment_catalogue_40_photos.pdf	40	5ff27c772816	900x600	88975080c691	900x600	0.0941		
pdf_equipment_catalogue_40_photos.pdf	40	5ff27c772816	900x600	bec183c2d27a	900x600	0.1106		
pdf_equipment_catalogue_40_photos.pdf	40	5ff27c772816	900x600	e8e7c0f3627a	900x600	0.1224		
pdf_equipment_catalogue_40_photos.pdf	40	5ff27c772816	900x600	6c1db05f7451	900x600	0.1379		
pdf_equipment_catalogue_40_photos.pdf	40	5ff27c772816	900x600	1ff20ce29af5	900x600	0.1521		
pdf_equipment_catalogue_40_photos.pdf	40	5ff27c772816	900x600	b1bddda639c7	900x600	0.0967		
pdf_equipment_catalogue_40_photos.pdf	40	5ff27c772816	900x600	0beb67b5a793	900x600	0.0510		
pdf_equipment_catalogue_40_photos.pdf	40	5ff27c772816	900x600	6593c3212f1a	900x600	0.0372		
pdf_equipment_catalogue_40_photos.pdf	40	5ff27c772816	900x600	838e0c7818ba	900x600	0.0531		
pdf_equipment_catalogue_40_photos.pdf	40	5ff27c772816	900x600	7835f55e1038	900x600	0.0575		
pdf_equipment_catalogue_40_photos.pdf	40	5ff27c772816	900x600	ab8d25421874	900x600	0.0545		
pdf_equipment_catalogue_40_photos.pdf	40	5ff27c772816	900x600	b6d037bcc373	900x600	0.0765		
pdf_equipment_catalogue_40_photos.pdf	40	5ff27c772816	900x600	ffef5493833b	900x600	0.0989		
pdf_equipment_catalogue_40_photos.pdf	40	5ff27c772816	900x600	9a1c0ba5f2ed	900x600	0.0829		
pdf_equipment_catalogue_40_photos.pdf	40	5ff27c772816	900x600	d99b4937ca16	900x600	0.0999		
pdf_equipment_catalogue_40_photos.pdf	40	5ff27c772816	900x600	41e6a1bf8d6e	900x600	0.1105		
pdf_equipment_catalogue_40_photos.pdf	40	82d1d50f500f	900x600	225b620ef9f6	900x600	0.0429		
pdf_equipment_catalogue_40_photos.pdf	40	82d1d50f500f	900x600	8ed056a2c334	900x600	0.0933		
pdf_equipment_catalogue_40_photos.pdf	40	82d1d50f500f	900x600	62e586224cf3	900x600	0.0668		
pdf_equipment_catalogue_40_photos.pdf	40	82d1d50f500f	900x600	578e684bab45	900x600	0.0699		
pdf_equipment_catalogue_40_photos.pdf	40	82d1d50f500f	900x600	e48d9cb26bb5	900x600	0.0694		
pdf_equipment_catalogue_40_photos.pdf	40	82d1d50f500f	900x600	88d66ec7663b	900x600	0.0803		
pdf_equipment_catalogue_40_photos.pdf	40	82d1d50f500f	900x600	d8ac46f70c55	900x600	0.1028		
pdf_equipment_catalogue_40_photos.pdf	40	82d1d50f500f	900x600	28b25ce6a609	900x600	0.1082		
pdf_equipment_catalogue_40_photos.pdf	40	82d1d50f500f	900x600	7c72af4b1dff	900x600	0.1204		
pdf_equipment_catalogue_40_photos.pdf	40	82d1d50f500f	900x600	eb81455a73b9	900x600	0.1343		
pdf_equipment_catalogue_40_photos.pdf	40	82d1d50f500f	900x600	a40c5361ba9f	900x600	0.0838		
pdf_equipment_catalogue_40_photos.pdf	40	82d1d50f500f	900x600	055e16b1b078	900x600	0.0672		
pdf_equipment_catalogue_40_photos.pdf	40	82d1d50f500f	900x600	acbce92c0fc9	900x600	0.0830		
pdf_equipment_catalogue_40_photos.pdf	40	82d1d50f500f	900x600	675334ce7a1f	900x600	0.0560		
pdf_equipment_catalogue_40_photos.pdf	40	82d1d50f500f	900x600	91596d93461e	900x600	0.0321		
pdf_equipment_catalogue_40_photos.pdf	40	82d1d50f500f	900x600	b484846a948c	900x600	0.0381		
pdf_equipment_catalogue_40_photos.pdf	40	82d1d50f500f	900x600	8f50bc9cca28	900x600	0.0553		
pdf_equipment_catalogue_40_photos.pdf	40	82d1d50f500f	900x600	944a03bfabec	900x600	0.0959		
pdf_equipment_catalogue_40_photos.pdf	40	82d1d50f500f	900x600	3f47b62aff9c	900x600	0.0705		
pdf_equipment_catalogue_40_photos.pdf	40	82d1d50f500f	900x600	88975080c691	900x600	0.0805		
pdf_equipment_catalogue_40_photos.pdf	40	82d1d50f500f	900x600	bec183c2d27a	900x600	0.0974		
pdf_equipment_catalogue_40_photos.pdf	40	82d1d50f500f	900x600	e8e7c0f3627a	900x600	0.1090		
pdf_equipment_catalogue_40_photos.pdf	40	82d1d50f500f	900x600	6c1db05f7451	900x600	0.1247		
pdf_equipment_catalogue_40_photos.pdf	40	82d1d50f500f	900x600	1ff20ce29af5	900x600	0.1387		
pdf_equipment_catalogue_40_photos.pdf	40	82d1d50f500f	900x600	b1bddda639c7	900x600	0.0746		
pdf_equipment_catalogue_40_photos.pdf	40	82d1d50f500f	900x600	0beb67b5a793	900x600	0.0691		
pdf_equipment_catalogue_40_photos.pdf	40	82d1d50f500f	900x600	6593c3212f1a	900x600	0.0510		
pdf_equipment_catalogue_40_photos.pdf	40	82d1d50f500f	900x600	838e0c7818ba	900x600	0.0324		
pdf_equipment_catalogue_40_photos.pdf	40	82d1d50f500f	900x600	7835f55e1038	900x600	0.0851		
pdf_equipment_catalogue_40_photos.pdf	40	82d1d50f500f	900x600	ab8d25421874	900x600	0.0570		
pdf_equipment_catalogue_40_photos.pdf	40	82d1d50f500f	900x600	b6d037bcc373	900x600	0.0549		
pdf_equipment_catalogue_40_photos.pdf	40	82d1d50f500f	900x600	ffef5493833b	900x600	0.0767		
pdf_equipment_catalogue_40_photos.pdf	40	82d1d50f500f	900x600	9a1c0ba5f2ed	900x600	0.0829		
pdf_equipment_catalogue_40_photos.pdf	40	82d1d50f500f	900x600	d99b4937ca16	900x600	0.0944		
pdf_equipment_catalogue_40_photos.pdf	40	82d1d50f500f	900x600	41e6a1bf8d6e	900x600	0.0973		
pdf_equipment_catalogue_40_photos.pdf	40	225b620ef9f6	900x600	8ed056a2c334	900x600	0.1117		
pdf_equipment_catalogue_40_photos.pdf	40	225b620ef9f6	900x600	62e586224cf3	900x600	0.0915		
pdf_equipment_catalogue_40_photos.pdf	40	225b620ef9f6	900x600	578e684bab45	900x600	0.0878		
pdf_equipment_catalogue_40_photos.pdf	40	225b620ef9f6	900x600	e48d9cb26bb5	900x600	0.0697		
pdf_equipment_catalogue_40_photos.pdf	40	225b620ef9f6	900x600	88d66ec7663b	900x600	0.0678		
pdf_equipment_catalogue_40_photos.pdf	40	225b620ef9f6	900x600	d8ac46f70c55	900x600	0.1214		
pdf_equipment_catalogue_40_photos.pdf	40	225b620ef9f6	900x600	28b25ce6a609	900x600	0.1023		
pdf_equipment_catalogue_40_photos.pdf	40	225b620ef9f6	900x600	7c72af4b1dff	900x600	0.1086		
pdf_equipment_catalogue_40_photos.pdf	40	225b620ef9f6	900x600	eb81455a73b9	900x600	0.1225		
pdf_equipment_catalogue_40_photos.pdf	40	225b620ef9f6	900x600	a40c5361ba9f	900x600	0.1035		
pdf_equipment_catalogue_40_photos.pdf	40	225b620ef9f6	900x600	055e16b1b078	900x600	0.0857		
pdf_equipment_catalogue_40_photos.pdf	40	225b620ef9f6	900x600	acbce92c0fc9	900x600	0.1079		
pdf_equipment_catalogue_40_photos.pdf	40	225b620ef9f6	900x600	675334ce7a1f	900x600	0.0888		
pdf_equipment_catalogue_40_photos.pdf	40	225b620ef9f6	900x600	91596d93461e	900x600	0.0726		
pdf_equipment_catalogue_40_photos.pdf	40	225b620ef9f6	900x600	b484846a948c	900x600	0.0296		
pdf_equipment_catalogue_40_photos.pdf	40	225b620ef9f6	900x600	8f50bc9cca28	900x600	0.0364		
pdf_equipment_catalogue_40_photos.pdf	40	225b620ef9f6	900x600	944a03bfabec	900x600	0.1212		
pdf_equipment_catalogue_40_photos.pdf	40	225b620ef9f6	900x600	3f47b62aff9c	900x600	0.0979		
pdf_equipment_catalogue_40_photos.pdf	40	225b620ef9f6	900x600	88975080c691	900x600	0.0832		
pdf_equipment_catalogue_40_photos.pdf	40	225b620ef9f6	900x600	bec183c2d27a	900x600	0.0851		
pdf_equipment_catalogue_40_photos.pdf	40	225b620ef9f6	900x600	e8e7c0f3627a	900x600	0.0973		
pdf_equipment_catalogue_40_photos.pdf	40	225b620ef9f6	900x600	6c1db05f7451	900x600	0.1266		
pdf_equipment_catalogue_40_photos.pdf	40	225b620ef9f6	900x600	1ff20ce29af5	900x600	0.1270		
pdf_equipment_catalogue_40_photos.pdf	40	225b620ef9f6	900x600	b1bddda639c7	900x600	0.0869		
pdf_equipment_catalogue_40_photos.pdf	40	225b620ef9f6	900x600	0beb67b5a793	900x600	0.0885		
pdf_equipment_catalogue_40_photos.pdf	40	225b620ef9f6	900x600	6593c3212f1a	900x600	0.0692		
pdf_equipment_catalogue_40_photos.pdf	40	225b620ef9f6	900x600	838e0c7818ba	900x600	0.0485		
pdf_equipment_catalogue_40_photos.pdf	40	225b620ef9f6	900x600	7835f55e1038	900x600	0.1174		
pdf_equipment_catalogue_40_photos.pdf	40	225b620ef9f6	900x600	ab8d25421874	900x600	0.0961		
pdf_equipment_catalogue_40_photos.pdf	40	225b620ef9f6	900x600	b6d037bcc373	900x600	0.0572		
pdf_equipment_catalogue_40_photos.pdf	40	225b620ef9f6	900x600	ffef5493833b	900x600	0.0565		
pdf_equipment_catalogue_40_photos.pdf	40	225b620ef9f6	900x600	9a1c0ba5f2ed	900x600	0.0997		
pdf_equipment_catalogue_40_photos.pdf	40	225b620ef9f6	900x600	d99b4937ca16	900x600	0.1267		
pdf_equipment_catalogue_40_photos.pdf	40	225b620ef9f6	900x600	41e6a1bf8d6e	900x600	0.1053		
pdf_equipment_catalogue_40_photos.pdf	40	8ed056a2c334	900x600	62e586224cf3	900x600	0.0279		
pdf_equipment_catalogue_40_photos.pdf	40	8ed056a2c334	900x600	578e684bab45	900x600	0.1111		
pdf_equipment_catalogue_40_photos.pdf	40	8ed056a2c334	900x600	e48d9cb26bb5	900x600	0.0933		
pdf_equipment_catalogue_40_photos.pdf	40	8ed056a2c334	900x600	88d66ec7663b	900x600	0.1045		
pdf_equipment_catalogue_40_photos.pdf	40	8ed056a2c334	900x600	d8ac46f70c55	900x600	0.0667		
pdf_equipment_catalogue_40_photos.pdf	40	8ed056a2c334	900x600	28b25ce6a609	900x600	0.0820		
pdf_equipment_catalogue_40_photos.pdf	40	8ed056a2c334	900x600	7c72af4b1dff	900x600	0.0943		
pdf_equipment_catalogue_40_photos.pdf	40	8ed056a2c334	900x600	eb81455a73b9	900x600	0.1082		
pdf_equipment_catalogue_40_photos.pdf	40	8ed056a2c334	900x600	a40c5361ba9f	900x600	0.1258		
pdf_equipment_catalogue_40_photos.pdf	40	8ed056a2c334	900x600	055e16b1b078	900x600	0.1130		
pdf_equipment_catalogue_40_photos.pdf	40	8ed056a2c334	900x600	acbce92c0fc9	900x600	0.0893		
pdf_equipment_catalogue_40_photos.pdf	40	8ed056a2c334	900x600	675334ce7a1f	900x600	0.0679		
pdf_equipment_catalogue_40_photos.pdf	40	8ed056a2c334	900x600	91596d93461e	900x600	0.0625		
pdf_equipment_catalogue_40_photos.pdf	40	8ed056a2c334	900x600	b484846a948c	900x600	0.0847		
pdf_equipment_catalogue_40_photos.pdf	40	8ed056a2c334	900x600	8f50bc9cca28	900x600	0.1040		
pdf_equipment_catalogue_40_photos.pdf	40	8ed056a2c334	900x600	944a03bfabec	900x600	0.1277		
pdf_equipment_catalogue_40_photos.pdf	40	8ed056a2c334	900x600	3f47b62aff9c	900x600	0.1044		
pdf_equipment_catalogue_40_photos.pdf	40	8ed056a2c334	900x600	88975080c691	900x600	0.0835		
pdf_equipment_catalogue_40_photos.pdf	40	8ed056a2c334	900x600	bec183c2d27a	900x600	0.0767		
pdf_equipment_catalogue_40_photos.pdf	40	8ed056a2c334	900x600	e8e7c0f3627a	900x600	0.0968		
pdf_equipment_catalogue_40_photos.pdf	40	8ed056a2c334	900x600	6c1db05f7451	900x600	0.0985		
pdf_equipment_catalogue_40_photos.pdf	40	8ed056a2c334	900x600	1ff20ce29af5	900x600	0.1126		
pdf_equipment_catalogue_40_photos.pdf	40	8ed056a2c334	900x600	b1bddda639c7	900x600	0.0845		
pdf_equipment_catalogue_40_photos.pdf	40	8ed056a2c334	900x600	0beb67b5a793	900x600	0.1113		
pdf_equipment_catalogue_40_photos.pdf	40	8ed056a2c334	900x600	6593c3212f1a	900x600	0.0921		
pdf_equipment_catalogue_40_photos.pdf	40	8ed056a2c334	900x600	838e0c7818ba	900x600	0.1103		
pdf_equipment_catalogue_40_photos.pdf	40	8ed056a2c334	900x600	7835f55e1038	900x600	0.0534		
pdf_equipment_catalogue_40_photos.pdf	40	8ed056a2c334	900x600	ab8d25421874	900x600	0.0393		
pdf_equipment_catalogue_40_photos.pdf	40	8ed056a2c334	900x600	b6d037bcc373	900x600	0.0567		
pdf_equipment_catalogue_40_photos.pdf	40	8ed056a2c334	900x600	ffef5493833b	900x600	0.0723		
pdf_equipment_catalogue_40_photos.pdf	40	8ed056a2c334	900x600	9a1c0ba5f2ed	900x600	0.1231		
pdf_equipment_catalogue_40_photos.pdf	40	8ed056a2c334	900x600	d99b4937ca16	900x600	0.1044		
pdf_equipment_catalogue_40_photos.pdf	40	8ed056a2c334	900x600	41e6a1bf8d6e	900x600	0.0846		
pdf_equipment_catalogue_40_photos.pdf	40	62e586224cf3	900x600	578e684bab45	900x600	0.1270		
pdf_equipment_catalogue_40_photos.pdf	40	62e586224cf3	900x600	e48d9cb26bb5	900x600	0.1090		
pdf_equipment_catalogue_40_photos.pdf	40	62e586224cf3	900x600	88d66ec7663b	900x600	0.0897		
pdf_equipment_catalogue_40_photos.pdf	40	62e586224cf3	900x600	d8ac46f70c55	900x600	0.0683		
pdf_equipment_catalogue_40_photos.pdf	40	62e586224cf3	900x600	28b25ce6a609	900x600	0.0694		
pdf_equipment_catalogue_40_photos.pdf	40	62e586224cf3	900x600	7c72af4b1dff	900x600	0.0815		
pdf_equipment_catalogue_40_photos.pdf	40	62e586224cf3	900x600	eb81455a73b9	900x600	0.0955		
pdf_equipment_catalogue_40_photos.pdf	40	62e586224cf3	900x600	a40c5361ba9f	900x600	0.1413		
pdf_equipment_catalogue_40_photos.pdf	40	62e586224cf3	900x600	055e16b1b078	900x600	0.1238		
pdf_equipment_catalogue_40_photos.pdf	40	62e586224cf3	900x600	acbce92c0fc9	900x600	0.1052		
pdf_equipment_catalogue_40_photos.pdf	40	62e586224cf3	900x600	675334ce7a1f	900x600	0.0842		
pdf_equipment_catalogue_40_photos.pdf	40	62e586224cf3	900x600	91596d93461e	900x600	0.0631		
pdf_equipment_catalogue_40_photos.pdf	40	62e586224cf3	900x600	b484846a948c	900x600	0.0647		
pdf_equipment_catalogue_40_photos.pdf	40	62e586224cf3	900x600	8f50bc9cca28	900x600	0.0819		
pdf_equipment_catalogue_40_photos.pdf	40	62e586224cf3	900x600	944a03bfabec	900x600	0.1464		
pdf_equipment_catalogue_40_photos.pdf	40	62e586224cf3	900x600	3f47b62aff9c	900x600	0.1230		
pdf_equipment_catalogue_40_photos.pdf	40	62e586224cf3	900x600	88975080c691	900x600	0.1022		
pdf_equipment_catalogue_40_photos.pdf	40	62e586224cf3	900x600	bec183c2d27a	900x600	0.0797		
pdf_equipment_catalogue_40_photos.pdf	40	62e586224cf3	900x600	e8e7c0f3627a	900x600	0.0750		
pdf_equipment_catalogue_40_photos.pdf	40	62e586224cf3	900x600	6c1db05f7451	900x600	0.0856		
pdf_equipment_catalogue_40_photos.pdf	40	62e586224cf3	900x600	1ff20ce29af5	900x600	0.1000		
pdf_equipment_catalogue_40_photos.pdf	40	62e586224cf3	900x600	b1bddda639c7	900x600	0.0962		
pdf_equipment_catalogue_40_photos.pdf	40	62e586224cf3	900x600	0beb67b5a793	900x600	0.1272		
pdf_equipment_catalogue_40_photos.pdf	40	62e586224cf3	900x600	6593c3212f1a	900x600	0.1077		
pdf_equipment_catalogue_40_photos.pdf	40	62e586224cf3	900x600	838e0c7818ba	900x600	0.0863		
pdf_equipment_catalogue_40_photos.pdf	40	62e586224cf3	900x600	7835f55e1038	900x600	0.0689		
pdf_equipment_catalogue_40_photos.pdf	40	62e586224cf3	900x600	ab8d25421874	900x600	0.0501		
pdf_equipment_catalogue_40_photos.pdf	40	62e586224cf3	900x600	b6d037bcc373	900x600	0.0365		
pdf_equipment_catalogue_40_photos.pdf	40	62e586224cf3	900x600	ffef5493833b	900x600	0.0510		
pdf_equipment_catalogue_40_photos.pdf	40	62e586224cf3	900x600	9a1c0ba5f2ed	900x600	0.1389		
pdf_equipment_catalogue_40_photos.pdf	40	62e586224cf3	900x600	d99b4937ca16	900x600	0.1208		
pdf_equipment_catalogue_40_photos.pdf	40	62e586224cf3	900x600	41e6a1bf8d6e	900x600	0.1007		
pdf_equipment_catalogue_40_photos.pdf	40	578e684bab45	900x600	e48d9cb26bb5	900x600	0.0298		
pdf_equipment_catalogue_40_photos.pdf	40	578e684bab45	900x600	88d66ec7663b	900x600	0.0647		
pdf_equipment_catalogue_40_photos.pdf	40	578e684bab45	900x600	d8ac46f70c55	900x600	0.0663		
pdf_equipment_catalogue_40_photos.pdf	40	578e684bab45	900x600	28b25ce6a609	900x600	0.0864		
pdf_equipment_catalogue_40_photos.pdf	40	578e684bab45	900x600	7c72af4b1dff	900x600	0.1085		
pdf_equipment_catalogue_40_photos.pdf	40	578e684bab45	900x600	eb81455a73b9	900x600	0.1305		
pdf_equipment_catalogue_40_photos.pdf	40	578e684bab45	900x600	a40c5361ba9f	900x600	0.0990		
pdf_equipment_catalogue_40_photos.pdf	40	578e684bab45	900x600	055e16b1b078	900x600	0.0817		
pdf_equipment_catalogue_40_photos.pdf	40	578e684bab45	900x600	acbce92c0fc9	900x600	0.0714		
pdf_equipment_catalogue_40_photos.pdf	40	578e684bab45	900x600	675334ce7a1f	900x600	0.0680		
pdf_equipment_catalogue_40_photos.pdf	40	578e684bab45	900x600	91596d93461e	900x600	0.0921		
pdf_equipment_catalogue_40_photos.pdf	40	578e684bab45	900x600	b484846a948c	900x600	0.1039		
pdf_equipment_catalogue_40_photos.pdf	40	578e684bab45	900x600	8f50bc9cca28	900x600	0.1233		
pdf_equipment_catalogue_40_photos.pdf	40	578e684bab45	900x600	944a03bfabec	900x600	0.0574		
pdf_equipment_catalogue_40_photos.pdf	40	578e684bab45	900x600	3f47b62aff9c	900x600	0.0273		
pdf_equipment_catalogue_40_photos.pdf	40	578e684bab45	900x600	88975080c691	900x600	0.0328		
pdf_equipment_catalogue_40_photos.pdf	40	578e684bab45	900x600	bec183c2d27a	900x600	0.0518		
pdf_equipment_catalogue_40_photos.pdf	40	578e684bab45	900x600	e8e7c0f3627a	900x600	0.0735		
pdf_equipment_catalogue_40_photos.pdf	40	578e684bab45	900x600	6c1db05f7451	900x600	0.0912		
pdf_equipment_catalogue_40_photos.pdf	40	578e684bab45	900x600	1ff20ce29af5	900x600	0.1113		
pdf_equipment_catalogue_40_photos.pdf	40	578e684bab45	900x600	b1bddda639c7	900x600	0.1349		
pdf_equipment_catalogue_40_photos.pdf	40	578e684bab45	900x600	0beb67b5a793	900x600	0.0953		
pdf_equipment_catalogue_40_photos.pdf	40	578e684bab45	900x600	6593c3212f1a	900x600	0.0791		
pdf_equipment_catalogue_40_photos.pdf	40	578e684bab45	900x600	838e0c7818ba	900x600	0.0687		
pdf_equipment_catalogue_40_photos.pdf	40	578e684bab45	900x600	7835f55e1038	900x600	0.0711		
pdf_equipment_catalogue_40_photos.pdf	40	578e684bab45	900x600	ab8d25421874	900x600	0.0930		
pdf_equipment_catalogue_40_photos.pdf	40	578e684bab45	900x600	b6d037bcc373	900x600	0.1153		
pdf_equipment_catalogue_40_photos.pdf	40	578e684bab45	900x600	ffef5493833b	900x600	0.1370		
pdf_equipment_catalogue_40_photos.pdf	40	578e684bab45	900x600	9a1c0ba5f2ed	900x600	0.0525		
pdf_equipment_catalogue_40_photos.pdf	40	578e684bab45	900x600	d99b4937ca16	900x600	0.0571		
pdf_equipment_catalogue_40_photos.pdf	40	578e684bab45	900x600	41e6a1bf8d6e	900x600	0.0522		
pdf_equipment_catalogue_40_photos.pdf	40	e48d9cb26bb5	900x600	88d66ec7663b	900x600	0.0443		
pdf_equipment_catalogue_40_photos.pdf	40	e48d9cb26bb5	900x600	d8ac46f70c55	900x600	0.0930		
pdf_equipment_catalogue_40_photos.pdf	40	e48d9cb26bb5	900x600	28b25ce6a609	900x600	0.0683		
pdf_equipment_catalogue_40_photos.pdf	40	e48d9cb26bb5	900x600	7c72af4b1dff	900x600	0.0882		
pdf_equipment_catalogue_40_photos.pdf	40	e48d9cb26bb5	900x600	eb81455a73b9	900x600	0.1103		
pdf_equipment_catalogue_40_photos.pdf	40	e48d9cb26bb5	900x600	a40c5361ba9f	900x600	0.1171		
pdf_equipment_catalogue_40_photos.pdf	40	e48d9cb26bb5	900x600	055e16b1b078	900x600	0.1006		
pdf_equipment_catalogue_40_photos.pdf	40	e48d9cb26bb5	900x600	acbce92c0fc9	900x600	0.0901		
pdf_equipment_catalogue_40_photos.pdf	40	e48d9cb26bb5	900x600	675334ce7a1f	900x600	0.0782		
pdf_equipment_catalogue_40_photos.pdf	40	e48d9cb26bb5	900x600	91596d93461e	900x600	0.0718		
pdf_equipment_catalogue_40_photos.pdf	40	e48d9cb26bb5	900x600	b484846a948c	900x600	0.0869		
pdf_equipment_catalogue_40_photos.pdf	40	e48d9cb26bb5	900x600	8f50bc9cca28	900x600	0.1053		
pdf_equipment_catalogue_40_photos.pdf	40	e48d9cb26bb5	900x600	944a03bfabec	900x600	0.0863		
pdf_equipment_catalogue_40_photos.pdf	40	e48d9cb26bb5	900x600	3f47b62aff9c	900x600	0.0558		
pdf_equipment_catalogue_40_photos.pdf	40	e48d9cb26bb5	900x600	88975080c691	900x600	0.0341		
pdf_equipment_catalogue_40_photos.pdf	40	e48d9cb26bb5	900x600	bec183c2d27a	900x600	0.0338		
pdf_equipment_catalogue_40_photos.pdf	40	e48d9cb26bb5	900x600	e8e7c0f3627a	900x600	0.0556		
pdf_equipment_catalogue_40_photos.pdf	40	e48d9cb26bb5	900x600	6c1db05f7451	900x600	0.0913		
pdf_equipment_catalogue_40_photos.pdf	40	e48d9cb26bb5	900x600	1ff20ce29af5	900x600	0.0935		
pdf_equipment_catalogue_40_photos.pdf	40	e48d9cb26bb5	900x600	b1bddda639c7	900x600	0.1246		
pdf_equipment_catalogue_40_photos.pdf	40	e48d9cb26bb5	900x600	0beb67b5a793	900x600	0.1136		
pdf_equipment_catalogue_40_photos.pdf	40	e48d9cb26bb5	900x600	6593c3212f1a	900x600	0.0972		
pdf_equipment_catalogue_40_photos.pdf	40	e48d9cb26bb5	900x600	838e0c7818ba	900x600	0.0875		
pdf_equipment_catalogue_40_photos.pdf	40	e48d9cb26bb5	900x600	7835f55e1038	900x600	0.0754		
pdf_equipment_catalogue_40_photos.pdf	40	e48d9cb26bb5	900x600	ab8d25421874	900x600	0.0728		
pdf_equipment_catalogue_40_photos.pdf	40	e48d9cb26bb5	900x600	b6d037bcc373	900x600	0.0949		
pdf_equipment_catalogue_40_photos.pdf	40	e48d9cb26bb5	900x600	ffef5493833b	900x600	0.1170		
pdf_equipment_catalogue_40_photos.pdf	40	e48d9cb26bb5	900x600	9a1c0ba5f2ed	900x600	0.0319		
pdf_equipment_catalogue_40_photos.pdf	40	e48d9cb26bb5	900x600	d99b4937ca16	900x600	0.0849		
pdf_equipment_catalogue_40_photos.pdf	40	e48d9cb26bb5	900x600	41e6a1bf8d6e	900x600	0.0571		
pdf_equipment_catalogue_40_photos.pdf	40	88d66ec7663b	900x600	d8ac46f70c55	900x600	0.1135		
pdf_equipment_catalogue_40_photos.pdf	40	88d66ec7663b	900x600	28b25ce6a609	900x600	0.0949		
pdf_equipment_catalogue_40_photos.pdf	40	88d66ec7663b	900x600	7c72af4b1dff	900x600	0.0738		
pdf_equipment_catalogue_40_photos.pdf	40	88d66ec7663b	900x600	eb81455a73b9	900x600	0.0883		
pdf_equipment_catalogue_40_photos.pdf	40	88d66ec7663b	900x600	a40c5361ba9f	900x600	0.1244		
pdf_equipment_catalogue_40_photos.pdf	40	88d66ec7663b	900x600	055e16b1b078	900x600	0.1090		
pdf_equipment_catalogue_40_photos.pdf	40	88d66ec7663b	900x600	acbce92c0fc9	900x600	0.1007		
pdf_equipment_catalogue_40_photos.pdf	40	88d66ec7663b	900x600	675334ce7a1f	900x600	0.0879		
pdf_equipment_catalogue_40_photos.pdf	40	88d66ec7663b	900x600	91596d93461e	900x600	0.0733		
pdf_equipment_catalogue_40_photos.pdf	40	88d66ec7663b	900x600	b484846a948c	900x600	0.0684		
pdf_equipment_catalogue_40_photos.pdf	40	88d66ec7663b	900x600	8f50bc9cca28	900x600	0.0860		
pdf_equipment_catalogue_40_photos.pdf	40	88d66ec7663b	900x600	944a03bfabec	900x600	0.1133		
pdf_equipment_catalogue_40_photos.pdf	40	88d66ec7663b	900x600	3f47b62aff9c	900x600	0.0902		
pdf_equipment_catalogue_40_photos.pdf	40	88d66ec7663b	900x600	88975080c691	900x600	0.0761		
pdf_equipment_catalogue_40_photos.pdf	40	88d66ec7663b	900x600	bec183c2d27a	900x600	0.0288		
pdf_equipment_catalogue_40_photos.pdf	40	88d66ec7663b	900x600	e8e7c0f3627a	900x600	0.0362		
pdf_equipment_catalogue_40_photos.pdf	40	88d66ec7663b	900x600	6c1db05f7451	900x600	0.1186		
pdf_equipment_catalogue_40_photos.pdf	40	88d66ec7663b	900x600	1ff20ce29af5	900x600	0.1005		
pdf_equipment_catalogue_40_photos.pdf	40	88d66ec7663b	900x600	b1bddda639c7	900x600	0.1351		
pdf_equipment_catalogue_40_photos.pdf	40	88d66ec7663b	900x600	0beb67b5a793	900x600	0.1204		
pdf_equipment_catalogue_40_photos.pdf	40	88d66ec7663b	900x600	6593c3212f1a	900x600	0.1055		
pdf_equipment_catalogue_40_photos.pdf	40	88d66ec7663b	900x600	838e0c7818ba	900x600	0.0967		
pdf_equipment_catalogue_40_photos.pdf	40	88d66ec7663b	900x600	7835f55e1038	900x600	0.1096		
pdf_equipment_catalogue_40_photos.pdf	40	88d66ec7663b	900x600	ab8d25421874	900x600	0.0883		
pdf_equipment_catalogue_40_photos.pdf	40	88d66ec7663b	900x600	b6d037bcc373	900x600	0.0730		
pdf_equipment_catalogue_40_photos.pdf	40	88d66ec7663b	900x600	ffef5493833b	900x600	0.0948		
pdf_equipment_catalogue_40_photos.pdf	40	88d66ec7663b	900x600	9a1c0ba5f2ed	900x600	0.0503		
pdf_equipment_catalogue_40_photos.pdf	40	88d66ec7663b	900x600	d99b4937ca16	900x600	0.1187		
pdf_equipment_catalogue_40_photos.pdf	40	88d66ec7663b	900x600	41e6a1bf8d6e	900x600	0.0976		
pdf_equipment_catalogue_40_photos.pdf	40	d8ac46f70c55	900x600	28b25ce6a609	900x600	0.0267		
pdf_equipment_catalogue_40_photos.pdf	40	d8ac46f70c55	900x600	7c72af4b1dff	900x600	0.0553		
pdf_equipment_catalogue_40_photos.pdf	40	d8ac46f70c55	900x600	eb81455a73b9	900x600	0.0864		
pdf_equipment_catalogue_40_photos.pdf	40	d8ac46f70c55	900x600	a40c5361ba9f	900x600	0.1375		
pdf_equipment_catalogue_40_photos.pdf	40	d8ac46f70c55	900x600	055e16b1b078	900x600	0.1225		
pdf_equipment_catalogue_40_photos.pdf	40	d8ac46f70c55	900x600	acbce92c0fc9	900x600	0.1118		
pdf_equipment_catalogue_40_photos.pdf	40	d8ac46f70c55	900x600	675334ce7a1f	900x600	0.1006		
pdf_equipment_catalogue_40_photos.pdf	40	d8ac46f70c55	900x600	91596d93461e	900x600	0.0857		
pdf_equipment_catalogue_40_photos.pdf	40	d8ac46f70c55	900x600	b484846a948c	900x600	0.0937		
pdf_equipment_catalogue_40_photos.pdf	40	d8ac46f70c55	900x600	8f50bc9cca28	900x600	0.1139		
pdf_equipment_catalogue_40_photos.pdf	40	d8ac46f70c55	900x600	944a03bfabec	900x600	0.0876		
pdf_equipment_catalogue_40_photos.pdf	40	d8ac46f70c55	900x600	3f47b62aff9c	900x600	0.0642		
pdf_equipment_catalogue_40_photos.pdf	40	d8ac46f70c55	900x600	88975080c691	900x600	0.0610		
pdf_equipment_catalogue_40_photos.pdf	40	d8ac46f70c55	900x600	bec183c2d27a	900x600	0.0857		
pdf_equipment_catalogue_40_photos.pdf	40	d8ac46f70c55	900x600	e8e7c0f3627a	900x600	0.1063		
pdf_equipment_catalogue_40_photos.pdf	40	d8ac46f70c55	900x600	6c1db05f7451	900x600	0.0328		
pdf_equipment_catalogue_40_photos.pdf	40	d8ac46f70c55	900x600	1ff20ce29af5	900x600	0.0528		
pdf_equipment_catalogue_40_photos.pdf	40	d8ac46f70c55	900x600	b1bddda639c7	900x600	0.1475		
pdf_equipment_catalogue_40_photos.pdf	40	d8ac46f70c55	900x600	0beb67b5a793	900x600	0.1340		
pdf_equipment_catalogue_40_photos.pdf	40	d8ac46f70c55	900x600	6593c3212f1a	900x600	0.1186		
pdf_equipment_catalogue_40_photos.pdf	40	d8ac46f70c55	900x600	838e0c7818ba	900x600	0.1194		
pdf_equipment_catalogue_40_photos.pdf	40	d8ac46f70c55	900x600	7835f55e1038	900x600	0.0952		
pdf_equipment_catalogue_40_photos.pdf	40	d8ac46f70c55	900x600	ab8d25421874	900x600	0.0819		
pdf_equipment_catalogue_40_photos.pdf	40	d8ac46f70c55	900x600	b6d037bcc373	900x600	0.0698		
pdf_equipment_catalogue_40_photos.pdf	40	d8ac46f70c55	900x600	ffef5493833b	900x600	0.0824		
pdf_equipment_catalogue_40_photos.pdf	40	d8ac46f70c55	900x600	9a1c0ba5f2ed	900x600	0.1100		
pdf_equipment_catalogue_40_photos.pdf	40	d8ac46f70c55	900x600	d99b4937ca16	900x600	0.0530		
pdf_equipment_catalogue_40_photos.pdf	40	d8ac46f70c55	900x600	41e6a1bf8d6e	900x600	0.0388		
pdf_equipment_catalogue_40_photos.pdf	40	28b25ce6a609	900x600	7c72af4b1dff	900x600	0.0294		
pdf_equipment_catalogue_40_photos.pdf	40	28b25ce6a609	900x600	eb81455a73b9	900x600	0.0618		
pdf_equipment_catalogue_40_photos.pdf	40	28b25ce6a609	900x600	a40c5361ba9f	900x600	0.1524		
pdf_equipment_catalogue_40_photos.pdf	40	28b25ce6a609	900x600	055e16b1b078	900x600	0.1368		
pdf_equipment_catalogue_40_photos.pdf	40	28b25ce6a609	900x600	acbce92c0fc9	900x600	0.1264		
pdf_equipment_catalogue_40_photos.pdf	40	28b25ce6a609	900x600	675334ce7a1f	900x600	0.1147		
pdf_equipment_catalogue_40_photos.pdf	40	28b25ce6a609	900x600	91596d93461e	900x600	0.1001		
pdf_equipment_catalogue_40_photos.pdf	40	28b25ce6a609	900x600	b484846a948c	900x600	0.0882		
pdf_equipment_catalogue_40_photos.pdf	40	28b25ce6a609	900x600	8f50bc9cca28	900x600	0.0925		
pdf_equipment_catalogue_40_photos.pdf	40	28b25ce6a609	900x600	944a03bfabec	900x600	0.1079		
pdf_equipment_catalogue_40_photos.pdf	40	28b25ce6a609	900x600	3f47b62aff9c	900x600	0.0846		
pdf_equipment_catalogue_40_photos.pdf	40	28b25ce6a609	900x600	88975080c691	900x600	0.0637		
pdf_equipment_catalogue_40_photos.pdf	40	28b25ce6a609	900x600	bec183c2d27a	900x600	0.0673		
pdf_equipment_catalogue_40_photos.pdf	40	28b25ce6a609	900x600	e8e7c0f3627a	900x600	0.0857		
pdf_equipment_catalogue_40_photos.pdf	40	28b25ce6a609	900x600	6c1db05f7451	900x600	0.0255		
pdf_equipment_catalogue_40_photos.pdf	40	28b25ce6a609	900x600	1ff20ce29af5	900x600	0.0350		
pdf_equipment_catalogue_40_photos.pdf	40	28b25ce6a609	900x600	b1bddda639c7	900x600	0.1619		
pdf_equipment_catalogue_40_photos.pdf	40	28b25ce6a609	900x600	0beb67b5a793	900x600	0.1483		
pdf_equipment_catalogue_40_photos.pdf	40	28b25ce6a609	900x600	6593c3212f1a	900x600	0.1334		
pdf_equipment_catalogue_40_photos.pdf	40	28b25ce6a609	900x600	838e0c7818ba	900x600	0.1235		
pdf_equipment_catalogue_40_photos.pdf	40	28b25ce6a609	900x600	7835f55e1038	900x600	0.1095		
pdf_equipment_catalogue_40_photos.pdf	40	28b25ce6a609	900x600	ab8d25421874	900x600	0.0962		
pdf_equipment_catalogue_40_photos.pdf	40	28b25ce6a609	900x600	b6d037bcc373	900x600	0.0845		
pdf_equipment_catalogue_40_photos.pdf	40	28b25ce6a609	900x600	ffef5493833b	900x600	0.0686		
pdf_equipment_catalogue_40_photos.pdf	40	28b25ce6a609	900x600	9a1c0ba5f2ed	900x600	0.0885		
pdf_equipment_catalogue_40_photos.pdf	40	28b25ce6a609	900x600	d99b4937ca16	900x600	0.0702		
pdf_equipment_catalogue_40_photos.pdf	40	28b25ce6a609	900x600	41e6a1bf8d6e	900x600	0.0504		
pdf_equipment_catalogue_40_photos.pdf	40	7c72af4b1dff	900x600	eb81455a73b9	900x600	0.0327		
pdf_equipment_catalogue_40_photos.pdf	40	7c72af4b1dff	900x600	a40c5361ba9f	900x600	0.1630		
pdf_equipment_catalogue_40_photos.pdf	40	7c72af4b1dff	900x600	055e16b1b078	900x600	0.1476		
pdf_equipment_catalogue_40_photos.pdf	40	7c72af4b1dff	900x600	acbce92c0fc9	900x600	0.1370		
pdf_equipment_catalogue_40_photos.pdf	40	7c72af4b1dff	900x600	675334ce7a1f	900x600	0.1255		
pdf_equipment_catalogue_40_photos.pdf	40	7c72af4b1dff	900x600	91596d93461e	900x600	0.1106		
pdf_equipment_catalogue_40_photos.pdf	40	7c72af4b1dff	900x600	b484846a948c	900x600	0.0987		
pdf_equipment_catalogue_40_photos.pdf	40	7c72af4b1dff	900x600	8f50bc9cca28	900x600	0.0860		
pdf_equipment_catalogue_40_photos.pdf	40	7c72af4b1dff	900x600	944a03bfabec	900x600	0.1300		
pdf_equipment_catalogue_40_photos.pdf	40	7c72af4b1dff	900x600	3f47b62aff9c	900x600	0.1065		
pdf_equipment_catalogue_40_photos.pdf	40	7c72af4b1dff	900x600	88975080c691	900x600	0.0858		
pdf_equipment_catalogue_40_photos.pdf	40	7c72af4b1dff	900x600	bec183c2d27a	900x600	0.0633		
pdf_equipment_catalogue_40_photos.pdf	40	7c72af4b1dff	900x600	e8e7c0f3627a	900x600	0.0645		
pdf_equipment_catalogue_40_photos.pdf	40	7c72af4b1dff	900x600	6c1db05f7451	900x600	0.0538		
pdf_equipment_catalogue_40_photos.pdf	40	7c72af4b1dff	900x600	1ff20ce29af5	900x600	0.0290		
pdf_equipment_catalogue_40_photos.pdf	40	7c72af4b1dff	900x600	b1bddda639c7	900x600	0.1725		
pdf_equipment_catalogue_40_photos.pdf	40	7c72af4b1dff	900x600	0beb67b5a793	900x600	0.1589		
pdf_equipment_catalogue_40_photos.pdf	40	7c72af4b1dff	900x600	6593c3212f1a	900x600	0.1439		
pdf_equipment_catalogue_40_photos.pdf	40	7c72af4b1dff	900x600	838e0c7818ba	900x600	0.1343		
pdf_equipment_catalogue_40_photos.pdf	40	7c72af4b1dff	900x600	7835f55e1038	900x600	0.1199		
pdf_equipment_catalogue_40_photos.pdf	40	7c72af4b1dff	900x600	ab8d25421874	900x600	0.1069		
pdf_equipment_catalogue_40_photos.pdf	40	7c72af4b1dff	900x600	b6d037bcc373	900x600	0.0947		
pdf_equipment_catalogue_40_photos.pdf	40	7c72af4b1dff	900x600	ffef5493833b	900x600	0.0793		
pdf_equipment_catalogue_40_photos.pdf	40	7c72af4b1dff	900x600	9a1c0ba5f2ed	900x600	0.1079		
pdf_equipment_catalogue_40_photos.pdf	40	7c72af4b1dff	900x600	d99b4937ca16	900x600	0.0898		
pdf_equipment_catalogue_40_photos.pdf	40	7c72af4b1dff	900x600	41e6a1bf8d6e	900x600	0.0695		
pdf_equipment_catalogue_40_photos.pdf	40	eb81455a73b9	900x600	a40c5361ba9f	900x600	0.1753		
pdf_equipment_catalogue_40_photos.pdf	40	eb81455a73b9	900x600	055e16b1b078	900x600	0.1603		
pdf_equipment_catalogue_40_photos.pdf	40	eb81455a73b9	900x600	acbce92c0fc9	900x600	0.1497		
pdf_equipment_catalogue_40_photos.pdf	40	eb81455a73b9	900x600	675334ce7a1f	900x600	0.1381		
pdf_equipment_catalogue_40_photos.pdf	40	eb81455a73b9	900x600	91596d93461e	900x600	0.1234		
pdf_equipment_catalogue_40_photos.pdf	40	eb81455a73b9	900x600	b484846a948c	900x600	0.1111		
pdf_equipment_catalogue_40_photos.pdf	40	eb81455a73b9	900x600	8f50bc9cca28	900x600	0.0987		
pdf_equipment_catalogue_40_photos.pdf	40	eb81455a73b9	900x600	944a03bfabec	900x600	0.1517		
pdf_equipment_catalogue_40_photos.pdf	40	eb81455a73b9	900x600	3f47b62aff9c	900x600	0.1284		
pdf_equipment_catalogue_40_photos.pdf	40	eb81455a73b9	900x600	88975080c691	900x600	0.1078		
pdf_equipment_catalogue_40_photos.pdf	40	eb81455a73b9	900x600	bec183c2d27a	900x600	0.0853		
pdf_equipment_catalogue_40_photos.pdf	40	eb81455a73b9	900x600	e8e7c0f3627a	900x600	0.0618		
pdf_equipment_catalogue_40_photos.pdf	40	eb81455a73b9	900x600	6c1db05f7451	900x600	0.0849		
pdf_equipment_catalogue_40_photos.pdf	40	eb81455a73b9	900x600	1ff20ce29af5	900x600	0.0597		
pdf_equipment_catalogue_40_photos.pdf	40	eb81455a73b9	900x600	b1bddda639c7	900x600	0.1852		
pdf_equipment_catalogue_40_photos.pdf	40	eb81455a73b9	900x600	0beb67b5a793	900x600	0.1709		
pdf_equipment_catalogue_40_photos.pdf	40	eb81455a73b9	900x600	6593c3212f1a	900x600	0.1566		
pdf_equipment_catalogue_40_photos.pdf	40	eb81455a73b9	900x600	838e0c7818ba	900x600	0.1469		
pdf_equipment_catalogue_40_photos.pdf	40	eb81455a73b9	900x600	7835f55e1038	900x600	0.1324		
pdf_equipment_catalogue_40_photos.pdf	40	eb81455a73b9	900x600	ab8d25421874	900x600	0.1192		
pdf_equipment_catalogue_40_photos.pdf	40	eb81455a73b9	900x600	b6d037bcc373	900x600	0.1066		
pdf_equipment_catalogue_40_photos.pdf	40	eb81455a73b9	900x600	ffef5493833b	900x600	0.0919		
pdf_equipment_catalogue_40_photos.pdf	40	eb81455a73b9	900x600	9a1c0ba5f2ed	900x600	0.1274		
pdf_equipment_catalogue_40_photos.pdf	40	eb81455a73b9	900x600	d99b4937ca16	900x600	0.1093		
pdf_equipment_catalogue_40_photos.pdf	40	eb81455a73b9	900x600	41e6a1bf8d6e	900x600	0.0893		
pdf_equipment_catalogue_40_photos.pdf	40	a40c5361ba9f	900x600	055e16b1b078	900x600	0.0291		
pdf_equipment_catalogue_40_photos.pdf	40	a40c5361ba9f	900x600	acbce92c0fc9	900x600	0.0880		
pdf_equipment_catalogue_40_photos.pdf	40	a40c5361ba9f	900x600	675334ce7a1f	900x600	0.0683		
pdf_equipment_catalogue_40_photos.pdf	40	a40c5361ba9f	900x600	91596d93461e	900x600	0.0907		
pdf_equipment_catalogue_40_photos.pdf	40	a40c5361ba9f	900x600	b484846a948c	900x600	0.1211		
pdf_equipment_catalogue_40_photos.pdf	40	a40c5361ba9f	900x600	8f50bc9cca28	900x600	0.1381		
pdf_equipment_catalogue_40_photos.pdf	40	a40c5361ba9f	900x600	944a03bfabec	900x600	0.1004		
pdf_equipment_catalogue_40_photos.pdf	40	a40c5361ba9f	900x600	3f47b62aff9c	900x600	0.1121		
pdf_equipment_catalogue_40_photos.pdf	40	a40c5361ba9f	900x600	88975080c691	900x600	0.1230		
pdf_equipment_catalogue_40_photos.pdf	40	a40c5361ba9f	900x600	bec183c2d27a	900x600	0.1375		
pdf_equipment_catalogue_40_photos.pdf	40	a40c5361ba9f	900x600	e8e7c0f3627a	900x600	0.1496		
pdf_equipment_catalogue_40_photos.pdf	40	a40c5361ba9f	900x600	6c1db05f7451	900x600	0.1650		
pdf_equipment_catalogue_40_photos.pdf	40	a40c5361ba9f	900x600	1ff20ce29af5	900x600	0.1794		
pdf_equipment_catalogue_40_photos.pdf	40	a40c5361ba9f	900x600	b1bddda639c7	900x600	0.1458		
pdf_equipment_catalogue_40_photos.pdf	40	a40c5361ba9f	900x600	0beb67b5a793	900x600	0.0292		
pdf_equipment_catalogue_40_photos.pdf	40	a40c5361ba9f	900x600	6593c3212f1a	900x600	0.0350		
pdf_equipment_catalogue_40_photos.pdf	40	a40c5361ba9f	900x600	838e0c7818ba	900x600	0.0563		
pdf_equipment_catalogue_40_photos.pdf	40	a40c5361ba9f	900x600	7835f55e1038	900x600	0.0968		
pdf_equipment_catalogue_40_photos.pdf	40	a40c5361ba9f	900x600	ab8d25421874	900x600	0.0931		
pdf_equipment_catalogue_40_photos.pdf	40	a40c5361ba9f	900x600	b6d037bcc373	900x600	0.1135		
pdf_equipment_catalogue_40_photos.pdf	40	a40c5361ba9f	900x600	ffef5493833b	900x600	0.1360		
pdf_equipment_catalogue_40_photos.pdf	40	a40c5361ba9f	900x600	9a1c0ba5f2ed	900x600	0.1113		
pdf_equipment_catalogue_40_photos.pdf	40	a40c5361ba9f	900x600	d99b4937ca16	900x600	0.1284		
pdf_equipment_catalogue_40_photos.pdf	40	a40c5361ba9f	900x600	41e6a1bf8d6e	900x600	0.1385		
pdf_equipment_catalogue_40_photos.pdf	40	055e16b1b078	900x600	acbce92c0fc9	900x600	0.1074		
pdf_equipment_catalogue_40_photos.pdf	40	055e16b1b078	900x600	675334ce7a1f	900x600	0.0872		
pdf_equipment_catalogue_40_photos.pdf	40	055e16b1b078	900x600	91596d93461e	900x600	0.0718		
pdf_equipment_catalogue_40_photos.pdf	40	055e16b1b078	900x600	b484846a948c	900x600	0.1028		
pdf_equipment_catalogue_40_photos.pdf	40	055e16b1b078	900x600	8f50bc9cca28	900x600	0.1204		
pdf_equipment_catalogue_40_photos.pdf	40	055e16b1b078	900x600	944a03bfabec	900x600	0.1201		
pdf_equipment_catalogue_40_photos.pdf	40	055e16b1b078	900x600	3f47b62aff9c	900x600	0.0968		
pdf_equipment_catalogue_40_photos.pdf	40	055e16b1b078	900x600	88975080c691	900x600	0.1069		
pdf_equipment_catalogue_40_photos.pdf	40	055e16b1b078	900x600	bec183c2d27a	900x600	0.1228		
pdf_equipment_catalogue_40_photos.pdf	40	055e16b1b078	900x600	e8e7c0f3627a	900x600	0.1346		
pdf_equipment_catalogue_40_photos.pdf	40	055e16b1b078	900x600	6c1db05f7451	900x600	0.1504		
pdf_equipment_catalogue_40_photos.pdf	40	055e16b1b078	900x600	1ff20ce29af5	900x600	0.1643		
pdf_equipment_catalogue_40_photos.pdf	40	055e16b1b078	900x600	b1bddda639c7	900x600	0.1278		
pdf_equipment_catalogue_40_photos.pdf	40	055e16b1b078	900x600	0beb67b5a793	900x600	0.0562		
pdf_equipment_catalogue_40_photos.pdf	40	055e16b1b078	900x600	6593c3212f1a	900x600	0.0277		
pdf_equipment_catalogue_40_photos.pdf	40	055e16b1b078	900x600	838e0c7818ba	900x600	0.0381		
pdf_equipment_catalogue_40_photos.pdf	40	055e16b1b078	900x600	7835f55e1038	900x600	0.1161		
pdf_equipment_catalogue_40_photos.pdf	40	055e16b1b078	900x600	ab8d25421874	900x600	0.0949		
pdf_equipment_catalogue_40_photos.pdf	40	055e16b1b078	900x600	b6d037bcc373	900x600	0.0956		
pdf_equipment_catalogue_40_photos.pdf	40	055e16b1b078	900x600	ffef5493833b	900x600	0.1149		
pdf_equipment_catalogue_40_photos.pdf	40	055e16b1b078	900x600	9a1c0ba5f2ed	900x600	0.0953		
pdf_equipment_catalogue_40_photos.pdf	40	055e16b1b078	900x600	d99b4937ca16	900x600	0.1253		
pdf_equipment_catalogue_40_photos.pdf	40	055e16b1b078	900x600	41e6a1bf8d6e	900x600	0.1230		
pdf_equipment_catalogue_40_photos.pdf	40	acbce92c0fc9	900x600	675334ce7a1f	900x600	0.0281		
pdf_equipment_catalogue_40_photos.pdf	40	acbce92c0fc9	900x600	91596d93461e	900x600	0.0519		
pdf_equipment_catalogue_40_photos.pdf	40	acbce92c0fc9	900x600	b484846a948c	900x600	0.0840		
pdf_equipment_catalogue_40_photos.pdf	40	acbce92c0fc9	900x600	8f50bc9cca28	900x600	0.1014		
pdf_equipment_catalogue_40_photos.pdf	40	acbce92c0fc9	900x600	944a03bfabec	900x600	0.0677		
pdf_equipment_catalogue_40_photos.pdf	40	acbce92c0fc9	900x600	3f47b62aff9c	900x600	0.0837		
pdf_equipment_catalogue_40_photos.pdf	40	acbce92c0fc9	900x600	88975080c691	900x600	0.0946		
pdf_equipment_catalogue_40_photos.pdf	40	acbce92c0fc9	900x600	bec183c2d27a	900x600	0.1102		
pdf_equipment_catalogue_40_photos.pdf	40	acbce92c0fc9	900x600	e8e7c0f3627a	900x600	0.1222		
pdf_equipment_catalogue_40_photos.pdf	40	acbce92c0fc9	900x600	6c1db05f7451	900x600	0.1378		
pdf_equipment_catalogue_40_photos.pdf	40	acbce92c0fc9	900x600	1ff20ce29af5	900x600	0.1518		
pdf_equipment_catalogue_40_photos.pdf	40	acbce92c0fc9	900x600	b1bddda639c7	900x600	0.1092		
pdf_equipment_catalogue_40_photos.pdf	40	acbce92c0fc9	900x600	0beb67b5a793	900x600	0.0598		
pdf_equipment_catalogue_40_photos.pdf	40	acbce92c0fc9	900x600	6593c3212f1a	900x600	0.0824		
pdf_equipment_catalogue_40_photos.pdf	40	acbce92c0fc9	900x600	838e0c7818ba	900x600	0.1006		
pdf_equipment_catalogue_40_photos.pdf	40	acbce92c0fc9	900x600	7835f55e1038	900x600	0.0369		
pdf_equipment_catalogue_40_photos.pdf	40	acbce92c0fc9	900x600	ab8d25421874	900x600	0.0562		
pdf_equipment_catalogue_40_photos.pdf	40	acbce92c0fc9	900x600	b6d037bcc373	900x600	0.0762		
pdf_equipment_catalogue_40_photos.pdf	40	acbce92c0fc9	900x600	ffef5493833b	900x600	0.0958		
pdf_equipment_catalogue_40_photos.pdf	40	acbce92c0fc9	900x600	9a1c0ba5f2ed	900x600	0.0913		
pdf_equipment_catalogue_40_photos.pdf	40	acbce92c0fc9	900x600	d99b4937ca16	900x600	0.0997		
pdf_equipment_catalogue_40_photos.pdf	40	acbce92c0fc9	900x600	41e6a1bf8d6e	900x600	0.1105		
pdf_equipment_catalogue_40_photos.pdf	40	675334ce7a1f	900x600	91596d93461e	900x600	0.0249		
pdf_equipment_catalogue_40_photos.pdf	40	675334ce7a1f	900x600	b484846a948c	900x600	0.0629		
pdf_equipment_catalogue_40_photos.pdf	40	675334ce7a1f	900x600	8f50bc9cca28	900x600	0.0805		
pdf_equipment_catalogue_40_photos.pdf	40	675334ce7a1f	900x600	944a03bfabec	900x600	0.0895		
pdf_equipment_catalogue_40_photos.pdf	40	675334ce7a1f	900x600	3f47b62aff9c	900x600	0.0725		
pdf_equipment_catalogue_40_photos.pdf	40	675334ce7a1f	900x600	88975080c691	900x600	0.0827		
pdf_equipment_catalogue_40_photos.pdf	40	675334ce7a1f	900x600	bec183c2d27a	900x600	0.1004		
pdf_equipment_catalogue_40_photos.pdf	40	675334ce7a1f	900x600	e8e7c0f3627a	900x600	0.1113		
pdf_equipment_catalogue_40_photos.pdf	40	675334ce7a1f	900x600	6c1db05f7451	900x600	0.1267		
pdf_equipment_catalogue_40_photos.pdf	40	675334ce7a1f	900x600	1ff20ce29af5	900x600	0.1407		
pdf_equipment_catalogue_40_photos.pdf	40	675334ce7a1f	900x600	b1bddda639c7	900x600	0.0882		
pdf_equipment_catalogue_40_photos.pdf	40	675334ce7a1f	900x600	0beb67b5a793	900x600	0.0638		
pdf_equipment_catalogue_40_photos.pdf	40	675334ce7a1f	900x600	6593c3212f1a	900x600	0.0624		
pdf_equipment_catalogue_40_photos.pdf	40	675334ce7a1f	900x600	838e0c7818ba	900x600	0.0777		
pdf_equipment_catalogue_40_photos.pdf	40	675334ce7a1f	900x600	7835f55e1038	900x600	0.0303		
pdf_equipment_catalogue_40_photos.pdf	40	675334ce7a1f	900x600	ab8d25421874	900x600	0.0350		
pdf_equipment_catalogue_40_photos.pdf	40	675334ce7a1f	900x600	b6d037bcc373	900x600	0.0544		
pdf_equipment_catalogue_40_photos.pdf	40	675334ce7a1f	900x600	ffef5493833b	900x600	0.0738		
pdf_equipment_catalogue_40_photos.pdf	40	675334ce7a1f	900x600	9a1c0ba5f2ed	900x600	0.0717		
pdf_equipment_catalogue_40_photos.pdf	40	675334ce7a1f	900x600	d99b4937ca16	900x600	0.0884		
pdf_equipment_catalogue_40_photos.pdf	40	675334ce7a1f	900x600	41e6a1bf8d6e	900x600	0.0993		
pdf_equipment_catalogue_40_photos.pdf	40	91596d93461e	900x600	b484846a948c	900x600	0.0456		
pdf_equipment_catalogue_40_photos.pdf	40	91596d93461e	900x600	8f50bc9cca28	900x600	0.0626		
pdf_equipment_catalogue_40_photos.pdf	40	91596d93461e	900x600	944a03bfabec	900x600	0.1134		
pdf_equipment_catalogue_40_photos.pdf	40	91596d93461e	900x600	3f47b62aff9c	900x600	0.0899		
pdf_equipment_catalogue_40_photos.pdf	40	91596d93461e	900x600	88975080c691	900x600	0.0692		
pdf_equipment_catalogue_40_photos.pdf	40	91596d93461e	900x600	bec183c2d27a	900x600	0.0848		
pdf_equipment_catalogue_40_photos.pdf	40	91596d93461e	900x600	e8e7c0f3627a	900x600	0.0960		
pdf_equipment_catalogue_40_photos.pdf	40	91596d93461e	900x600	6c1db05f7451	900x600	0.1111		
pdf_equipment_catalogue_40_photos.pdf	40	91596d93461e	900x600	1ff20ce29af5	900x600	0.1254		
pdf_equipment_catalogue_40_photos.pdf	40	91596d93461e	900x600	b1bddda639c7	900x600	0.0669		
pdf_equipment_catalogue_40_photos.pdf	40	91596d93461e	900x600	0beb67b5a793	900x600	0.0879		
pdf_equipment_catalogue_40_photos.pdf	40	91596d93461e	900x600	6593c3212f1a	900x600	0.0654		
pdf_equipment_catalogue_40_photos.pdf	40	91596d93461e	900x600	838e0c7818ba	900x600	0.0621		
pdf_equipment_catalogue_40_photos.pdf	40	91596d93461e	900x600	7835f55e1038	900x600	0.0539		
pdf_equipment_catalogue_40_photos.pdf	40	91596d93461e	900x600	ab8d25421874	900x600	0.0256		
pdf_equipment_catalogue_40_photos.pdf	40	91596d93461e	900x600	b6d037bcc373	900x600	0.0346		
pdf_equipment_catalogue_40_photos.pdf	40	91596d93461e	900x600	ffef5493833b	900x600	0.0523		
pdf_equipment_catalogue_40_photos.pdf	40	91596d93461e	900x600	9a1c0ba5f2ed	900x600	0.0818		
pdf_equipment_catalogue_40_photos.pdf	40	91596d93461e	900x600	d99b4937ca16	900x600	0.0731		
pdf_equipment_catalogue_40_photos.pdf	40	91596d93461e	900x600	41e6a1bf8d6e	900x600	0.0836		
pdf_equipment_catalogue_40_photos.pdf	40	b484846a948c	900x600	8f50bc9cca28	900x600	0.0277		
pdf_equipment_catalogue_40_photos.pdf	40	b484846a948c	900x600	944a03bfabec	900x600	0.1113		
pdf_equipment_catalogue_40_photos.pdf	40	b484846a948c	900x600	3f47b62aff9c	900x600	0.0903		
pdf_equipment_catalogue_40_photos.pdf	40	b484846a948c	900x600	88975080c691	900x600	0.0732		
pdf_equipment_catalogue_40_photos.pdf	40	b484846a948c	900x600	bec183c2d27a	900x600	0.0698		
pdf_equipment_catalogue_40_photos.pdf	40	b484846a948c	900x600	e8e7c0f3627a	900x600	0.0817		
pdf_equipment_catalogue_40_photos.pdf	40	b484846a948c	900x600	6c1db05f7451	900x600	0.0986		
pdf_equipment_catalogue_40_photos.pdf	40	b484846a948c	900x600	1ff20ce29af5	900x600	0.1114		
pdf_equipment_catalogue_40_photos.pdf	40	b484846a948c	900x600	b1bddda639c7	900x600	0.0790		
pdf_equipment_catalogue_40_photos.pdf	40	b484846a948c	900x600	0beb67b5a793	900x600	0.1049		
pdf_equipment_catalogue_40_photos.pdf	40	b484846a948c	900x600	6593c3212f1a	900x600	0.0862		
pdf_equipment_catalogue_40_photos.pdf	40	b484846a948c	900x600	838e0c7818ba	900x600	0.0652		
pdf_equipment_catalogue_40_photos.pdf	40	b484846a948c	900x600	7835f55e1038	900x600	0.0894		
pdf_equipment_catalogue_40_photos.pdf	40	b484846a948c	900x600	ab8d25421874	900x600	0.0683		
pdf_equipment_catalogue_40_photos.pdf	40	b484846a948c	900x600	b6d037bcc373	900x600	0.0301		
pdf_equipment_catalogue_40_photos.pdf	40	b484846a948c	900x600	ffef5493833b	900x600	0.0517		
pdf_equipment_catalogue_40_photos.pdf	40	b484846a948c	900x600	9a1c0ba5f2ed	900x600	0.1165		
pdf_equipment_catalogue_40_photos.pdf	40	b484846a948c	900x600	d99b4937ca16	900x600	0.0979		
pdf_equipment_catalogue_40_photos.pdf	40	b484846a948c	900x600	41e6a1bf8d6e	900x600	0.0785		
pdf_equipment_catalogue_40_photos.pdf	40	8f50bc9cca28	900x600	944a03bfabec	900x600	0.1308		
pdf_equipment_catalogue_40_photos.pdf	40	8f50bc9cca28	900x600	3f47b62aff9c	900x600	0.1092		
pdf_equipment_catalogue_40_photos.pdf	40	8f50bc9cca28	900x600	88975080c691	900x600	0.0915		
pdf_equipment_catalogue_40_photos.pdf	40	8f50bc9cca28	900x600	bec183c2d27a	900x600	0.0717		
pdf_equipment_catalogue_40_photos.pdf	40	8f50bc9cca28	900x600	e8e7c0f3627a	900x600	0.0677		
pdf_equipment_catalogue_40_photos.pdf	40	8f50bc9cca28	900x600	6c1db05f7451	900x600	0.1166		
pdf_equipment_catalogue_40_photos.pdf	40	8f50bc9cca28	900x600	1ff20ce29af5	900x600	0.0983		
pdf_equipment_catalogue_40_photos.pdf	40	8f50bc9cca28	900x600	b1bddda639c7	900x600	0.0893		
pdf_equipment_catalogue_40_photos.pdf	40	8f50bc9cca28	900x600	0beb67b5a793	900x600	0.1230		
pdf_equipment_catalogue_40_photos.pdf	40	8f50bc9cca28	900x600	6593c3212f1a	900x600	0.1038		
pdf_equipment_catalogue_40_photos.pdf	40	8f50bc9cca28	900x600	838e0c7818ba	900x600	0.0826		
pdf_equipment_catalogue_40_photos.pdf	40	8f50bc9cca28	900x600	7835f55e1038	900x600	0.1072		
pdf_equipment_catalogue_40_photos.pdf	40	8f50bc9cca28	900x600	ab8d25421874	900x600	0.0861		
pdf_equipment_catalogue_40_photos.pdf	40	8f50bc9cca28	900x600	b6d037bcc373	900x600	0.0546		
pdf_equipment_catalogue_40_photos.pdf	40	8f50bc9cca28	900x600	ffef5493833b	900x600	0.0320		
pdf_equipment_catalogue_40_photos.pdf	40	8f50bc9cca28	900x600	9a1c0ba5f2ed	900x600	0.1349		
pdf_equipment_catalogue_40_photos.pdf	40	8f50bc9cca28	900x600	d99b4937ca16	900x600	0.1167		
pdf_equipment_catalogue_40_photos.pdf	40	8f50bc9cca28	900x600	41e6a1bf8d6e	900x600	0.0967		
pdf_equipment_catalogue_40_photos.pdf	40	944a03bfabec	900x600	3f47b62aff9c	900x600	0.0311		
pdf_equipment_catalogue_40_photos.pdf	40	944a03bfabec	900x600	88975080c691	900x600	0.0537		
pdf_equipment_catalogue_40_photos.pdf	40	944a03bfabec	900x600	bec183c2d27a	900x600	0.0852		
pdf_equipment_catalogue_40_photos.pdf	40	944a03bfabec	900x600	e8e7c0f3627a	900x600	0.1037		
pdf_equipment_catalogue_40_photos.pdf	40	944a03bfabec	900x600	6c1db05f7451	900x600	0.1109		
pdf_equipment_catalogue_40_photos.pdf	40	944a03bfabec	900x600	1ff20ce29af5	900x600	0.1326		
pdf_equipment_catalogue_40_photos.pdf	40	944a03bfabec	900x600	b1bddda639c7	900x600	0.1561		
pdf_equipment_catalogue_40_photos.pdf	40	944a03bfabec	900x600	0beb67b5a793	900x600	0.0883		
pdf_equipment_catalogue_40_photos.pdf	40	944a03bfabec	900x600	6593c3212f1a	900x600	0.0946		
pdf_equipment_catalogue_40_photos.pdf	40	944a03bfabec	900x600	838e0c7818ba	900x600	0.1133		
pdf_equipment_catalogue_40_photos.pdf	40	944a03bfabec	900x600	7835f55e1038	900x600	0.0922		
pdf_equipment_catalogue_40_photos.pdf	40	944a03bfabec	900x600	ab8d25421874	900x600	0.1139		
pdf_equipment_catalogue_40_photos.pdf	40	944a03bfabec	900x600	b6d037bcc373	900x600	0.1361		
pdf_equipment_catalogue_40_photos.pdf	40	944a03bfabec	900x600	ffef5493833b	900x600	0.1583		
pdf_equipment_catalogue_40_photos.pdf	40	944a03bfabec	900x600	9a1c0ba5f2ed	900x600	0.1041		
pdf_equipment_catalogue_40_photos.pdf	40	944a03bfabec	900x600	d99b4937ca16	900x600	0.0517		
pdf_equipment_catalogue_40_photos.pdf	40	944a03bfabec	900x600	41e6a1bf8d6e	900x600	0.0732		
pdf_equipment_catalogue_40_photos.pdf	40	3f47b62aff9c	900x600	88975080c691	900x600	0.0234		
pdf_equipment_catalogue_40_photos.pdf	40	3f47b62aff9c	900x600	bec183c2d27a	900x600	0.0620		
pdf_equipment_catalogue_40_photos.pdf	40	3f47b62aff9c	900x600	e8e7c0f3627a	900x600	0.0805		
pdf_equipment_catalogue_40_photos.pdf	40	3f47b62aff9c	900x600	6c1db05f7451	900x600	0.0874		
pdf_equipment_catalogue_40_photos.pdf	40	3f47b62aff9c	900x600	1ff20ce29af5	900x600	0.1093		
pdf_equipment_catalogue_40_photos.pdf	40	3f47b62aff9c	900x600	b1bddda639c7	900x600	0.1326		
pdf_equipment_catalogue_40_photos.pdf	40	3f47b62aff9c	900x600	0beb67b5a793	900x600	0.1034		
pdf_equipment_catalogue_40_photos.pdf	40	3f47b62aff9c	900x600	6593c3212f1a	900x600	0.0869		
pdf_equipment_catalogue_40_photos.pdf	40	3f47b62aff9c	900x600	838e0c7818ba	900x600	0.0871		
pdf_equipment_catalogue_40_photos.pdf	40	3f47b62aff9c	900x600	7835f55e1038	900x600	0.0687		
pdf_equipment_catalogue_40_photos.pdf	40	3f47b62aff9c	900x600	ab8d25421874	900x600	0.0906		
pdf_equipment_catalogue_40_photos.pdf	40	3f47b62aff9c	900x600	b6d037bcc373	900x600	0.1125		
pdf_equipment_catalogue_40_photos.pdf	40	3f47b62aff9c	900x600	ffef5493833b	900x600	0.1350		
pdf_equipment_catalogue_40_photos.pdf	40	3f47b62aff9c	900x600	9a1c0ba5f2ed	900x600	0.0779		
pdf_equipment_catalogue_40_photos.pdf	40	3f47b62aff9c	900x600	d99b4937ca16	900x600	0.0310		
pdf_equipment_catalogue_40_photos.pdf	40	3f47b62aff9c	900x600	41e6a1bf8d6e	900x600	0.0497		
pdf_equipment_catalogue_40_photos.pdf	40	88975080c691	900x600	bec183c2d27a	900x600	0.0479		
pdf_equipment_catalogue_40_photos.pdf	40	88975080c691	900x600	e8e7c0f3627a	900x600	0.0663		
pdf_equipment_catalogue_40_photos.pdf	40	88975080c691	900x600	6c1db05f7451	900x600	0.0667		
pdf_equipment_catalogue_40_photos.pdf	40	88975080c691	900x600	1ff20ce29af5	900x600	0.0883		
pdf_equipment_catalogue_40_photos.pdf	40	88975080c691	900x600	b1bddda639c7	900x600	0.1234		
pdf_equipment_catalogue_40_photos.pdf	40	88975080c691	900x600	0beb67b5a793	900x600	0.1124		
pdf_equipment_catalogue_40_photos.pdf	40	88975080c691	900x600	6593c3212f1a	900x600	0.0962		
pdf_equipment_catalogue_40_photos.pdf	40	88975080c691	900x600	838e0c7818ba	900x600	0.0864		
pdf_equipment_catalogue_40_photos.pdf	40	88975080c691	900x600	7835f55e1038	900x600	0.0715		
pdf_equipment_catalogue_40_photos.pdf	40	88975080c691	900x600	ab8d25421874	900x600	0.0700		
pdf_equipment_catalogue_40_photos.pdf	40	88975080c691	900x600	b6d037bcc373	900x600	0.0922		
pdf_equipment_catalogue_40_photos.pdf	40	88975080c691	900x600	ffef5493833b	900x600	0.1140		
pdf_equipment_catalogue_40_photos.pdf	40	88975080c691	900x600	9a1c0ba5f2ed	900x600	0.0636		
pdf_equipment_catalogue_40_photos.pdf	40	88975080c691	900x600	d99b4937ca16	900x600	0.0523		
pdf_equipment_catalogue_40_photos.pdf	40	88975080c691	900x600	41e6a1bf8d6e	900x600	0.0291		
pdf_equipment_catalogue_40_photos.pdf	40	bec183c2d27a	900x600	e8e7c0f3627a	900x600	0.0274		
pdf_equipment_catalogue_40_photos.pdf	40	bec183c2d27a	900x600	6c1db05f7451	900x600	0.0904		
pdf_equipment_catalogue_40_photos.pdf	40	bec183c2d27a	900x600	1ff20ce29af5	900x600	0.0725		
pdf_equipment_catalogue_40_photos.pdf	40	bec183c2d27a	900x600	b1bddda639c7	900x600	0.1420		
pdf_equipment_catalogue_40_photos.pdf	40	bec183c2d27a	900x600	0beb67b5a793	900x600	0.1265		
pdf_equipment_catalogue_40_photos.pdf	40	bec183c2d27a	900x600	6593c3212f1a	900x600	0.1120		
pdf_equipment_catalogue_40_photos.pdf	40	bec183c2d27a	900x600	838e0c7818ba	900x600	0.1031		
pdf_equipment_catalogue_40_photos.pdf	40	bec183c2d27a	900x600	7835f55e1038	900x600	0.0894		
pdf_equipment_catalogue_40_photos.pdf	40	bec183c2d27a	900x600	ab8d25421874	900x600	0.0764		
pdf_equipment_catalogue_40_photos.pdf	40	bec183c2d27a	900x600	b6d037bcc373	900x600	0.0696		
pdf_equipment_catalogue_40_photos.pdf	40	bec183c2d27a	900x600	ffef5493833b	900x600	0.0917		
pdf_equipment_catalogue_40_photos.pdf	40	bec183c2d27a	900x600	9a1c0ba5f2ed	900x600	0.0643		
pdf_equipment_catalogue_40_photos.pdf	40	bec183c2d27a	900x600	d99b4937ca16	900x600	0.0908		
pdf_equipment_catalogue_40_photos.pdf	40	bec183c2d27a	900x600	41e6a1bf8d6e	900x600	0.0695		
pdf_equipment_catalogue_40_photos.pdf	40	e8e7c0f3627a	900x600	6c1db05f7451	900x600	0.1090		
pdf_equipment_catalogue_40_photos.pdf	40	e8e7c0f3627a	900x600	1ff20ce29af5	900x600	0.0908		
pdf_equipment_catalogue_40_photos.pdf	40	e8e7c0f3627a	900x600	b1bddda639c7	900x600	0.1524		
pdf_equipment_catalogue_40_photos.pdf	40	e8e7c0f3627a	900x600	0beb67b5a793	900x600	0.1376		
pdf_equipment_catalogue_40_photos.pdf	40	e8e7c0f3627a	900x600	6593c3212f1a	900x600	0.1232		
pdf_equipment_catalogue_40_photos.pdf	40	e8e7c0f3627a	900x600	838e0c7818ba	900x600	0.1134		
pdf_equipment_catalogue_40_photos.pdf	40	e8e7c0f3627a	900x600	7835f55e1038	900x600	0.1000		
pdf_equipment_catalogue_40_photos.pdf	40	e8e7c0f3627a	900x600	ab8d25421874	900x600	0.0866		
pdf_equipment_catalogue_40_photos.pdf	40	e8e7c0f3627a	900x600	b6d037bcc373	900x600	0.0737		
pdf_equipment_catalogue_40_photos.pdf	40	e8e7c0f3627a	900x600	ffef5493833b	900x600	0.0682		
pdf_equipment_catalogue_40_photos.pdf	40	e8e7c0f3627a	900x600	9a1c0ba5f2ed	900x600	0.0858		
pdf_equipment_catalogue_40_photos.pdf	40	e8e7c0f3627a	900x600	d99b4937ca16	900x600	0.1084		
pdf_equipment_catalogue_40_photos.pdf	40	e8e7c0f3627a	900x600	41e6a1bf8d6e	900x600	0.0873		
pdf_equipment_catalogue_40_photos.pdf	40	6c1db05f7451	900x600	1ff20ce29af5	900x600	0.0258		
pdf_equipment_catalogue_40_photos.pdf	40	6c1db05f7451	900x600	b1bddda639c7	900x600	0.1660		
pdf_equipment_catalogue_40_photos.pdf	40	6c1db05f7451	900x600	0beb67b5a793	900x600	0.1521		
pdf_equipment_catalogue_40_photos.pdf	40	6c1db05f7451	900x600	6593c3212f1a	900x600	0.1372		
pdf_equipment_catalogue_40_photos.pdf	40	6c1db05f7451	900x600	838e0c7818ba	900x600	0.1277		
pdf_equipment_catalogue_40_photos.pdf	40	6c1db05f7451	900x600	7835f55e1038	900x600	0.1133		
pdf_equipment_catalogue_40_photos.pdf	40	6c1db05f7451	900x600	ab8d25421874	900x600	0.1003		
pdf_equipment_catalogue_40_photos.pdf	40	6c1db05f7451	900x600	b6d037bcc373	900x600	0.0878		
pdf_equipment_catalogue_40_photos.pdf	40	6c1db05f7451	900x600	ffef5493833b	900x600	0.0858		
pdf_equipment_catalogue_40_photos.pdf	40	6c1db05f7451	900x600	9a1c0ba5f2ed	900x600	0.1096		
pdf_equipment_catalogue_40_photos.pdf	40	6c1db05f7451	900x600	d99b4937ca16	900x600	0.0852		
pdf_equipment_catalogue_40_photos.pdf	40	6c1db05f7451	900x600	41e6a1bf8d6e	900x600	0.0651		
pdf_equipment_catalogue_40_photos.pdf	40	1ff20ce29af5	900x600	b1bddda639c7	900x600	0.1783		
pdf_equipment_catalogue_40_photos.pdf	40	1ff20ce29af5	900x600	0beb67b5a793	900x600	0.1644		
pdf_equipment_catalogue_40_photos.pdf	40	1ff20ce29af5	900x600	6593c3212f1a	900x600	0.1501		
pdf_equipment_catalogue_40_photos.pdf	40	1ff20ce29af5	900x600	838e0c7818ba	900x600	0.1403		
pdf_equipment_catalogue_40_photos.pdf	40	1ff20ce29af5	900x600	7835f55e1038	900x600	0.1257		
pdf_equipment_catalogue_40_photos.pdf	40	1ff20ce29af5	900x600	ab8d25421874	900x600	0.1127		
pdf_equipment_catalogue_40_photos.pdf	40	1ff20ce29af5	900x600	b6d037bcc373	900x600	0.1005		
pdf_equipment_catalogue_40_photos.pdf	40	1ff20ce29af5	900x600	ffef5493833b	900x600	0.0852		
pdf_equipment_catalogue_40_photos.pdf	40	1ff20ce29af5	900x600	9a1c0ba5f2ed	900x600	0.1229		
pdf_equipment_catalogue_40_photos.pdf	40	1ff20ce29af5	900x600	d99b4937ca16	900x600	0.1048		
pdf_equipment_catalogue_40_photos.pdf	40	1ff20ce29af5	900x600	41e6a1bf8d6e	900x600	0.0849		
pdf_equipment_catalogue_40_photos.pdf	40	b1bddda639c7	900x600	0beb67b5a793	900x600	0.1321		
pdf_equipment_catalogue_40_photos.pdf	40	b1bddda639c7	900x600	6593c3212f1a	900x600	0.1124		
pdf_equipment_catalogue_40_photos.pdf	40	b1bddda639c7	900x600	838e0c7818ba	900x600	0.0913		
pdf_equipment_catalogue_40_photos.pdf	40	b1bddda639c7	900x600	7835f55e1038	900x600	0.0735		
pdf_equipment_catalogue_40_photos.pdf	40	b1bddda639c7	900x600	ab8d25421874	900x600	0.0700		
pdf_equipment_catalogue_40_photos.pdf	40	b1bddda639c7	900x600	b6d037bcc373	900x600	0.0875		
pdf_equipment_catalogue_40_photos.pdf	40	b1bddda639c7	900x600	ffef5493833b	900x600	0.1004		
pdf_equipment_catalogue_40_photos.pdf	40	b1bddda639c7	900x600	9a1c0ba5f2ed	900x600	0.1429		
pdf_equipment_catalogue_40_photos.pdf	40	b1bddda639c7	900x600	d99b4937ca16	900x600	0.1262		
pdf_equipment_catalogue_40_photos.pdf	40	b1bddda639c7	900x600	41e6a1bf8d6e	900x600	0.1368		
pdf_equipment_catalogue_40_photos.pdf	40	0beb67b5a793	900x600	6593c3212f1a	900x600	0.0311		
pdf_equipment_catalogue_40_photos.pdf	40	0beb67b5a793	900x600	838e0c7818ba	900x600	0.0555		
pdf_equipment_catalogue_40_photos.pdf	40	0beb67b5a793	900x600	7835f55e1038	900x600	0.0689		
pdf_equipment_catalogue_40_photos.pdf	40	0beb67b5a793	900x600	ab8d25421874	900x600	0.0886		
pdf_equipment_catalogue_40_photos.pdf	40	0beb67b5a793	900x600	b6d037bcc373	900x600	0.1108		
pdf_equipment_catalogue_40_photos.pdf	40	0beb67b5a793	900x600	ffef5493833b	900x600	0.1326		
pdf_equipment_catalogue_40_photos.pdf	40	0beb67b5a793	900x600	9a1c0ba5f2ed	900x600	0.0957		
pdf_equipment_catalogue_40_photos.pdf	40	0beb67b5a793	900x600	d99b4937ca16	900x600	0.1127		
pdf_equipment_catalogue_40_photos.pdf	40	0beb67b5a793	900x600	41e6a1bf8d6e	900x600	0.1240		
pdf_equipment_catalogue_40_photos.pdf	40	6593c3212f1a	900x600	838e0c7818ba	900x600	0.0261		
pdf_equipment_catalogue_40_photos.pdf	40	6593c3212f1a	900x600	7835f55e1038	900x600	0.0907		
pdf_equipment_catalogue_40_photos.pdf	40	6593c3212f1a	900x600	ab8d25421874	900x600	0.0696		
pdf_equipment_catalogue_40_photos.pdf	40	6593c3212f1a	900x600	b6d037bcc373	900x600	0.0884		
pdf_equipment_catalogue_40_photos.pdf	40	6593c3212f1a	900x600	ffef5493833b	900x600	0.1105		
pdf_equipment_catalogue_40_photos.pdf	40	6593c3212f1a	900x600	9a1c0ba5f2ed	900x600	0.0786		
pdf_equipment_catalogue_40_photos.pdf	40	6593c3212f1a	900x600	d99b4937ca16	900x600	0.0994		
pdf_equipment_catalogue_40_photos.pdf	40	6593c3212f1a	900x600	41e6a1bf8d6e	900x600	0.1070		
pdf_equipment_catalogue_40_photos.pdf	40	838e0c7818ba	900x600	7835f55e1038	900x600	0.1072		
pdf_equipment_catalogue_40_photos.pdf	40	838e0c7818ba	900x600	ab8d25421874	900x600	0.0851		
pdf_equipment_catalogue_40_photos.pdf	40	838e0c7818ba	900x600	b6d037bcc373	900x600	0.0648		
pdf_equipment_catalogue_40_photos.pdf	40	838e0c7818ba	900x600	ffef5493833b	900x600	0.0864		
pdf_equipment_catalogue_40_photos.pdf	40	838e0c7818ba	900x600	9a1c0ba5f2ed	900x600	0.0688		
pdf_equipment_catalogue_40_photos.pdf	40	838e0c7818ba	900x600	d99b4937ca16	900x600	0.1168		
pdf_equipment_catalogue_40_photos.pdf	40	838e0c7818ba	900x600	41e6a1bf8d6e	900x600	0.0973		
pdf_equipment_catalogue_40_photos.pdf	40	7835f55e1038	900x600	ab8d25421874	900x600	0.0296		
pdf_equipment_catalogue_40_photos.pdf	40	7835f55e1038	900x600	b6d037bcc373	900x600	0.0613		
pdf_equipment_catalogue_40_photos.pdf	40	7835f55e1038	900x600	ffef5493833b	900x600	0.0762		
pdf_equipment_catalogue_40_photos.pdf	40	7835f55e1038	900x600	9a1c0ba5f2ed	900x600	0.0977		
pdf_equipment_catalogue_40_photos.pdf	40	7835f55e1038	900x600	d99b4937ca16	900x600	0.0703		
pdf_equipment_catalogue_40_photos.pdf	40	7835f55e1038	900x600	41e6a1bf8d6e	900x600	0.0810		
pdf_equipment_catalogue_40_photos.pdf	40	ab8d25421874	900x600	b6d037bcc373	900x600	0.0400		
pdf_equipment_catalogue_40_photos.pdf	40	ab8d25421874	900x600	ffef5493833b	900x600	0.0551		
pdf_equipment_catalogue_40_photos.pdf	40	ab8d25421874	900x600	9a1c0ba5f2ed	900x600	0.0898		
pdf_equipment_catalogue_40_photos.pdf	40	ab8d25421874	900x600	d99b4937ca16	900x600	0.0714		
pdf_equipment_catalogue_40_photos.pdf	40	ab8d25421874	900x600	41e6a1bf8d6e	900x600	0.0674		
pdf_equipment_catalogue_40_photos.pdf	40	b6d037bcc373	900x600	ffef5493833b	900x600	0.0237		
pdf_equipment_catalogue_40_photos.pdf	40	b6d037bcc373	900x600	9a1c0ba5f2ed	900x600	0.1100		
pdf_equipment_catalogue_40_photos.pdf	40	b6d037bcc373	900x600	d99b4937ca16	900x600	0.0910		
pdf_equipment_catalogue_40_photos.pdf	40	b6d037bcc373	900x600	41e6a1bf8d6e	900x600	0.0707		
pdf_equipment_catalogue_40_photos.pdf	40	ffef5493833b	900x600	9a1c0ba5f2ed	900x600	0.1296		
pdf_equipment_catalogue_40_photos.pdf	40	ffef5493833b	900x600	d99b4937ca16	900x600	0.1105		
pdf_equipment_catalogue_40_photos.pdf	40	ffef5493833b	900x600	41e6a1bf8d6e	900x600	0.0906		
pdf_equipment_catalogue_40_photos.pdf	40	9a1c0ba5f2ed	900x600	d99b4937ca16	900x600	0.1075		
pdf_equipment_catalogue_40_photos.pdf	40	9a1c0ba5f2ed	900x600	41e6a1bf8d6e	900x600	0.0853		
pdf_equipment_catalogue_40_photos.pdf	40	d99b4937ca16	900x600	41e6a1bf8d6e	900x600	0.0295		
accessories-brochure-glanza-20260929-092925-91b560203dec.pdf	47	88e6354e867f	1653x1245	e009ad759a68	387x291	0.3197		
accessories-brochure-glanza-20260929-092925-91b560203dec.pdf	47	88e6354e867f	1653x1245	106c63b220c5	257x193	0.2394		
accessories-brochure-glanza-20260929-092925-91b560203dec.pdf	47	88e6354e867f	1653x1245	bb6eeb971d13	387x291	0.3143		
accessories-brochure-glanza-20260929-092925-91b560203dec.pdf	47	88e6354e867f	1653x1245	5eb430326ef5	257x193	0.2421		
accessories-brochure-glanza-20260929-092925-91b560203dec.pdf	47	88e6354e867f	1653x1245	35d9104aea07	266x199	0.2212		
accessories-brochure-glanza-20260929-092925-91b560203dec.pdf	47	88e6354e867f	1653x1245	96a1b3fa6f38	254x191	0.3173		
accessories-brochure-glanza-20260929-092925-91b560203dec.pdf	47	88e6354e867f	1653x1245	a60f8f763a9f	260x195	0.2599		
accessories-brochure-glanza-20260929-092925-91b560203dec.pdf	47	88e6354e867f	1653x1245	4d3e53d080a2	254x191	0.2872		
accessories-brochure-glanza-20260929-092925-91b560203dec.pdf	47	88e6354e867f	1653x1245	4788590baebc	254x191	0.2959		
accessories-brochure-glanza-20260929-092925-91b560203dec.pdf	47	88e6354e867f	1653x1245	142f80f643cc	264x198	0.2875		
accessories-brochure-glanza-20260929-092925-91b560203dec.pdf	47	88e6354e867f	1653x1245	82ad2f522600	255x192	0.3412		
accessories-brochure-glanza-20260929-092925-91b560203dec.pdf	47	88e6354e867f	1653x1245	226c063eb403	266x199	0.2863		
accessories-brochure-glanza-20260929-092925-91b560203dec.pdf	47	88e6354e867f	1653x1245	781a6c79ced4	257x193	0.2852		
accessories-brochure-glanza-20260929-092925-91b560203dec.pdf	47	88e6354e867f	1653x1245	fd25a0cb721b	255x191	0.2891		
accessories-brochure-glanza-20260929-092925-91b560203dec.pdf	47	88e6354e867f	1653x1245	6bfe55676715	251x188	0.2919		
accessories-brochure-glanza-20260929-092925-91b560203dec.pdf	47	88e6354e867f	1653x1245	daaccd876692	255x191	0.3168		
accessories-brochure-glanza-20260929-092925-91b560203dec.pdf	47	88e6354e867f	1653x1245	f3b93b4ec9ec	264x198	0.2993		
accessories-brochure-glanza-20260929-092925-91b560203dec.pdf	47	88e6354e867f	1653x1245	3bd1f96a83e9	258x194	0.2879		
accessories-brochure-glanza-20260929-092925-91b560203dec.pdf	47	88e6354e867f	1653x1245	29a3e0cf8012	283x212	0.3242		
accessories-brochure-glanza-20260929-092925-91b560203dec.pdf	47	88e6354e867f	1653x1245	65022dcbd847	254x191	0.3372		
accessories-brochure-glanza-20260929-092925-91b560203dec.pdf	47	88e6354e867f	1653x1245	f8b238edb145	407x305	0.3051		
accessories-brochure-glanza-20260929-092925-91b560203dec.pdf	47	88e6354e867f	1653x1245	45f0eaf935d7	276x207	0.2713		
accessories-brochure-glanza-20260929-092925-91b560203dec.pdf	47	88e6354e867f	1653x1245	58f9f9d27991	288x216	0.2847		
accessories-brochure-glanza-20260929-092925-91b560203dec.pdf	47	88e6354e867f	1653x1245	3f9e7fc140d3	252x189	0.3030		
accessories-brochure-glanza-20260929-092925-91b560203dec.pdf	47	119afc8d1070	1253x1889	d9ce33f0a250	1195x1801	0.0009	0.0341	
accessories-brochure-glanza-20260929-092925-91b560203dec.pdf	47	e009ad759a68	387x291	106c63b220c5	257x193	0.3114		
accessories-brochure-glanza-20260929-092925-91b560203dec.pdf	47	e009ad759a68	387x291	bb6eeb971d13	387x291	0.0551		
accessories-brochure-glanza-20260929-092925-91b560203dec.pdf	47	e009ad759a68	387x291	5eb430326ef5	257x193	0.2588		
accessories-brochure-glanza-20260929-092925-91b560203dec.pdf	47	e009ad759a68	387x291	35d9104aea07	266x199	0.2554		
accessories-brochure-glanza-20260929-092925-91b560203dec.pdf	47	e009ad759a68	387x291	96a1b3fa6f38	254x191	0.2637		
accessories-brochure-glanza-20260929-092925-91b560203dec.pdf	47	e009ad759a68	387x291	a60f8f763a9f	260x195	0.3465		
accessories-brochure-glanza-20260929-092925-91b560203dec.pdf	47	e009ad759a68	387x291	4d3e53d080a2	254x191	0.2891		
accessories-brochure-glanza-20260929-092925-91b560203dec.pdf	47	e009ad759a68	387x291	4788590baebc	254x191	0.2700		
accessories-brochure-glanza-20260929-092925-91b560203dec.pdf	47	e009ad759a68	387x291	142f80f643cc	264x198	0.2904		
accessories-brochure-glanza-20260929-092925-91b560203dec.pdf	47	e009ad759a68	387x291	82ad2f522600	255x192	0.2820		
accessories-brochure-glanza-20260929-092925-91b560203dec.pdf	47	e009ad759a68	387x291	226c063eb403	266x199	0.2835		
accessories-brochure-glanza-20260929-092925-91b560203dec.pdf	47	e009ad759a68	387x291	781a6c79ced4	257x193	0.2901		
accessories-brochure-glanza-20260929-092925-91b560203dec.pdf	47	e009ad759a68	387x291	fd25a0cb721b	255x191	0.2878		
accessories-brochure-glanza-20260929-092925-91b560203dec.pdf	47	e009ad759a68	387x291	6bfe55676715	251x188	0.2824		
accessories-brochure-glanza-20260929-092925-91b560203dec.pdf	47	e009ad759a68	387x291	daaccd876692	255x191	0.2757		
accessories-brochure-glanza-20260929-092925-91b560203dec.pdf	47	e009ad759a68	387x291	f3b93b4ec9ec	264x198	0.2468		
accessories-brochure-glanza-20260929-092925-91b560203dec.pdf	47	e009ad759a68	387x291	3bd1f96a83e9	258x194	0.2377		
accessories-brochure-glanza-20260929-092925-91b560203dec.pdf	47	e009ad759a68	387x291	29a3e0cf8012	283x212	0.2720		
accessories-brochure-glanza-20260929-092925-91b560203dec.pdf	47	e009ad759a68	387x291	65022dcbd847	254x191	0.2805		
accessories-brochure-glanza-20260929-092925-91b560203dec.pdf	47	f8b238edb145	407x305	e009ad759a68	387x291	0.0632		
accessories-brochure-glanza-20260929-092925-91b560203dec.pdf	47	e009ad759a68	387x291	45f0eaf935d7	276x207	0.2237		
accessories-brochure-glanza-20260929-092925-91b560203dec.pdf	47	e009ad759a68	387x291	58f9f9d27991	288x216	0.3574		
accessories-brochure-glanza-20260929-092925-91b560203dec.pdf	47	e009ad759a68	387x291	3f9e7fc140d3	252x189	0.2409		
accessories-brochure-glanza-20260929-092925-91b560203dec.pdf	47	bb6eeb971d13	387x291	106c63b220c5	257x193	0.2757		
accessories-brochure-glanza-20260929-092925-91b560203dec.pdf	47	106c63b220c5	257x193	5eb430326ef5	257x193	0.2576		
accessories-brochure-glanza-20260929-092925-91b560203dec.pdf	47	35d9104aea07	266x199	106c63b220c5	257x193	0.1993		
accessories-brochure-glanza-20260929-092925-91b560203dec.pdf	47	106c63b220c5	257x193	96a1b3fa6f38	254x191	0.2304		
accessories-brochure-glanza-20260929-092925-91b560203dec.pdf	47	a60f8f763a9f	260x195	106c63b220c5	257x193	0.1569		
accessories-brochure-glanza-20260929-092925-91b560203dec.pdf	47	106c63b220c5	257x193	4d3e53d080a2	254x191	0.2853		
accessories-brochure-glanza-20260929-092925-91b560203dec.pdf	47	106c63b220c5	257x193	4788590baebc	254x191	0.3084		
accessories-brochure-glanza-20260929-092925-91b560203dec.pdf	47	142f80f643cc	264x198	106c63b220c5	257x193	0.2849		
accessories-brochure-glanza-20260929-092925-91b560203dec.pdf	47	106c63b220c5	257x193	82ad2f522600	255x192	0.3234		
accessories-brochure-glanza-20260929-092925-91b560203dec.pdf	47	226c063eb403	266x199	106c63b220c5	257x193	0.2812		
accessories-brochure-glanza-20260929-092925-91b560203dec.pdf	47	106c63b220c5	257x193	781a6c79ced4	257x193	0.2834		
accessories-brochure-glanza-20260929-092925-91b560203dec.pdf	47	106c63b220c5	257x193	fd25a0cb721b	255x191	0.2825		
accessories-brochure-glanza-20260929-092925-91b560203dec.pdf	47	106c63b220c5	257x193	6bfe55676715	251x188	0.2837		
accessories-brochure-glanza-20260929-092925-91b560203dec.pdf	47	106c63b220c5	257x193	daaccd876692	255x191	0.3089		
accessories-brochure-glanza-20260929-092925-91b560203dec.pdf	47	f3b93b4ec9ec	264x198	106c63b220c5	257x193	0.1977		
accessories-brochure-glanza-20260929-092925-91b560203dec.pdf	47	3bd1f96a83e9	258x194	106c63b220c5	257x193	0.1843		
accessories-brochure-glanza-20260929-092925-91b560203dec.pdf	47	29a3e0cf8012	283x212	106c63b220c5	257x193	0.2430		
accessories-brochure-glanza-20260929-092925-91b560203dec.pdf	47	106c63b220c5	257x193	65022dcbd847	254x191	0.3213		
accessories-brochure-glanza-20260929-092925-91b560203dec.pdf	47	f8b238edb145	407x305	106c63b220c5	257x193	0.2759		
accessories-brochure-glanza-20260929-092925-91b560203dec.pdf	47	45f0eaf935d7	276x207	106c63b220c5	257x193	0.2552		
accessories-brochure-glanza-20260929-092925-91b560203dec.pdf	47	58f9f9d27991	288x216	106c63b220c5	257x193	0.2086		
accessories-brochure-glanza-20260929-092925-91b560203dec.pdf	47	106c63b220c5	257x193	3f9e7fc140d3	252x189	0.2647		
accessories-brochure-glanza-20260929-092925-91b560203dec.pdf	47	bb6eeb971d13	387x291	5eb430326ef5	257x193	0.2704		
accessories-brochure-glanza-20260929-092925-91b560203dec.pdf	47	bb6eeb971d13	387x291	35d9104aea07	266x199	0.2637		
accessories-brochure-glanza-20260929-092925-91b560203dec.pdf	47	bb6eeb971d13	387x291	96a1b3fa6f38	254x191	0.2280		
accessories-brochure-glanza-20260929-092925-91b560203dec.pdf	47	bb6eeb971d13	387x291	a60f8f763a9f	260x195	0.3109		
accessories-brochure-glanza-20260929-092925-91b560203dec.pdf	47	bb6eeb971d13	387x291	4d3e53d080a2	254x191	0.3139		
accessories-brochure-glanza-20260929-092925-91b560203dec.pdf	47	bb6eeb971d13	387x291	4788590baebc	254x191	0.3048		
accessories-brochure-glanza-20260929-092925-91b560203dec.pdf	47	bb6eeb971d13	387x291	142f80f643cc	264x198	0.3150		
accessories-brochure-glanza-20260929-092925-91b560203dec.pdf	47	bb6eeb971d13	387x291	82ad2f522600	255x192	0.3256		
accessories-brochure-glanza-20260929-092925-91b560203dec.pdf	47	bb6eeb971d13	387x291	226c063eb403	266x199	0.3083		
accessories-brochure-glanza-20260929-092925-91b560203dec.pdf	47	bb6eeb971d13	387x291	781a6c79ced4	257x193	0.3150		
accessories-brochure-glanza-20260929-092925-91b560203dec.pdf	47	bb6eeb971d13	387x291	fd25a0cb721b	255x191	0.3122		
accessories-brochure-glanza-20260929-092925-91b560203dec.pdf	47	bb6eeb971d13	387x291	6bfe55676715	251x188	0.3080		
accessories-brochure-glanza-20260929-092925-91b560203dec.pdf	47	bb6eeb971d13	387x291	daaccd876692	255x191	0.3189		
accessories-brochure-glanza-20260929-092925-91b560203dec.pdf	47	bb6eeb971d13	387x291	f3b93b4ec9ec	264x198	0.2112		
accessories-brochure-glanza-20260929-092925-91b560203dec.pdf	47	bb6eeb971d13	387x291	3bd1f96a83e9	258x194	0.2052		
accessories-brochure-glanza-20260929-092925-91b560203dec.pdf	47	bb6eeb971d13	387x291	29a3e0cf8012	283x212	0.2358		
accessories-brochure-glanza-20260929-092925-91b560203dec.pdf	47	bb6eeb971d13	387x291	65022dcbd847	254x191	0.3240		
accessories-brochure-glanza-20260929-092925-91b560203dec.pdf	47	f8b238edb145	407x305	bb6eeb971d13	387x291	0.0312		
accessories-brochure-glanza-20260929-092925-91b560203dec.pdf	47	bb6eeb971d13	387x291	45f0eaf935d7	276x207	0.2330		
accessories-brochure-glanza-20260929-092925-91b560203dec.pdf	47	bb6eeb971d13	387x291	58f9f9d27991	288x216	0.3211		
accessories-brochure-glanza-20260929-092925-91b560203dec.pdf	47	bb6eeb971d13	387x291	3f9e7fc140d3	252x189	0.2167		
accessories-brochure-glanza-20260929-092925-91b560203dec.pdf	47	35d9104aea07	266x199	5eb430326ef5	257x193	0.1877		
accessories-brochure-glanza-20260929-092925-91b560203dec.pdf	47	5eb430326ef5	257x193	96a1b3fa6f38	254x191	0.3348		
accessories-brochure-glanza-20260929-092925-91b560203dec.pdf	47	a60f8f763a9f	260x195	5eb430326ef5	257x193	0.2870		
accessories-brochure-glanza-20260929-092925-91b560203dec.pdf	47	5eb430326ef5	257x193	4d3e53d080a2	254x191	0.0851		
accessories-brochure-glanza-20260929-092925-91b560203dec.pdf	47	5eb430326ef5	257x193	4788590baebc	254x191	0.1095		
accessories-brochure-glanza-20260929-092925-91b560203dec.pdf	47	142f80f643cc	264x198	5eb430326ef5	257x193	0.0808		
accessories-brochure-glanza-20260929-092925-91b560203dec.pdf	47	5eb430326ef5	257x193	82ad2f522600	255x192	0.1694		
accessories-brochure-glanza-20260929-092925-91b560203dec.pdf	47	226c063eb403	266x199	5eb430326ef5	257x193	0.0899		
accessories-brochure-glanza-20260929-092925-91b560203dec.pdf	47	5eb430326ef5	257x193	781a6c79ced4	257x193	0.0821		
accessories-brochure-glanza-20260929-092925-91b560203dec.pdf	47	5eb430326ef5	257x193	fd25a0cb721b	255x191	0.0940		
accessories-brochure-glanza-20260929-092925-91b560203dec.pdf	47	5eb430326ef5	257x193	6bfe55676715	251x188	0.0885		
accessories-brochure-glanza-20260929-092925-91b560203dec.pdf	47	5eb430326ef5	257x193	daaccd876692	255x191	0.1386		
accessories-brochure-glanza-20260929-092925-91b560203dec.pdf	47	f3b93b4ec9ec	264x198	5eb430326ef5	257x193	0.3140		
accessories-brochure-glanza-20260929-092925-91b560203dec.pdf	47	3bd1f96a83e9	258x194	5eb430326ef5	257x193	0.2902		
accessories-brochure-glanza-20260929-092925-91b560203dec.pdf	47	29a3e0cf8012	283x212	5eb430326ef5	257x193	0.3368		
accessories-brochure-glanza-20260929-092925-91b560203dec.pdf	47	5eb430326ef5	257x193	65022dcbd847	254x191	0.1668		
accessories-brochure-glanza-20260929-092925-91b560203dec.pdf	47	f8b238edb145	407x305	5eb430326ef5	257x193	0.2612		
accessories-brochure-glanza-20260929-092925-91b560203dec.pdf	47	45f0eaf935d7	276x207	5eb430326ef5	257x193	0.2555		
accessories-brochure-glanza-20260929-092925-91b560203dec.pdf	47	58f9f9d27991	288x216	5eb430326ef5	257x193	0.2950		
accessories-brochure-glanza-20260929-092925-91b560203dec.pdf	47	5eb430326ef5	257x193	3f9e7fc140d3	252x189	0.3186		
accessories-brochure-glanza-20260929-092925-91b560203dec.pdf	47	35d9104aea07	266x199	96a1b3fa6f38	254x191	0.3206		
accessories-brochure-glanza-20260929-092925-91b560203dec.pdf	47	35d9104aea07	266x199	a60f8f763a9f	260x195	0.2473		
accessories-brochure-glanza-20260929-092925-91b560203dec.pdf	47	35d9104aea07	266x199	4d3e53d080a2	254x191	0.2335		
accessories-brochure-glanza-20260929-092925-91b560203dec.pdf	47	35d9104aea07	266x199	4788590baebc	254x191	0.2105		
accessories-brochure-glanza-20260929-092925-91b560203dec.pdf	47	35d9104aea07	266x199	142f80f643cc	264x198	0.2332		
accessories-brochure-glanza-20260929-092925-91b560203dec.pdf	47	35d9104aea07	266x199	82ad2f522600	255x192	0.2260		
accessories-brochure-glanza-20260929-092925-91b560203dec.pdf	47	35d9104aea07	266x199	226c063eb403	266x199	0.2255		
accessories-brochure-glanza-20260929-092925-91b560203dec.pdf	47	35d9104aea07	266x199	781a6c79ced4	257x193	0.2302		
accessories-brochure-glanza-20260929-092925-91b560203dec.pdf	47	35d9104aea07	266x199	fd25a0cb721b	255x191	0.2289		
accessories-brochure-glanza-20260929-092925-91b560203dec.pdf	47	35d9104aea07	266x199	6bfe55676715	251x188	0.2227		
accessories-brochure-glanza-20260929-092925-91b560203dec.pdf	47	35d9104aea07	266x199	daaccd876692	255x191	0.2229		
accessories-brochure-glanza-20260929-092925-91b560203dec.pdf	47	35d9104aea07	266x199	f3b93b4ec9ec	264x198	0.2870		
accessories-brochure-glanza-20260929-092925-91b560203dec.pdf	47	35d9104aea07	266x199	3bd1f96a83e9	258x194	0.2340		
accessories-brochure-glanza-20260929-092925-91b560203dec.pdf	47	29a3e0cf8012	283x212	35d9104aea07	266x199	0.3329		
accessories-brochure-glanza-20260929-092925-91b560203dec.pdf	47	35d9104aea07	266x199	65022dcbd847	254x191	0.2252		
accessories-brochure-glanza-20260929-092925-91b560203dec.pdf	47	f8b238edb145	407x305	35d9104aea07	266x199	0.2535		
accessories-brochure-glanza-20260929-092925-91b560203dec.pdf	47	45f0eaf935d7	276x207	35d9104aea07	266x199	0.2334		
accessories-brochure-glanza-20260929-092925-91b560203dec.pdf	47	58f9f9d27991	288x216	35d9104aea07	266x199	0.2664		
accessories-brochure-glanza-20260929-092925-91b560203dec.pdf	47	35d9104aea07	266x199	3f9e7fc140d3	252x189	0.2463		
accessories-brochure-glanza-20260929-092925-91b560203dec.pdf	47	a60f8f763a9f	260x195	96a1b3fa6f38	254x191	0.1849		
accessories-brochure-glanza-20260929-092925-91b560203dec.pdf	47	96a1b3fa6f38	254x191	4d3e53d080a2	254x191	0.3856		
accessories-brochure-glanza-20260929-092925-91b560203dec.pdf	47	96a1b3fa6f38	254x191	4788590baebc	254x191	0.4134		
accessories-brochure-glanza-20260929-092925-91b560203dec.pdf	47	142f80f643cc	264x198	96a1b3fa6f38	254x191	0.3875		
accessories-brochure-glanza-20260929-092925-91b560203dec.pdf	47	82ad2f522600	255x192	96a1b3fa6f38	254x191	0.4578		
accessories-brochure-glanza-20260929-092925-91b560203dec.pdf	47	226c063eb403	266x199	96a1b3fa6f38	254x191	0.3839		
accessories-brochure-glanza-20260929-092925-91b560203dec.pdf	47	781a6c79ced4	257x193	96a1b3fa6f38	254x191	0.3859		
accessories-brochure-glanza-20260929-092925-91b560203dec.pdf	47	fd25a0cb721b	255x191	96a1b3fa6f38	254x191	0.3832		
accessories-brochure-glanza-20260929-092925-91b560203dec.pdf	47	96a1b3fa6f38	254x191	6bfe55676715	251x188	0.3912		
accessories-brochure-glanza-20260929-092925-91b560203dec.pdf	47	daaccd876692	255x191	96a1b3fa6f38	254x191	0.4307		
accessories-brochure-glanza-20260929-092925-91b560203dec.pdf	47	f3b93b4ec9ec	264x198	96a1b3fa6f38	254x191	0.0552		
accessories-brochure-glanza-20260929-092925-91b560203dec.pdf	47	3bd1f96a83e9	258x194	96a1b3fa6f38	254x191	0.1085		
accessories-brochure-glanza-20260929-092925-91b560203dec.pdf	47	29a3e0cf8012	283x212	96a1b3fa6f38	254x191	0.0401		
accessories-brochure-glanza-20260929-092925-91b560203dec.pdf	47	96a1b3fa6f38	254x191	65022dcbd847	254x191	0.4560		
accessories-brochure-glanza-20260929-092925-91b560203dec.pdf	47	f8b238edb145	407x305	96a1b3fa6f38	254x191	0.2461		
accessories-brochure-glanza-20260929-092925-91b560203dec.pdf	47	45f0eaf935d7	276x207	96a1b3fa6f38	254x191	0.3254		
accessories-brochure-glanza-20260929-092925-91b560203dec.pdf	47	58f9f9d27991	288x216	96a1b3fa6f38	254x191	0.2351		
accessories-brochure-glanza-20260929-092925-91b560203dec.pdf	47	96a1b3fa6f38	254x191	3f9e7fc140d3	252x189	0.1723		
accessories-brochure-glanza-20260929-092925-91b560203dec.pdf	47	a60f8f763a9f	260x195	4d3e53d080a2	254x191	0.3280		
accessories-brochure-glanza-20260929-092925-91b560203dec.pdf	47	a60f8f763a9f	260x195	4788590baebc	254x191	0.3566		
accessories-brochure-glanza-20260929-092925-91b560203dec.pdf	47	142f80f643cc	264x198	a60f8f763a9f	260x195	0.3290		
accessories-brochure-glanza-20260929-092925-91b560203dec.pdf	47	a60f8f763a9f	260x195	82ad2f522600	255x192	0.3955		
accessories-brochure-glanza-20260929-092925-91b560203dec.pdf	47	226c063eb403	266x199	a60f8f763a9f	260x195	0.3258		
accessories-brochure-glanza-20260929-092925-91b560203dec.pdf	47	a60f8f763a9f	260x195	781a6c79ced4	257x193	0.3276		
accessories-brochure-glanza-20260929-092925-91b560203dec.pdf	47	a60f8f763a9f	260x195	fd25a0cb721b	255x191	0.3269		
accessories-brochure-glanza-20260929-092925-91b560203dec.pdf	47	a60f8f763a9f	260x195	6bfe55676715	251x188	0.3324		
accessories-brochure-glanza-20260929-092925-91b560203dec.pdf	47	a60f8f763a9f	260x195	daaccd876692	255x191	0.3692		
accessories-brochure-glanza-20260929-092925-91b560203dec.pdf	47	f3b93b4ec9ec	264x198	a60f8f763a9f	260x195	0.1740		
accessories-brochure-glanza-20260929-092925-91b560203dec.pdf	47	a60f8f763a9f	260x195	3bd1f96a83e9	258x194	0.2063		
accessories-brochure-glanza-20260929-092925-91b560203dec.pdf	47	29a3e0cf8012	283x212	a60f8f763a9f	260x195	0.1936		
accessories-brochure-glanza-20260929-092925-91b560203dec.pdf	47	a60f8f763a9f	260x195	65022dcbd847	254x191	0.3938		
accessories-brochure-glanza-20260929-092925-91b560203dec.pdf	47	f8b238edb145	407x305	a60f8f763a9f	260x195	0.3202		
accessories-brochure-glanza-20260929-092925-91b560203dec.pdf	47	45f0eaf935d7	276x207	a60f8f763a9f	260x195	0.3374		
accessories-brochure-glanza-20260929-092925-91b560203dec.pdf	47	58f9f9d27991	288x216	a60f8f763a9f	260x195	0.2025		
accessories-brochure-glanza-20260929-092925-91b560203dec.pdf	47	a60f8f763a9f	260x195	3f9e7fc140d3	252x189	0.2638		
accessories-brochure-glanza-20260929-092925-91b560203dec.pdf	47	4d3e53d080a2	254x191	4788590baebc	254x191	0.1340		
accessories-brochure-glanza-20260929-092925-91b560203dec.pdf	47	142f80f643cc	264x198	4d3e53d080a2	254x191	0.0113	0.6029	
accessories-brochure-glanza-20260929-092925-91b560203dec.pdf	47	82ad2f522600	255x192	4d3e53d080a2	254x191	0.1027		
accessories-brochure-glanza-20260929-092925-91b560203dec.pdf	47	226c063eb403	266x199	4d3e53d080a2	254x191	0.0189	0.6223	
accessories-brochure-glanza-20260929-092925-91b560203dec.pdf	47	781a6c79ced4	257x193	4d3e53d080a2	254x191	0.0127	0.6547	
accessories-brochure-glanza-20260929-092925-91b560203dec.pdf	47	fd25a0cb721b	255x191	4d3e53d080a2	254x191	0.0211		
accessories-brochure-glanza-20260929-092925-91b560203dec.pdf	47	4d3e53d080a2	254x191	6bfe55676715	251x188	0.0204		
accessories-brochure-glanza-20260929-092925-91b560203dec.pdf	47	daaccd876692	255x191	4d3e53d080a2	254x191	0.0722		
accessories-brochure-glanza-20260929-092925-91b560203dec.pdf	47	f3b93b4ec9ec	264x198	4d3e53d080a2	254x191	0.3704		
accessories-brochure-glanza-20260929-092925-91b560203dec.pdf	47	3bd1f96a83e9	258x194	4d3e53d080a2	254x191	0.3493		
accessories-brochure-glanza-20260929-092925-91b560203dec.pdf	47	29a3e0cf8012	283x212	4d3e53d080a2	254x191	0.3859		
accessories-brochure-glanza-20260929-092925-91b560203dec.pdf	47	4d3e53d080a2	254x191	65022dcbd847	254x191	0.0993		
accessories-brochure-glanza-20260929-092925-91b560203dec.pdf	47	f8b238edb145	407x305	4d3e53d080a2	254x191	0.3040		
accessories-brochure-glanza-20260929-092925-91b560203dec.pdf	47	45f0eaf935d7	276x207	4d3e53d080a2	254x191	0.3042		
accessories-brochure-glanza-20260929-092925-91b560203dec.pdf	47	58f9f9d27991	288x216	4d3e53d080a2	254x191	0.3057		
accessories-brochure-glanza-20260929-092925-91b560203dec.pdf	47	4d3e53d080a2	254x191	3f9e7fc140d3	252x189	0.3646		
accessories-brochure-glanza-20260929-092925-91b560203dec.pdf	47	142f80f643cc	264x198	4788590baebc	254x191	0.1340		
accessories-brochure-glanza-20260929-092925-91b560203dec.pdf	47	82ad2f522600	255x192	4788590baebc	254x191	0.0927		
accessories-brochure-glanza-20260929-092925-91b560203dec.pdf	47	226c063eb403	266x199	4788590baebc	254x191	0.1309		
accessories-brochure-glanza-20260929-092925-91b560203dec.pdf	47	781a6c79ced4	257x193	4788590baebc	254x191	0.1304		
accessories-brochure-glanza-20260929-092925-91b560203dec.pdf	47	fd25a0cb721b	255x191	4788590baebc	254x191	0.1386		
accessories-brochure-glanza-20260929-092925-91b560203dec.pdf	47	4788590baebc	254x191	6bfe55676715	251x188	0.1231		
accessories-brochure-glanza-20260929-092925-91b560203dec.pdf	47	daaccd876692	255x191	4788590baebc	254x191	0.0912		
accessories-brochure-glanza-20260929-092925-91b560203dec.pdf	47	f3b93b4ec9ec	264x198	4788590baebc	254x191	0.3817		
accessories-brochure-glanza-20260929-092925-91b560203dec.pdf	47	3bd1f96a83e9	258x194	4788590baebc	254x191	0.3333		
accessories-brochure-glanza-20260929-092925-91b560203dec.pdf	47	29a3e0cf8012	283x212	4788590baebc	254x191	0.4228		
accessories-brochure-glanza-20260929-092925-91b560203dec.pdf	47	4788590baebc	254x191	65022dcbd847	254x191	0.0931		
accessories-brochure-glanza-20260929-092925-91b560203dec.pdf	47	f8b238edb145	407x305	4788590baebc	254x191	0.2881		
accessories-brochure-glanza-20260929-092925-91b560203dec.pdf	47	45f0eaf935d7	276x207	4788590baebc	254x191	0.3223		
accessories-brochure-glanza-20260929-092925-91b560203dec.pdf	47	58f9f9d27991	288x216	4788590baebc	254x191	0.3599		
accessories-brochure-glanza-20260929-092925-91b560203dec.pdf	47	4788590baebc	254x191	3f9e7fc140d3	252x189	0.3867		
accessories-brochure-glanza-20260929-092925-91b560203dec.pdf	47	142f80f643cc	264x198	82ad2f522600	255x192	0.1026		
accessories-brochure-glanza-20260929-092925-91b560203dec.pdf	47	226c063eb403	266x199	142f80f643cc	264x198	0.0158	0.6699	
accessories-brochure-glanza-20260929-092925-91b560203dec.pdf	47	142f80f643cc	264x198	781a6c79ced4	257x193	0.0124	0.6782	
accessories-brochure-glanza-20260929-092925-91b560203dec.pdf	47	142f80f643cc	264x198	fd25a0cb721b	255x191	0.0199	0.6973	
accessories-brochure-glanza-20260929-092925-91b560203dec.pdf	47	142f80f643cc	264x198	6bfe55676715	251x188	0.0184	0.4838	
accessories-brochure-glanza-20260929-092925-91b560203dec.pdf	47	142f80f643cc	264x198	daaccd876692	255x191	0.0723		
accessories-brochure-glanza-20260929-092925-91b560203dec.pdf	47	142f80f643cc	264x198	f3b93b4ec9ec	264x198	0.3699		
accessories-brochure-glanza-20260929-092925-91b560203dec.pdf	47	142f80f643cc	264x198	3bd1f96a83e9	258x194	0.3488		
accessories-brochure-glanza-20260929-092925-91b560203dec.pdf	47	29a3e0cf8012	283x212	142f80f643cc	264x198	0.3879		
accessories-brochure-glanza-20260929-092925-91b560203dec.pdf	47	142f80f643cc	264x198	65022dcbd847	254x191	0.0999		
accessories-brochure-glanza-20260929-092925-91b560203dec.pdf	47	f8b238edb145	407x305	142f80f643cc	264x198	0.3053		
accessories-brochure-glanza-20260929-092925-91b560203dec.pdf	47	45f0eaf935d7	276x207	142f80f643cc	264x198	0.3044		
accessories-brochure-glanza-20260929-092925-91b560203dec.pdf	47	58f9f9d27991	288x216	142f80f643cc	264x198	0.3074		
accessories-brochure-glanza-20260929-092925-91b560203dec.pdf	47	142f80f643cc	264x198	3f9e7fc140d3	252x189	0.3667		
accessories-brochure-glanza-20260929-092925-91b560203dec.pdf	47	226c063eb403	266x199	82ad2f522600	255x192	0.0964		
accessories-brochure-glanza-20260929-092925-91b560203dec.pdf	47	781a6c79ced4	257x193	82ad2f522600	255x192	0.1001		
accessories-brochure-glanza-20260929-092925-91b560203dec.pdf	47	82ad2f522600	255x192	fd25a0cb721b	255x191	0.1024		
accessories-brochure-glanza-20260929-092925-91b560203dec.pdf	47	82ad2f522600	255x192	6bfe55676715	251x188	0.0877		
accessories-brochure-glanza-20260929-092925-91b560203dec.pdf	47	82ad2f522600	255x192	daaccd876692	255x191	0.0357		
accessories-brochure-glanza-20260929-092925-91b560203dec.pdf	47	f3b93b4ec9ec	264x198	82ad2f522600	255x192	0.4248		
accessories-brochure-glanza-20260929-092925-91b560203dec.pdf	47	3bd1f96a83e9	258x194	82ad2f522600	255x192	0.3590		
accessories-brochure-glanza-20260929-092925-91b560203dec.pdf	47	29a3e0cf8012	283x212	82ad2f522600	255x192	0.4696		
accessories-brochure-glanza-20260929-092925-91b560203dec.pdf	47	82ad2f522600	255x192	65022dcbd847	254x191	0.0101	0.4468	
accessories-brochure-glanza-20260929-092925-91b560203dec.pdf	47	f8b238edb145	407x305	82ad2f522600	255x192	0.3078		
accessories-brochure-glanza-20260929-092925-91b560203dec.pdf	47	45f0eaf935d7	276x207	82ad2f522600	255x192	0.3611		
accessories-brochure-glanza-20260929-092925-91b560203dec.pdf	47	58f9f9d27991	288x216	82ad2f522600	255x192	0.3808		
accessories-brochure-glanza-20260929-092925-91b560203dec.pdf	47	82ad2f522600	255x192	3f9e7fc140d3	252x189	0.4233		
accessories-brochure-glanza-20260929-092925-91b560203dec.pdf	47	226c063eb403	266x199	781a6c79ced4	257x193	0.0177	0.6591	
accessories-brochure-glanza-20260929-092925-91b560203dec.pdf	47	226c063eb403	266x199	fd25a0cb721b	255x191	0.0149	0.5936	
accessories-brochure-glanza-20260929-092925-91b560203dec.pdf	47	226c063eb403	266x199	6bfe55676715	251x188	0.0152	0.6370	
accessories-brochure-glanza-20260929-092925-91b560203dec.pdf	47	226c063eb403	266x199	daaccd876692	255x191	0.0684		
accessories-brochure-glanza-20260929-092925-91b560203dec.pdf	47	226c063eb403	266x199	f3b93b4ec9ec	264x198	0.3645		
accessories-brochure-glanza-20260929-092925-91b560203dec.pdf	47	226c063eb403	266x199	3bd1f96a83e9	258x194	0.3424		
accessories-brochure-glanza-20260929-092925-91b560203dec.pdf	47	29a3e0cf8012	283x212	226c063eb403	266x199	0.3880		
accessories-brochure-glanza-20260929-092925-91b560203dec.pdf	47	226c063eb403	266x199	65022dcbd847	254x191	0.0945		
accessories-brochure-glanza-20260929-092925-91b560203dec.pdf	47	f8b238edb145	407x305	226c063eb403	266x199	0.2982		
accessories-brochure-glanza-20260929-092925-91b560203dec.pdf	47	45f0eaf935d7	276x207	226c063eb403	266x199	0.3043		
accessories-brochure-glanza-20260929-092925-91b560203dec.pdf	47	58f9f9d27991	288x216	226c063eb403	266x199	0.3053		
accessories-brochure-glanza-20260929-092925-91b560203dec.pdf	47	226c063eb403	266x199	3f9e7fc140d3	252x189	0.3643		
accessories-brochure-glanza-20260929-092925-91b560203dec.pdf	47	781a6c79ced4	257x193	fd25a0cb721b	255x191	0.0216		
accessories-brochure-glanza-20260929-092925-91b560203dec.pdf	47	781a6c79ced4	257x193	6bfe55676715	251x188	0.0190	0.6262	
accessories-brochure-glanza-20260929-092925-91b560203dec.pdf	47	781a6c79ced4	257x193	daaccd876692	255x191	0.0681		
accessories-brochure-glanza-20260929-092925-91b560203dec.pdf	47	f3b93b4ec9ec	264x198	781a6c79ced4	257x193	0.3653		
accessories-brochure-glanza-20260929-092925-91b560203dec.pdf	47	3bd1f96a83e9	258x194	781a6c79ced4	257x193	0.3444		
accessories-brochure-glanza-20260929-092925-91b560203dec.pdf	47	29a3e0cf8012	283x212	781a6c79ced4	257x193	0.3888		
accessories-brochure-glanza-20260929-092925-91b560203dec.pdf	47	781a6c79ced4	257x193	65022dcbd847	254x191	0.0971		
accessories-brochure-glanza-20260929-092925-91b560203dec.pdf	47	f8b238edb145	407x305	781a6c79ced4	257x193	0.3048		
accessories-brochure-glanza-20260929-092925-91b560203dec.pdf	47	45f0eaf935d7	276x207	781a6c79ced4	257x193	0.3071		
accessories-brochure-glanza-20260929-092925-91b560203dec.pdf	47	58f9f9d27991	288x216	781a6c79ced4	257x193	0.3080		
accessories-brochure-glanza-20260929-092925-91b560203dec.pdf	47	781a6c79ced4	257x193	3f9e7fc140d3	252x189	0.3655		
accessories-brochure-glanza-20260929-092925-91b560203dec.pdf	47	fd25a0cb721b	255x191	6bfe55676715	251x188	0.0235		
accessories-brochure-glanza-20260929-092925-91b560203dec.pdf	47	fd25a0cb721b	255x191	daaccd876692	255x191	0.0754		
accessories-brochure-glanza-20260929-092925-91b560203dec.pdf	47	f3b93b4ec9ec	264x198	fd25a0cb721b	255x191	0.3662		
accessories-brochure-glanza-20260929-092925-91b560203dec.pdf	47	3bd1f96a83e9	258x194	fd25a0cb721b	255x191	0.3456		
accessories-brochure-glanza-20260929-092925-91b560203dec.pdf	47	29a3e0cf8012	283x212	fd25a0cb721b	255x191	0.3858		
accessories-brochure-glanza-20260929-092925-91b560203dec.pdf	47	fd25a0cb721b	255x191	65022dcbd847	254x191	0.1013		
accessories-brochure-glanza-20260929-092925-91b560203dec.pdf	47	f8b238edb145	407x305	fd25a0cb721b	255x191	0.3025		
accessories-brochure-glanza-20260929-092925-91b560203dec.pdf	47	45f0eaf935d7	276x207	fd25a0cb721b	255x191	0.3033		
accessories-brochure-glanza-20260929-092925-91b560203dec.pdf	47	58f9f9d27991	288x216	fd25a0cb721b	255x191	0.3049		
accessories-brochure-glanza-20260929-092925-91b560203dec.pdf	47	fd25a0cb721b	255x191	3f9e7fc140d3	252x189	0.3612		
accessories-brochure-glanza-20260929-092925-91b560203dec.pdf	47	daaccd876692	255x191	6bfe55676715	251x188	0.0577		
accessories-brochure-glanza-20260929-092925-91b560203dec.pdf	47	f3b93b4ec9ec	264x198	6bfe55676715	251x188	0.3687		
accessories-brochure-glanza-20260929-092925-91b560203dec.pdf	47	3bd1f96a83e9	258x194	6bfe55676715	251x188	0.3405		
accessories-brochure-glanza-20260929-092925-91b560203dec.pdf	47	29a3e0cf8012	283x212	6bfe55676715	251x188	0.3970		
accessories-brochure-glanza-20260929-092925-91b560203dec.pdf	47	65022dcbd847	254x191	6bfe55676715	251x188	0.0850		
accessories-brochure-glanza-20260929-092925-91b560203dec.pdf	47	f8b238edb145	407x305	6bfe55676715	251x188	0.2973		
accessories-brochure-glanza-20260929-092925-91b560203dec.pdf	47	45f0eaf935d7	276x207	6bfe55676715	251x188	0.3074		
accessories-brochure-glanza-20260929-092925-91b560203dec.pdf	47	58f9f9d27991	288x216	6bfe55676715	251x188	0.3145		
accessories-brochure-glanza-20260929-092925-91b560203dec.pdf	47	3f9e7fc140d3	252x189	6bfe55676715	251x188	0.3708		
accessories-brochure-glanza-20260929-092925-91b560203dec.pdf	47	f3b93b4ec9ec	264x198	daaccd876692	255x191	0.3970		
accessories-brochure-glanza-20260929-092925-91b560203dec.pdf	47	3bd1f96a83e9	258x194	daaccd876692	255x191	0.3469		
accessories-brochure-glanza-20260929-092925-91b560203dec.pdf	47	29a3e0cf8012	283x212	daaccd876692	255x191	0.4427		
accessories-brochure-glanza-20260929-092925-91b560203dec.pdf	47	daaccd876692	255x191	65022dcbd847	254x191	0.0323		
accessories-brochure-glanza-20260929-092925-91b560203dec.pdf	47	f8b238edb145	407x305	daaccd876692	255x191	0.3035		
accessories-brochure-glanza-20260929-092925-91b560203dec.pdf	47	45f0eaf935d7	276x207	daaccd876692	255x191	0.3359		
accessories-brochure-glanza-20260929-092925-91b560203dec.pdf	47	58f9f9d27991	288x216	daaccd876692	255x191	0.3543		
accessories-brochure-glanza-20260929-092925-91b560203dec.pdf	47	daaccd876692	255x191	3f9e7fc140d3	252x189	0.4011		
accessories-brochure-glanza-20260929-092925-91b560203dec.pdf	47	f3b93b4ec9ec	264x198	3bd1f96a83e9	258x194	0.0682		
accessories-brochure-glanza-20260929-092925-91b560203dec.pdf	47	29a3e0cf8012	283x212	f3b93b4ec9ec	264x198	0.0713		
accessories-brochure-glanza-20260929-092925-91b560203dec.pdf	47	f3b93b4ec9ec	264x198	65022dcbd847	254x191	0.4225		
accessories-brochure-glanza-20260929-092925-91b560203dec.pdf	47	f8b238edb145	407x305	f3b93b4ec9ec	264x198	0.2253		
accessories-brochure-glanza-20260929-092925-91b560203dec.pdf	47	45f0eaf935d7	276x207	f3b93b4ec9ec	264x198	0.2954		
accessories-brochure-glanza-20260929-092925-91b560203dec.pdf	47	58f9f9d27991	288x216	f3b93b4ec9ec	264x198	0.2416		
accessories-brochure-glanza-20260929-092925-91b560203dec.pdf	47	f3b93b4ec9ec	264x198	3f9e7fc140d3	252x189	0.1749		
accessories-brochure-glanza-20260929-092925-91b560203dec.pdf	47	29a3e0cf8012	283x212	3bd1f96a83e9	258x194	0.1239		
accessories-brochure-glanza-20260929-092925-91b560203dec.pdf	47	3bd1f96a83e9	258x194	65022dcbd847	254x191	0.3570		
accessories-brochure-glanza-20260929-092925-91b560203dec.pdf	47	f8b238edb145	407x305	3bd1f96a83e9	258x194	0.2131		
accessories-brochure-glanza-20260929-092925-91b560203dec.pdf	47	45f0eaf935d7	276x207	3bd1f96a83e9	258x194	0.2518		
accessories-brochure-glanza-20260929-092925-91b560203dec.pdf	47	58f9f9d27991	288x216	3bd1f96a83e9	258x194	0.2681		
accessories-brochure-glanza-20260929-092925-91b560203dec.pdf	47	3bd1f96a83e9	258x194	3f9e7fc140d3	252x189	0.1860		
accessories-brochure-glanza-20260929-092925-91b560203dec.pdf	47	29a3e0cf8012	283x212	65022dcbd847	254x191	0.4679		
accessories-brochure-glanza-20260929-092925-91b560203dec.pdf	47	f8b238edb145	407x305	29a3e0cf8012	283x212	0.2562		
accessories-brochure-glanza-20260929-092925-91b560203dec.pdf	47	29a3e0cf8012	283x212	45f0eaf935d7	276x207	0.3377		
accessories-brochure-glanza-20260929-092925-91b560203dec.pdf	47	58f9f9d27991	288x216	29a3e0cf8012	283x212	0.2309		
accessories-brochure-glanza-20260929-092925-91b560203dec.pdf	47	29a3e0cf8012	283x212	3f9e7fc140d3	252x189	0.1770		
accessories-brochure-glanza-20260929-092925-91b560203dec.pdf	47	f8b238edb145	407x305	65022dcbd847	254x191	0.3066		
accessories-brochure-glanza-20260929-092925-91b560203dec.pdf	47	45f0eaf935d7	276x207	65022dcbd847	254x191	0.3589		
accessories-brochure-glanza-20260929-092925-91b560203dec.pdf	47	58f9f9d27991	288x216	65022dcbd847	254x191	0.3789		
accessories-brochure-glanza-20260929-092925-91b560203dec.pdf	47	65022dcbd847	254x191	3f9e7fc140d3	252x189	0.4216		
accessories-brochure-glanza-20260929-092925-91b560203dec.pdf	47	f8b238edb145	407x305	45f0eaf935d7	276x207	0.2189		
accessories-brochure-glanza-20260929-092925-91b560203dec.pdf	47	f8b238edb145	407x305	58f9f9d27991	288x216	0.3255		
accessories-brochure-glanza-20260929-092925-91b560203dec.pdf	47	f8b238edb145	407x305	3f9e7fc140d3	252x189	0.2231		
accessories-brochure-glanza-20260929-092925-91b560203dec.pdf	47	ba8db9ea2401	359x202	6be967d5fb9e	277x156	0.2154		
accessories-brochure-glanza-20260929-092925-91b560203dec.pdf	47	ba8db9ea2401	359x202	050fbe8e6a90	331x186	0.2357		
accessories-brochure-glanza-20260929-092925-91b560203dec.pdf	47	48d9913534de	393x221	ba8db9ea2401	359x202	0.1920		
accessories-brochure-glanza-20260929-092925-91b560203dec.pdf	47	b6be9f2f56bb	407x229	ba8db9ea2401	359x202	0.3320		
accessories-brochure-glanza-20260929-092925-91b560203dec.pdf	47	4a1dbb9a6bc4	379x214	ba8db9ea2401	359x202	0.2241		
accessories-brochure-glanza-20260929-092925-91b560203dec.pdf	47	ba8db9ea2401	359x202	68b8627122b0	359x202	0.2590		
accessories-brochure-glanza-20260929-092925-91b560203dec.pdf	47	58f9f9d27991	288x216	45f0eaf935d7	276x207	0.3047		
accessories-brochure-glanza-20260929-092925-91b560203dec.pdf	47	45f0eaf935d7	276x207	3f9e7fc140d3	252x189	0.2851		
accessories-brochure-glanza-20260929-092925-91b560203dec.pdf	47	050fbe8e6a90	331x186	6be967d5fb9e	277x156	0.1997		
accessories-brochure-glanza-20260929-092925-91b560203dec.pdf	47	48d9913534de	393x221	6be967d5fb9e	277x156	0.2267		
accessories-brochure-glanza-20260929-092925-91b560203dec.pdf	47	b6be9f2f56bb	407x229	6be967d5fb9e	277x156	0.2978		
accessories-brochure-glanza-20260929-092925-91b560203dec.pdf	47	4a1dbb9a6bc4	379x214	6be967d5fb9e	277x156	0.2039		
accessories-brochure-glanza-20260929-092925-91b560203dec.pdf	47	68b8627122b0	359x202	6be967d5fb9e	277x156	0.1975		
accessories-brochure-glanza-20260929-092925-91b560203dec.pdf	47	0ece535649a9	512x396	9b3df48684b8	249x191	0.5591		
accessories-brochure-glanza-20260929-092925-91b560203dec.pdf	47	091137f0551d	902x703	0ece535649a9	512x396	0.3345		
accessories-brochure-glanza-20260929-092925-91b560203dec.pdf	47	48d9913534de	393x221	050fbe8e6a90	331x186	0.2300		
accessories-brochure-glanza-20260929-092925-91b560203dec.pdf	47	b6be9f2f56bb	407x229	050fbe8e6a90	331x186	0.3262		
accessories-brochure-glanza-20260929-092925-91b560203dec.pdf	47	4a1dbb9a6bc4	379x214	050fbe8e6a90	331x186	0.2410		
accessories-brochure-glanza-20260929-092925-91b560203dec.pdf	47	68b8627122b0	359x202	050fbe8e6a90	331x186	0.2565		
accessories-brochure-glanza-20260929-092925-91b560203dec.pdf	47	b6be9f2f56bb	407x229	48d9913534de	393x221	0.2661		
accessories-brochure-glanza-20260929-092925-91b560203dec.pdf	47	48d9913534de	393x221	4a1dbb9a6bc4	379x214	0.1678		
accessories-brochure-glanza-20260929-092925-91b560203dec.pdf	47	48d9913534de	393x221	68b8627122b0	359x202	0.2728		
accessories-brochure-glanza-20260929-092925-91b560203dec.pdf	47	b6be9f2f56bb	407x229	4a1dbb9a6bc4	379x214	0.2717		
accessories-brochure-glanza-20260929-092925-91b560203dec.pdf	47	b6be9f2f56bb	407x229	68b8627122b0	359x202	0.3803		
accessories-brochure-glanza-20260929-092925-91b560203dec.pdf	47	4a1dbb9a6bc4	379x214	68b8627122b0	359x202	0.2223		
accessories-brochure-glanza-20260929-092925-91b560203dec.pdf	47	58f9f9d27991	288x216	3f9e7fc140d3	252x189	0.2525		
combined-brochure-mobile-20260929-092949-f9f99c3b723a.pdf	35	716f9013a4c2	2402x1523	148476d045b4	1124x719	0.2773		
combined-brochure-mobile-20260929-092949-f9f99c3b723a.pdf	35	629feb5427fe	538x538	e22578630f5a	234x236	0.2390		
combined-brochure-mobile-20260929-092949-f9f99c3b723a.pdf	35	14276dd49f5d	522x348	62627e687b9d	461x307	0.2844		
combined-brochure-mobile-20260929-092949-f9f99c3b723a.pdf	35	62627e687b9d	461x307	93cc2917cf7a	410x274	0.3162		
combined-brochure-mobile-20260929-092949-f9f99c3b723a.pdf	35	62627e687b9d	461x307	fdacb69f87b3	395x263	0.2864		
combined-brochure-mobile-20260929-092949-f9f99c3b723a.pdf	35	30090e5b64c2	2665x1776	62627e687b9d	461x307	0.2995		
combined-brochure-mobile-20260929-092949-f9f99c3b723a.pdf	35	005f42cdaa4e	3293x2196	62627e687b9d	461x307	0.3028		
combined-brochure-mobile-20260929-092949-f9f99c3b723a.pdf	35	6f41bf305748	1756x1171	62627e687b9d	461x307	0.2542		
combined-brochure-mobile-20260929-092949-f9f99c3b723a.pdf	35	b22085a1042a	684x456	62627e687b9d	461x307	0.2859		
combined-brochure-mobile-20260929-092949-f9f99c3b723a.pdf	35	62627e687b9d	461x307	dd0df4eff3e9	391x261	0.3053		
combined-brochure-mobile-20260929-092949-f9f99c3b723a.pdf	35	5cf49571128e	824x549	62627e687b9d	461x307	0.3082		
combined-brochure-mobile-20260929-092949-f9f99c3b723a.pdf	35	49837e86aabc	533x355	62627e687b9d	461x307	0.2772		
combined-brochure-mobile-20260929-092949-f9f99c3b723a.pdf	35	7a2f8de49b87	614x408	62627e687b9d	461x307	0.2949		
combined-brochure-mobile-20260929-092949-f9f99c3b723a.pdf	35	71df8df35111	468x332	8cd5c4ab31a7	446x316	0.2808		
combined-brochure-mobile-20260929-092949-f9f99c3b723a.pdf	35	8cd5c4ab31a7	446x316	deeb09afef2d	361x254	0.3132		
combined-brochure-mobile-20260929-092949-f9f99c3b723a.pdf	35	8cd5c4ab31a7	446x316	e129c2f92963	343x242	0.3195		
combined-brochure-mobile-20260929-092949-f9f99c3b723a.pdf	35	14276dd49f5d	522x348	93cc2917cf7a	410x274	0.1700		
combined-brochure-mobile-20260929-092949-f9f99c3b723a.pdf	35	14276dd49f5d	522x348	fdacb69f87b3	395x263	0.2217		
combined-brochure-mobile-20260929-092949-f9f99c3b723a.pdf	35	30090e5b64c2	2665x1776	14276dd49f5d	522x348	0.4002		
combined-brochure-mobile-20260929-092949-f9f99c3b723a.pdf	35	005f42cdaa4e	3293x2196	14276dd49f5d	522x348	0.4026		
combined-brochure-mobile-20260929-092949-f9f99c3b723a.pdf	35	6f41bf305748	1756x1171	14276dd49f5d	522x348	0.2054		
combined-brochure-mobile-20260929-092949-f9f99c3b723a.pdf	35	b22085a1042a	684x456	14276dd49f5d	522x348	0.1856		
combined-brochure-mobile-20260929-092949-f9f99c3b723a.pdf	35	14276dd49f5d	522x348	dd0df4eff3e9	391x261	0.2895		
combined-brochure-mobile-20260929-092949-f9f99c3b723a.pdf	35	5cf49571128e	824x549	14276dd49f5d	522x348	0.1576		
combined-brochure-mobile-20260929-092949-f9f99c3b723a.pdf	35	49837e86aabc	533x355	14276dd49f5d	522x348	0.2167		
combined-brochure-mobile-20260929-092949-f9f99c3b723a.pdf	35	7a2f8de49b87	614x408	14276dd49f5d	522x348	0.1734		
combined-brochure-mobile-20260929-092949-f9f99c3b723a.pdf	35	93cc2917cf7a	410x274	fdacb69f87b3	395x263	0.2678		
combined-brochure-mobile-20260929-092949-f9f99c3b723a.pdf	35	30090e5b64c2	2665x1776	93cc2917cf7a	410x274	0.3758		
combined-brochure-mobile-20260929-092949-f9f99c3b723a.pdf	35	005f42cdaa4e	3293x2196	93cc2917cf7a	410x274	0.3782		
combined-brochure-mobile-20260929-092949-f9f99c3b723a.pdf	35	6f41bf305748	1756x1171	93cc2917cf7a	410x274	0.2502		
combined-brochure-mobile-20260929-092949-f9f99c3b723a.pdf	35	b22085a1042a	684x456	93cc2917cf7a	410x274	0.2032		
combined-brochure-mobile-20260929-092949-f9f99c3b723a.pdf	35	93cc2917cf7a	410x274	dd0df4eff3e9	391x261	0.3302		
combined-brochure-mobile-20260929-092949-f9f99c3b723a.pdf	35	5cf49571128e	824x549	93cc2917cf7a	410x274	0.1658		
combined-brochure-mobile-20260929-092949-f9f99c3b723a.pdf	35	49837e86aabc	533x355	93cc2917cf7a	410x274	0.2307		
combined-brochure-mobile-20260929-092949-f9f99c3b723a.pdf	35	7a2f8de49b87	614x408	93cc2917cf7a	410x274	0.1793		
combined-brochure-mobile-20260929-092949-f9f99c3b723a.pdf	35	30090e5b64c2	2665x1776	fdacb69f87b3	395x263	0.4055		
combined-brochure-mobile-20260929-092949-f9f99c3b723a.pdf	35	005f42cdaa4e	3293x2196	fdacb69f87b3	395x263	0.4081		
combined-brochure-mobile-20260929-092949-f9f99c3b723a.pdf	35	6f41bf305748	1756x1171	fdacb69f87b3	395x263	0.1688		
combined-brochure-mobile-20260929-092949-f9f99c3b723a.pdf	35	b22085a1042a	684x456	fdacb69f87b3	395x263	0.2475		
combined-brochure-mobile-20260929-092949-f9f99c3b723a.pdf	35	fdacb69f87b3	395x263	dd0df4eff3e9	391x261	0.2557		
combined-brochure-mobile-20260929-092949-f9f99c3b723a.pdf	35	5cf49571128e	824x549	fdacb69f87b3	395x263	0.2243		
combined-brochure-mobile-20260929-092949-f9f99c3b723a.pdf	35	49837e86aabc	533x355	fdacb69f87b3	395x263	0.2672		
combined-brochure-mobile-20260929-092949-f9f99c3b723a.pdf	35	7a2f8de49b87	614x408	fdacb69f87b3	395x263	0.2038		
combined-brochure-mobile-20260929-092949-f9f99c3b723a.pdf	35	005f42cdaa4e	3293x2196	30090e5b64c2	2665x1776	0.0110	0.3419	
combined-brochure-mobile-20260929-092949-f9f99c3b723a.pdf	35	30090e5b64c2	2665x1776	6f41bf305748	1756x1171	0.3906		
combined-brochure-mobile-20260929-092949-f9f99c3b723a.pdf	35	30090e5b64c2	2665x1776	b22085a1042a	684x456	0.4012		
combined-brochure-mobile-20260929-092949-f9f99c3b723a.pdf	35	30090e5b64c2	2665x1776	dd0df4eff3e9	391x261	0.3765		
combined-brochure-mobile-20260929-092949-f9f99c3b723a.pdf	35	30090e5b64c2	2665x1776	5cf49571128e	824x549	0.4335		
combined-brochure-mobile-20260929-092949-f9f99c3b723a.pdf	35	30090e5b64c2	2665x1776	49837e86aabc	533x355	0.3926		
combined-brochure-mobile-20260929-092949-f9f99c3b723a.pdf	35	30090e5b64c2	2665x1776	7a2f8de49b87	614x408	0.4504		
combined-brochure-mobile-20260929-092949-f9f99c3b723a.pdf	35	005f42cdaa4e	3293x2196	6f41bf305748	1756x1171	0.3922		
combined-brochure-mobile-20260929-092949-f9f99c3b723a.pdf	35	005f42cdaa4e	3293x2196	b22085a1042a	684x456	0.4027		
combined-brochure-mobile-20260929-092949-f9f99c3b723a.pdf	35	005f42cdaa4e	3293x2196	dd0df4eff3e9	391x261	0.3773		
combined-brochure-mobile-20260929-092949-f9f99c3b723a.pdf	35	005f42cdaa4e	3293x2196	5cf49571128e	824x549	0.4350		
combined-brochure-mobile-20260929-092949-f9f99c3b723a.pdf	35	005f42cdaa4e	3293x2196	49837e86aabc	533x355	0.3951		
combined-brochure-mobile-20260929-092949-f9f99c3b723a.pdf	35	005f42cdaa4e	3293x2196	7a2f8de49b87	614x408	0.4523		
combined-brochure-mobile-20260929-092949-f9f99c3b723a.pdf	35	6f41bf305748	1756x1171	b22085a1042a	684x456	0.2249		
combined-brochure-mobile-20260929-092949-f9f99c3b723a.pdf	35	6f41bf305748	1756x1171	dd0df4eff3e9	391x261	0.2739		
combined-brochure-mobile-20260929-092949-f9f99c3b723a.pdf	35	6f41bf305748	1756x1171	5cf49571128e	824x549	0.2076		
combined-brochure-mobile-20260929-092949-f9f99c3b723a.pdf	35	6f41bf305748	1756x1171	49837e86aabc	533x355	0.2541		
combined-brochure-mobile-20260929-092949-f9f99c3b723a.pdf	35	6f41bf305748	1756x1171	7a2f8de49b87	614x408	0.2090		
combined-brochure-mobile-20260929-092949-f9f99c3b723a.pdf	35	f34b8302caae	689x598	4cf448700c2c	330x284	0.7454		
combined-brochure-mobile-20260929-092949-f9f99c3b723a.pdf	35	4cf448700c2c	330x284	0a423bf9d443	330x284	0.0004	0.0625	
combined-brochure-mobile-20260929-092949-f9f99c3b723a.pdf	35	b0a469329449	980x552	3b4d560abe98	410x231	0.3986		
combined-brochure-mobile-20260929-092949-f9f99c3b723a.pdf	35	b0a469329449	980x552	434f703086b6	382x215	0.4285		
combined-brochure-mobile-20260929-092949-f9f99c3b723a.pdf	35	b0a469329449	980x552	f6a5c9911291	342x193	0.4424		
combined-brochure-mobile-20260929-092949-f9f99c3b723a.pdf	35	b0a469329449	980x552	71f53c15c3e4	419x236	0.4134		
combined-brochure-mobile-20260929-092949-f9f99c3b723a.pdf	35	b22085a1042a	684x456	dd0df4eff3e9	391x261	0.2923		
combined-brochure-mobile-20260929-092949-f9f99c3b723a.pdf	35	5cf49571128e	824x549	b22085a1042a	684x456	0.1821		
combined-brochure-mobile-20260929-092949-f9f99c3b723a.pdf	35	b22085a1042a	684x456	49837e86aabc	533x355	0.2443		
combined-brochure-mobile-20260929-092949-f9f99c3b723a.pdf	35	b22085a1042a	684x456	7a2f8de49b87	614x408	0.1849		
combined-brochure-mobile-20260929-092949-f9f99c3b723a.pdf	35	5cf49571128e	824x549	dd0df4eff3e9	391x261	0.2820		
combined-brochure-mobile-20260929-092949-f9f99c3b723a.pdf	35	49837e86aabc	533x355	dd0df4eff3e9	391x261	0.3391		
combined-brochure-mobile-20260929-092949-f9f99c3b723a.pdf	35	7a2f8de49b87	614x408	dd0df4eff3e9	391x261	0.2760		
combined-brochure-mobile-20260929-092949-f9f99c3b723a.pdf	35	5cf49571128e	824x549	49837e86aabc	533x355	0.1983		
combined-brochure-mobile-20260929-092949-f9f99c3b723a.pdf	35	5cf49571128e	824x549	7a2f8de49b87	614x408	0.1318		
combined-brochure-mobile-20260929-092949-f9f99c3b723a.pdf	35	f34b8302caae	689x598	0a423bf9d443	330x284	0.7452		
combined-brochure-mobile-20260929-092949-f9f99c3b723a.pdf	35	7a2f8de49b87	614x408	49837e86aabc	533x355	0.1973		
combined-brochure-mobile-20260929-092949-f9f99c3b723a.pdf	35	71df8df35111	468x332	deeb09afef2d	361x254	0.1274		
combined-brochure-mobile-20260929-092949-f9f99c3b723a.pdf	35	71df8df35111	468x332	e129c2f92963	343x242	0.1341		
combined-brochure-mobile-20260929-092949-f9f99c3b723a.pdf	35	2d83754c57d3	565x389	f277c5a2b516	437x301	0.2555		
combined-brochure-mobile-20260929-092949-f9f99c3b723a.pdf	35	deeb09afef2d	361x254	e129c2f92963	343x242	0.0931		
combined-brochure-mobile-20260929-092949-f9f99c3b723a.pdf	35	3b4d560abe98	410x231	434f703086b6	382x215	0.1570		
combined-brochure-mobile-20260929-092949-f9f99c3b723a.pdf	35	3b4d560abe98	410x231	f6a5c9911291	342x193	0.2022		
combined-brochure-mobile-20260929-092949-f9f99c3b723a.pdf	35	71f53c15c3e4	419x236	3b4d560abe98	410x231	0.1186		
combined-brochure-mobile-20260929-092949-f9f99c3b723a.pdf	35	434f703086b6	382x215	f6a5c9911291	342x193	0.2084		
combined-brochure-mobile-20260929-092949-f9f99c3b723a.pdf	35	71f53c15c3e4	419x236	434f703086b6	382x215	0.1298		
combined-brochure-mobile-20260929-092949-f9f99c3b723a.pdf	35	71f53c15c3e4	419x236	f6a5c9911291	342x193	0.1769		
e-brochure-camry-hybrid-20260929-092949-234f42277838.pdf	24	1deaca3aae51	1241x1755	36075b00b4b4	1241x1755	0.2013		
e-brochure-camry-hybrid-20260929-092949-234f42277838.pdf	24	1deaca3aae51	1241x1755	1889c58f14ed	1241x1755	0.1981		
e-brochure-camry-hybrid-20260929-092949-234f42277838.pdf	24	1deaca3aae51	1241x1755	bb668065767f	1241x1754	0.2897		
e-brochure-camry-hybrid-20260929-092949-234f42277838.pdf	24	1deaca3aae51	1241x1755	553769521af7	1241x1755	0.1934		
e-brochure-camry-hybrid-20260929-092949-234f42277838.pdf	24	1deaca3aae51	1241x1755	158829a963c5	1241x1755	0.2664		
e-brochure-camry-hybrid-20260929-092949-234f42277838.pdf	24	1deaca3aae51	1241x1755	02f8ee6c46a8	1241x1755	0.2905		
e-brochure-camry-hybrid-20260929-092949-234f42277838.pdf	24	1deaca3aae51	1241x1755	78318e8ad0c8	1241x1755	0.2703		
e-brochure-camry-hybrid-20260929-092949-234f42277838.pdf	24	36075b00b4b4	1241x1755	1889c58f14ed	1241x1755	0.2611		
e-brochure-camry-hybrid-20260929-092949-234f42277838.pdf	24	36075b00b4b4	1241x1755	bb668065767f	1241x1754	0.1911		
e-brochure-camry-hybrid-20260929-092949-234f42277838.pdf	24	36075b00b4b4	1241x1755	553769521af7	1241x1755	0.0965		
e-brochure-camry-hybrid-20260929-092949-234f42277838.pdf	24	36075b00b4b4	1241x1755	158829a963c5	1241x1755	0.1338		
e-brochure-camry-hybrid-20260929-092949-234f42277838.pdf	24	36075b00b4b4	1241x1755	02f8ee6c46a8	1241x1755	0.1598		
e-brochure-camry-hybrid-20260929-092949-234f42277838.pdf	24	36075b00b4b4	1241x1755	78318e8ad0c8	1241x1755	0.1629		
e-brochure-camry-hybrid-20260929-092949-234f42277838.pdf	24	847ad91617d4	801x349	0f0bef9e8390	801x349	0.3410		
e-brochure-camry-hybrid-20260929-092949-234f42277838.pdf	24	847ad91617d4	801x349	fb7188065b94	801x349	0.4746		
e-brochure-camry-hybrid-20260929-092949-234f42277838.pdf	24	847ad91617d4	801x349	dcef9074430e	801x349	0.3571		
e-brochure-camry-hybrid-20260929-092949-234f42277838.pdf	24	1889c58f14ed	1241x1755	bb668065767f	1241x1754	0.2963		
e-brochure-camry-hybrid-20260929-092949-234f42277838.pdf	24	1889c58f14ed	1241x1755	553769521af7	1241x1755	0.2468		
e-brochure-camry-hybrid-20260929-092949-234f42277838.pdf	24	1889c58f14ed	1241x1755	158829a963c5	1241x1755	0.3083		
e-brochure-camry-hybrid-20260929-092949-234f42277838.pdf	24	1889c58f14ed	1241x1755	02f8ee6c46a8	1241x1755	0.3257		
e-brochure-camry-hybrid-20260929-092949-234f42277838.pdf	24	1889c58f14ed	1241x1755	78318e8ad0c8	1241x1755	0.3222		
e-brochure-camry-hybrid-20260929-092949-234f42277838.pdf	24	0f0bef9e8390	801x349	fb7188065b94	801x349	0.2889		
e-brochure-camry-hybrid-20260929-092949-234f42277838.pdf	24	0f0bef9e8390	801x349	dcef9074430e	801x349	0.2662		
e-brochure-camry-hybrid-20260929-092949-234f42277838.pdf	24	fb7188065b94	801x349	dcef9074430e	801x349	0.2996		
e-brochure-camry-hybrid-20260929-092949-234f42277838.pdf	24	dc3d876257ae	1241x923	d5c9b497a531	1241x923	0.2212		
e-brochure-camry-hybrid-20260929-092949-234f42277838.pdf	24	b407a6f6cb1b	396x307	11f30050e213	395x307	0.2329		
e-brochure-camry-hybrid-20260929-092949-234f42277838.pdf	24	553769521af7	1241x1755	bb668065767f	1241x1754	0.2084		
e-brochure-camry-hybrid-20260929-092949-234f42277838.pdf	24	158829a963c5	1241x1755	bb668065767f	1241x1754	0.1658		
e-brochure-camry-hybrid-20260929-092949-234f42277838.pdf	24	02f8ee6c46a8	1241x1755	bb668065767f	1241x1754	0.1428		
e-brochure-camry-hybrid-20260929-092949-234f42277838.pdf	24	78318e8ad0c8	1241x1755	bb668065767f	1241x1754	0.1354		
e-brochure-camry-hybrid-20260929-092949-234f42277838.pdf	24	3cbf0983a85a	828x901	2e4da13effc9	828x901	0.1666		
e-brochure-camry-hybrid-20260929-092949-234f42277838.pdf	24	b3b912602345	1318x1794	38b2ea35e6cf	1069x1445	0.4930		
e-brochure-camry-hybrid-20260929-092949-234f42277838.pdf	24	553769521af7	1241x1755	158829a963c5	1241x1755	0.0923		
e-brochure-camry-hybrid-20260929-092949-234f42277838.pdf	24	553769521af7	1241x1755	02f8ee6c46a8	1241x1755	0.1177		
e-brochure-camry-hybrid-20260929-092949-234f42277838.pdf	24	553769521af7	1241x1755	78318e8ad0c8	1241x1755	0.1453		
e-brochure-camry-hybrid-20260929-092949-234f42277838.pdf	24	158829a963c5	1241x1755	02f8ee6c46a8	1241x1755	0.0653		
e-brochure-camry-hybrid-20260929-092949-234f42277838.pdf	24	158829a963c5	1241x1755	78318e8ad0c8	1241x1755	0.1340		
e-brochure-camry-hybrid-20260929-092949-234f42277838.pdf	24	02f8ee6c46a8	1241x1755	78318e8ad0c8	1241x1755	0.1259		
e-brochure-glanza-20260929-092949-bb519fa9e197.pdf	44	438179fff794	2759x2069	08ed9a18a796	2645x1992	0.2750		
e-brochure-glanza-20260929-092949-bb519fa9e197.pdf	44	a1ccb69b3342	4370x3277	08ed9a18a796	2645x1992	0.2736		
e-brochure-glanza-20260929-092949-bb519fa9e197.pdf	44	04300228674a	4451x3338	08ed9a18a796	2645x1992	0.2735		
e-brochure-glanza-20260929-092949-bb519fa9e197.pdf	44	08ed9a18a796	2645x1992	2a3cc5460b2e	2361x1771	0.2361		
e-brochure-glanza-20260929-092949-bb519fa9e197.pdf	44	08ed9a18a796	2645x1992	8ffffd0ce55b	364x273	0.2985		
e-brochure-glanza-20260929-092949-bb519fa9e197.pdf	44	08ed9a18a796	2645x1992	25ee5b02ce6a	284x213	0.3036		
e-brochure-glanza-20260929-092949-bb519fa9e197.pdf	44	08ed9a18a796	2645x1992	b6991962d44d	365x274	0.3383		
e-brochure-glanza-20260929-092949-bb519fa9e197.pdf	44	08ed9a18a796	2645x1992	4cf2fbf8bba8	348x261	0.3891		
e-brochure-glanza-20260929-092949-bb519fa9e197.pdf	44	a1ccb69b3342	4370x3277	438179fff794	2759x2069	0.0236		
e-brochure-glanza-20260929-092949-bb519fa9e197.pdf	44	04300228674a	4451x3338	438179fff794	2759x2069	0.0236		
e-brochure-glanza-20260929-092949-bb519fa9e197.pdf	44	438179fff794	2759x2069	2a3cc5460b2e	2361x1771	0.2394		
e-brochure-glanza-20260929-092949-bb519fa9e197.pdf	44	438179fff794	2759x2069	8ffffd0ce55b	364x273	0.2343		
e-brochure-glanza-20260929-092949-bb519fa9e197.pdf	44	438179fff794	2759x2069	25ee5b02ce6a	284x213	0.2944		
e-brochure-glanza-20260929-092949-bb519fa9e197.pdf	44	438179fff794	2759x2069	b6991962d44d	365x274	0.2551		
e-brochure-glanza-20260929-092949-bb519fa9e197.pdf	44	438179fff794	2759x2069	4cf2fbf8bba8	348x261	0.2925		
e-brochure-glanza-20260929-092949-bb519fa9e197.pdf	44	573228cd5bef	3276x2184	7e365ae025bd	1347x898	0.4122		
e-brochure-glanza-20260929-092949-bb519fa9e197.pdf	44	573228cd5bef	3276x2184	b3693865f3cf	2032x1355	0.4181		
e-brochure-glanza-20260929-092949-bb519fa9e197.pdf	44	573228cd5bef	3276x2184	ff96e8bbb066	1184x792	0.4289		
e-brochure-glanza-20260929-092949-bb519fa9e197.pdf	44	573228cd5bef	3276x2184	0aa38cdcb404	2917x1945	0.3175		
e-brochure-glanza-20260929-092949-bb519fa9e197.pdf	44	573228cd5bef	3276x2184	40830812dff9	440x293	0.4720		
e-brochure-glanza-20260929-092949-bb519fa9e197.pdf	44	573228cd5bef	3276x2184	70ce109141a4	474x316	0.4362		
e-brochure-glanza-20260929-092949-bb519fa9e197.pdf	44	573228cd5bef	3276x2184	2b3251bfd3ab	2829x1886	0.3400		
e-brochure-glanza-20260929-092949-bb519fa9e197.pdf	44	afd3df4ae806	2205x1387	c09202fdec0e	1915x1197	0.3533		
e-brochure-glanza-20260929-092949-bb519fa9e197.pdf	44	04300228674a	4451x3338	a1ccb69b3342	4370x3277	0.0039	0.3657	
e-brochure-glanza-20260929-092949-bb519fa9e197.pdf	44	a1ccb69b3342	4370x3277	2a3cc5460b2e	2361x1771	0.2326		
e-brochure-glanza-20260929-092949-bb519fa9e197.pdf	44	a1ccb69b3342	4370x3277	8ffffd0ce55b	364x273	0.2400		
e-brochure-glanza-20260929-092949-bb519fa9e197.pdf	44	a1ccb69b3342	4370x3277	25ee5b02ce6a	284x213	0.2992		
e-brochure-glanza-20260929-092949-bb519fa9e197.pdf	44	a1ccb69b3342	4370x3277	b6991962d44d	365x274	0.2622		
e-brochure-glanza-20260929-092949-bb519fa9e197.pdf	44	a1ccb69b3342	4370x3277	4cf2fbf8bba8	348x261	0.2993		
e-brochure-glanza-20260929-092949-bb519fa9e197.pdf	44	b3693865f3cf	2032x1355	7e365ae025bd	1347x898	0.2695		
e-brochure-glanza-20260929-092949-bb519fa9e197.pdf	44	7e365ae025bd	1347x898	ff96e8bbb066	1184x792	0.2735		
e-brochure-glanza-20260929-092949-bb519fa9e197.pdf	44	0aa38cdcb404	2917x1945	7e365ae025bd	1347x898	0.3719		
e-brochure-glanza-20260929-092949-bb519fa9e197.pdf	44	7e365ae025bd	1347x898	40830812dff9	440x293	0.3484		
e-brochure-glanza-20260929-092949-bb519fa9e197.pdf	44	7e365ae025bd	1347x898	70ce109141a4	474x316	0.3042		
e-brochure-glanza-20260929-092949-bb519fa9e197.pdf	44	2b3251bfd3ab	2829x1886	7e365ae025bd	1347x898	0.4515		
e-brochure-glanza-20260929-092949-bb519fa9e197.pdf	44	04300228674a	4451x3338	2a3cc5460b2e	2361x1771	0.2321		
e-brochure-glanza-20260929-092949-bb519fa9e197.pdf	44	04300228674a	4451x3338	8ffffd0ce55b	364x273	0.2403		
e-brochure-glanza-20260929-092949-bb519fa9e197.pdf	44	04300228674a	4451x3338	25ee5b02ce6a	284x213	0.2992		
e-brochure-glanza-20260929-092949-bb519fa9e197.pdf	44	04300228674a	4451x3338	b6991962d44d	365x274	0.2620		
e-brochure-glanza-20260929-092949-bb519fa9e197.pdf	44	04300228674a	4451x3338	4cf2fbf8bba8	348x261	0.2992		
e-brochure-glanza-20260929-092949-bb519fa9e197.pdf	44	b3693865f3cf	2032x1355	ff96e8bbb066	1184x792	0.1470		
e-brochure-glanza-20260929-092949-bb519fa9e197.pdf	44	0aa38cdcb404	2917x1945	b3693865f3cf	2032x1355	0.3748		
e-brochure-glanza-20260929-092949-bb519fa9e197.pdf	44	b3693865f3cf	2032x1355	40830812dff9	440x293	0.2630		
e-brochure-glanza-20260929-092949-bb519fa9e197.pdf	44	b3693865f3cf	2032x1355	70ce109141a4	474x316	0.3658		
e-brochure-glanza-20260929-092949-bb519fa9e197.pdf	44	2b3251bfd3ab	2829x1886	b3693865f3cf	2032x1355	0.3079		
e-brochure-glanza-20260929-092949-bb519fa9e197.pdf	44	0aa38cdcb404	2917x1945	ff96e8bbb066	1184x792	0.3933		
e-brochure-glanza-20260929-092949-bb519fa9e197.pdf	44	ff96e8bbb066	1184x792	40830812dff9	440x293	0.2615		
e-brochure-glanza-20260929-092949-bb519fa9e197.pdf	44	ff96e8bbb066	1184x792	70ce109141a4	474x316	0.3802		
e-brochure-glanza-20260929-092949-bb519fa9e197.pdf	44	2b3251bfd3ab	2829x1886	ff96e8bbb066	1184x792	0.3221		
e-brochure-glanza-20260929-092949-bb519fa9e197.pdf	44	0aa38cdcb404	2917x1945	40830812dff9	440x293	0.3577		
e-brochure-glanza-20260929-092949-bb519fa9e197.pdf	44	0aa38cdcb404	2917x1945	70ce109141a4	474x316	0.3161		
e-brochure-glanza-20260929-092949-bb519fa9e197.pdf	44	0aa38cdcb404	2917x1945	2b3251bfd3ab	2829x1886	0.4596		
e-brochure-glanza-20260929-092949-bb519fa9e197.pdf	44	9de421abea9b	2850x1854	84b24795a1f5	562x364	0.3055		
e-brochure-glanza-20260929-092949-bb519fa9e197.pdf	44	139f4a7932fd	492x270	3d96b86b12d2	486x265	0.5086		
e-brochure-glanza-20260929-092949-bb519fa9e197.pdf	44	70ce109141a4	474x316	40830812dff9	440x293	0.3231		
e-brochure-glanza-20260929-092949-bb519fa9e197.pdf	44	2b3251bfd3ab	2829x1886	40830812dff9	440x293	0.3201		
e-brochure-glanza-20260929-092949-bb519fa9e197.pdf	44	2b3251bfd3ab	2829x1886	70ce109141a4	474x316	0.5671		
e-brochure-glanza-20260929-092949-bb519fa9e197.pdf	44	a9d0aaed408c	1585x2380	d1df2cf93b39	1578x2380	0.0005	0.0326	
e-brochure-glanza-20260929-092949-bb519fa9e197.pdf	44	2a3cc5460b2e	2361x1771	8ffffd0ce55b	364x273	0.3207		
e-brochure-glanza-20260929-092949-bb519fa9e197.pdf	44	2a3cc5460b2e	2361x1771	25ee5b02ce6a	284x213	0.2815		
e-brochure-glanza-20260929-092949-bb519fa9e197.pdf	44	2a3cc5460b2e	2361x1771	b6991962d44d	365x274	0.3520		
e-brochure-glanza-20260929-092949-bb519fa9e197.pdf	44	2a3cc5460b2e	2361x1771	4cf2fbf8bba8	348x261	0.3864		
e-brochure-glanza-20260929-092949-bb519fa9e197.pdf	44	ece2548eaf01	587x330	aec6963b81b7	492x277	0.2597		
e-brochure-glanza-20260929-092949-bb519fa9e197.pdf	44	8de9c6108de0	497x280	aec6963b81b7	492x277	0.1725		
e-brochure-glanza-20260929-092949-bb519fa9e197.pdf	44	aec6963b81b7	492x277	794023b57424	470x265	0.2571		
e-brochure-glanza-20260929-092949-bb519fa9e197.pdf	44	aec6963b81b7	492x277	d2545fea366f	484x273	0.2240		
e-brochure-glanza-20260929-092949-bb519fa9e197.pdf	44	ece2548eaf01	587x330	8de9c6108de0	497x280	0.2206		
e-brochure-glanza-20260929-092949-bb519fa9e197.pdf	44	ece2548eaf01	587x330	794023b57424	470x265	0.3212		
e-brochure-glanza-20260929-092949-bb519fa9e197.pdf	44	ece2548eaf01	587x330	d2545fea366f	484x273	0.2566		
e-brochure-glanza-20260929-092949-bb519fa9e197.pdf	44	8de9c6108de0	497x280	794023b57424	470x265	0.2626		
e-brochure-glanza-20260929-092949-bb519fa9e197.pdf	44	8de9c6108de0	497x280	d2545fea366f	484x273	0.2378		
e-brochure-glanza-20260929-092949-bb519fa9e197.pdf	44	afeede170208	361x263	86c5aec5cb08	297x215	0.3173		
e-brochure-glanza-20260929-092949-bb519fa9e197.pdf	44	8ffffd0ce55b	364x273	25ee5b02ce6a	284x213	0.2864		
e-brochure-glanza-20260929-092949-bb519fa9e197.pdf	44	b6991962d44d	365x274	8ffffd0ce55b	364x273	0.1474		
e-brochure-glanza-20260929-092949-bb519fa9e197.pdf	44	8ffffd0ce55b	364x273	4cf2fbf8bba8	348x261	0.2235		
e-brochure-glanza-20260929-092949-bb519fa9e197.pdf	44	d2545fea366f	484x273	794023b57424	470x265	0.3645		
e-brochure-glanza-20260929-092949-bb519fa9e197.pdf	44	b6991962d44d	365x274	25ee5b02ce6a	284x213	0.3338		
e-brochure-glanza-20260929-092949-bb519fa9e197.pdf	44	4cf2fbf8bba8	348x261	25ee5b02ce6a	284x213	0.3833		
e-brochure-glanza-20260929-092949-bb519fa9e197.pdf	44	b6991962d44d	365x274	4cf2fbf8bba8	348x261	0.1781		
e-brochure-hilux-20260929-092949-06e758ecc12e.pdf	95	423f3b0fcacc	1685x597	6380ad89dcc9	1684x596	0.2040		
e-brochure-hilux-20260929-092949-06e758ecc12e.pdf	95	c29f1809d3c7	2338x826	423f3b0fcacc	1685x597	0.7634		
e-brochure-hilux-20260929-092949-06e758ecc12e.pdf	95	559af9ecb3c5	1827x739	be032fb46f4d	425x171	0.2323		
e-brochure-hilux-20260929-092949-06e758ecc12e.pdf	95	177290db487f	2250x2154	c608b6eff095	247x237	0.2841		
e-brochure-hilux-20260929-092949-06e758ecc12e.pdf	95	177290db487f	2250x2154	96bb964a20aa	247x237	0.3172		
e-brochure-hilux-20260929-092949-06e758ecc12e.pdf	95	177290db487f	2250x2154	b31e39fba298	247x237	0.3414		
e-brochure-hilux-20260929-092949-06e758ecc12e.pdf	95	177290db487f	2250x2154	c334a5629a34	261x248	0.3190		
e-brochure-hilux-20260929-092949-06e758ecc12e.pdf	95	c608b6eff095	247x237	96bb964a20aa	247x237	0.1223		
e-brochure-hilux-20260929-092949-06e758ecc12e.pdf	95	c608b6eff095	247x237	b31e39fba298	247x237	0.1353		
e-brochure-hilux-20260929-092949-06e758ecc12e.pdf	95	c334a5629a34	261x248	c608b6eff095	247x237	0.1773		
e-brochure-hilux-20260929-092949-06e758ecc12e.pdf	95	96bb964a20aa	247x237	b31e39fba298	247x237	0.1535		
e-brochure-hilux-20260929-092949-06e758ecc12e.pdf	95	c334a5629a34	261x248	96bb964a20aa	247x237	0.2340		
e-brochure-hilux-20260929-092949-06e758ecc12e.pdf	95	c334a5629a34	261x248	b31e39fba298	247x237	0.2501		
e-brochure-hilux-20260929-092949-06e758ecc12e.pdf	95	c29f1809d3c7	2338x826	6380ad89dcc9	1684x596	0.6006		
e-brochure-hilux-20260929-092949-06e758ecc12e.pdf	95	5071fba494ab	285x202	96e5ab7c4fdd	247x176	0.6717		
e-brochure-hilux-20260929-092949-06e758ecc12e.pdf	95	5071fba494ab	285x202	eba8344257f2	247x176	0.5361		
e-brochure-hilux-20260929-092949-06e758ecc12e.pdf	95	5071fba494ab	285x202	90ed40109e82	247x176	0.6111		
e-brochure-hilux-20260929-092949-06e758ecc12e.pdf	95	5071fba494ab	285x202	bd833b5aa654	247x176	0.5456		
e-brochure-hilux-20260929-092949-06e758ecc12e.pdf	95	85ff3d855e16	957x596	46dcff499326	290x181	0.3665		
e-brochure-hilux-20260929-092949-06e758ecc12e.pdf	95	cb5c2408334c	958x597	46dcff499326	290x181	0.2600		
e-brochure-hilux-20260929-092949-06e758ecc12e.pdf	95	4d3dd0fe77d0	958x596	46dcff499326	290x181	0.3095		
e-brochure-hilux-20260929-092949-06e758ecc12e.pdf	95	e24ef82d53d1	736x246	5c1e42bbf53e	551x184	0.2387		
e-brochure-hilux-20260929-092949-06e758ecc12e.pdf	95	23150555aef8	847x339	be032fb46f4d	425x171	0.2796		
e-brochure-hilux-20260929-092949-06e758ecc12e.pdf	95	ff8430cc8f1d	375x223	7abe211d2242	325x192	0.2353		
e-brochure-hilux-20260929-092949-06e758ecc12e.pdf	95	e532bfaa3c05	378x155	b9745ac59f70	318x131	0.3020		
e-brochure-hilux-20260929-092949-06e758ecc12e.pdf	95	cb5c2408334c	958x597	85ff3d855e16	957x596	0.2540		
e-brochure-hilux-20260929-092949-06e758ecc12e.pdf	95	4d3dd0fe77d0	958x596	85ff3d855e16	957x596	0.2491		
e-brochure-hilux-20260929-092949-06e758ecc12e.pdf	95	b6130ba7a7fd	324x282	e997485ca1f1	324x282	0.2146		
e-brochure-hilux-20260929-092949-06e758ecc12e.pdf	95	b6130ba7a7fd	324x282	7739d644c146	324x282	0.1937		
e-brochure-hilux-20260929-092949-06e758ecc12e.pdf	95	b6130ba7a7fd	324x282	e16b84fb0f09	323x282	0.2068		
e-brochure-hilux-20260929-092949-06e758ecc12e.pdf	95	b6130ba7a7fd	324x282	ac45f833329e	324x282	0.2184		
e-brochure-hilux-20260929-092949-06e758ecc12e.pdf	95	b6130ba7a7fd	324x282	8b01b49769ce	324x282	0.1461		
e-brochure-hilux-20260929-092949-06e758ecc12e.pdf	95	b6130ba7a7fd	324x282	3fb91b24b2a3	324x282	0.1527		
e-brochure-hilux-20260929-092949-06e758ecc12e.pdf	95	b6130ba7a7fd	324x282	3f8c7187ed71	324x282	0.1960		
e-brochure-hilux-20260929-092949-06e758ecc12e.pdf	95	b6130ba7a7fd	324x282	db399b2446b0	323x282	0.1794		
e-brochure-hilux-20260929-092949-06e758ecc12e.pdf	95	b6130ba7a7fd	324x282	f017f3673d05	324x282	0.2387		
e-brochure-hilux-20260929-092949-06e758ecc12e.pdf	95	b6130ba7a7fd	324x282	ef3ea5164a4e	280x246	0.2544		
e-brochure-hilux-20260929-092949-06e758ecc12e.pdf	95	e997485ca1f1	324x282	7739d644c146	324x282	0.0921		
e-brochure-hilux-20260929-092949-06e758ecc12e.pdf	95	e997485ca1f1	324x282	e16b84fb0f09	323x282	0.1809		
e-brochure-hilux-20260929-092949-06e758ecc12e.pdf	95	e997485ca1f1	324x282	ac45f833329e	324x282	0.2306		
e-brochure-hilux-20260929-092949-06e758ecc12e.pdf	95	e997485ca1f1	324x282	8b01b49769ce	324x282	0.2370		
e-brochure-hilux-20260929-092949-06e758ecc12e.pdf	95	e997485ca1f1	324x282	3fb91b24b2a3	324x282	0.1091		
e-brochure-hilux-20260929-092949-06e758ecc12e.pdf	95	e997485ca1f1	324x282	3f8c7187ed71	324x282	0.1131		
e-brochure-hilux-20260929-092949-06e758ecc12e.pdf	95	e997485ca1f1	324x282	db399b2446b0	323x282	0.0958		
e-brochure-hilux-20260929-092949-06e758ecc12e.pdf	95	e997485ca1f1	324x282	f017f3673d05	324x282	0.1108		
e-brochure-hilux-20260929-092949-06e758ecc12e.pdf	95	e997485ca1f1	324x282	ef3ea5164a4e	280x246	0.2540		
e-brochure-hilux-20260929-092949-06e758ecc12e.pdf	95	7739d644c146	324x282	e16b84fb0f09	323x282	0.1609		
e-brochure-hilux-20260929-092949-06e758ecc12e.pdf	95	7739d644c146	324x282	ac45f833329e	324x282	0.2067		
e-brochure-hilux-20260929-092949-06e758ecc12e.pdf	95	7739d644c146	324x282	8b01b49769ce	324x282	0.2272		
e-brochure-hilux-20260929-092949-06e758ecc12e.pdf	95	7739d644c146	324x282	3fb91b24b2a3	324x282	0.0966		
e-brochure-hilux-20260929-092949-06e758ecc12e.pdf	95	7739d644c146	324x282	3f8c7187ed71	324x282	0.1091		
e-brochure-hilux-20260929-092949-06e758ecc12e.pdf	95	7739d644c146	324x282	db399b2446b0	323x282	0.1082		
e-brochure-hilux-20260929-092949-06e758ecc12e.pdf	95	7739d644c146	324x282	f017f3673d05	324x282	0.1181		
e-brochure-hilux-20260929-092949-06e758ecc12e.pdf	95	7739d644c146	324x282	ef3ea5164a4e	280x246	0.2206		
e-brochure-hilux-20260929-092949-06e758ecc12e.pdf	95	ac45f833329e	324x282	e16b84fb0f09	323x282	0.1859		
e-brochure-hilux-20260929-092949-06e758ecc12e.pdf	95	8b01b49769ce	324x282	e16b84fb0f09	323x282	0.2692		
e-brochure-hilux-20260929-092949-06e758ecc12e.pdf	95	3fb91b24b2a3	324x282	e16b84fb0f09	323x282	0.1245		
e-brochure-hilux-20260929-092949-06e758ecc12e.pdf	95	3f8c7187ed71	324x282	e16b84fb0f09	323x282	0.1331		
e-brochure-hilux-20260929-092949-06e758ecc12e.pdf	95	e16b84fb0f09	323x282	db399b2446b0	323x282	0.1793		
e-brochure-hilux-20260929-092949-06e758ecc12e.pdf	95	f017f3673d05	324x282	e16b84fb0f09	323x282	0.1638		
e-brochure-hilux-20260929-092949-06e758ecc12e.pdf	95	e16b84fb0f09	323x282	ef3ea5164a4e	280x246	0.2466		
e-brochure-hilux-20260929-092949-06e758ecc12e.pdf	95	ac45f833329e	324x282	8b01b49769ce	324x282	0.2798		
e-brochure-hilux-20260929-092949-06e758ecc12e.pdf	95	ac45f833329e	324x282	3fb91b24b2a3	324x282	0.1546		
e-brochure-hilux-20260929-092949-06e758ecc12e.pdf	95	ac45f833329e	324x282	3f8c7187ed71	324x282	0.1901		
e-brochure-hilux-20260929-092949-06e758ecc12e.pdf	95	ac45f833329e	324x282	db399b2446b0	323x282	0.1893		
e-brochure-hilux-20260929-092949-06e758ecc12e.pdf	95	ac45f833329e	324x282	f017f3673d05	324x282	0.2194		
e-brochure-hilux-20260929-092949-06e758ecc12e.pdf	95	ac45f833329e	324x282	ef3ea5164a4e	280x246	0.2796		
e-brochure-hilux-20260929-092949-06e758ecc12e.pdf	95	8b01b49769ce	324x282	3fb91b24b2a3	324x282	0.1914		
e-brochure-hilux-20260929-092949-06e758ecc12e.pdf	95	8b01b49769ce	324x282	3f8c7187ed71	324x282	0.2276		
e-brochure-hilux-20260929-092949-06e758ecc12e.pdf	95	8b01b49769ce	324x282	db399b2446b0	323x282	0.2037		
e-brochure-hilux-20260929-092949-06e758ecc12e.pdf	95	8b01b49769ce	324x282	f017f3673d05	324x282	0.2559		
e-brochure-hilux-20260929-092949-06e758ecc12e.pdf	95	8b01b49769ce	324x282	ef3ea5164a4e	280x246	0.2597		
e-brochure-hilux-20260929-092949-06e758ecc12e.pdf	95	3fb91b24b2a3	324x282	3f8c7187ed71	324x282	0.0792		
e-brochure-hilux-20260929-092949-06e758ecc12e.pdf	95	3fb91b24b2a3	324x282	db399b2446b0	323x282	0.1025		
e-brochure-hilux-20260929-092949-06e758ecc12e.pdf	95	3fb91b24b2a3	324x282	f017f3673d05	324x282	0.1250		
e-brochure-hilux-20260929-092949-06e758ecc12e.pdf	95	3fb91b24b2a3	324x282	ef3ea5164a4e	280x246	0.2097		
e-brochure-hilux-20260929-092949-06e758ecc12e.pdf	95	3f8c7187ed71	324x282	db399b2446b0	323x282	0.1307		
e-brochure-hilux-20260929-092949-06e758ecc12e.pdf	95	3f8c7187ed71	324x282	f017f3673d05	324x282	0.0939		
e-brochure-hilux-20260929-092949-06e758ecc12e.pdf	95	3f8c7187ed71	324x282	ef3ea5164a4e	280x246	0.2213		
e-brochure-hilux-20260929-092949-06e758ecc12e.pdf	95	f017f3673d05	324x282	db399b2446b0	323x282	0.1247		
e-brochure-hilux-20260929-092949-06e758ecc12e.pdf	95	db399b2446b0	323x282	ef3ea5164a4e	280x246	0.2508		
e-brochure-hilux-20260929-092949-06e758ecc12e.pdf	95	f017f3673d05	324x282	ef3ea5164a4e	280x246	0.2571		
e-brochure-hilux-20260929-092949-06e758ecc12e.pdf	95	45544be2064c	967x596	4d3dd0fe77d0	958x596	0.2580		
e-brochure-hilux-20260929-092949-06e758ecc12e.pdf	95	ca713bac3dd4	1018x626	45544be2064c	967x596	0.2800		
e-brochure-hilux-20260929-092949-06e758ecc12e.pdf	95	7afa89bfafce	212x211	ae0bdbf6de19	212x211	0.2855		
e-brochure-hilux-20260929-092949-06e758ecc12e.pdf	95	7afa89bfafce	212x211	7086c1c05def	212x211	0.5266		
e-brochure-hilux-20260929-092949-06e758ecc12e.pdf	95	7afa89bfafce	212x211	fffe4de56ee4	212x211	0.4847		
e-brochure-hilux-20260929-092949-06e758ecc12e.pdf	95	7afa89bfafce	212x211	cc5dcb519387	212x211	0.3450		
e-brochure-hilux-20260929-092949-06e758ecc12e.pdf	95	7afa89bfafce	212x211	6431e8ea1994	212x211	0.5545		
e-brochure-hilux-20260929-092949-06e758ecc12e.pdf	95	7afa89bfafce	212x211	848b2e96ad3c	212x211	0.4807		
e-brochure-hilux-20260929-092949-06e758ecc12e.pdf	95	7afa89bfafce	212x211	61bfce261f58	212x211	0.3764		
e-brochure-hilux-20260929-092949-06e758ecc12e.pdf	95	7afa89bfafce	212x211	f5d5177c052a	212x211	0.2571		
e-brochure-hilux-20260929-092949-06e758ecc12e.pdf	95	7afa89bfafce	212x211	7e1699732562	212x211	0.3388		
e-brochure-hilux-20260929-092949-06e758ecc12e.pdf	95	f57bdac8408d	247x245	7afa89bfafce	212x211	0.2372		
e-brochure-hilux-20260929-092949-06e758ecc12e.pdf	95	ae0bdbf6de19	212x211	7086c1c05def	212x211	0.4247		
e-brochure-hilux-20260929-092949-06e758ecc12e.pdf	95	ae0bdbf6de19	212x211	fffe4de56ee4	212x211	0.4347		
e-brochure-hilux-20260929-092949-06e758ecc12e.pdf	95	ae0bdbf6de19	212x211	cc5dcb519387	212x211	0.4424		
e-brochure-hilux-20260929-092949-06e758ecc12e.pdf	95	ae0bdbf6de19	212x211	6431e8ea1994	212x211	0.4213		
e-brochure-hilux-20260929-092949-06e758ecc12e.pdf	95	ae0bdbf6de19	212x211	848b2e96ad3c	212x211	0.4819		
e-brochure-hilux-20260929-092949-06e758ecc12e.pdf	95	ae0bdbf6de19	212x211	61bfce261f58	212x211	0.4295		
e-brochure-hilux-20260929-092949-06e758ecc12e.pdf	95	ae0bdbf6de19	212x211	f5d5177c052a	212x211	0.3404		
e-brochure-hilux-20260929-092949-06e758ecc12e.pdf	95	ae0bdbf6de19	212x211	7e1699732562	212x211	0.3616		
e-brochure-hilux-20260929-092949-06e758ecc12e.pdf	95	f57bdac8408d	247x245	ae0bdbf6de19	212x211	0.3444		
e-brochure-hilux-20260929-092949-06e758ecc12e.pdf	95	7086c1c05def	212x211	fffe4de56ee4	212x211	0.2020		
e-brochure-hilux-20260929-092949-06e758ecc12e.pdf	95	7086c1c05def	212x211	cc5dcb519387	212x211	0.2895		
e-brochure-hilux-20260929-092949-06e758ecc12e.pdf	95	7086c1c05def	212x211	6431e8ea1994	212x211	0.4210		
e-brochure-hilux-20260929-092949-06e758ecc12e.pdf	95	7086c1c05def	212x211	848b2e96ad3c	212x211	0.2017		
e-brochure-hilux-20260929-092949-06e758ecc12e.pdf	95	7086c1c05def	212x211	61bfce261f58	212x211	0.4111		
e-brochure-hilux-20260929-092949-06e758ecc12e.pdf	95	7086c1c05def	212x211	f5d5177c052a	212x211	0.5357		
e-brochure-hilux-20260929-092949-06e758ecc12e.pdf	95	7086c1c05def	212x211	7e1699732562	212x211	0.4296		
e-brochure-hilux-20260929-092949-06e758ecc12e.pdf	95	f57bdac8408d	247x245	7086c1c05def	212x211	0.5410		
e-brochure-hilux-20260929-092949-06e758ecc12e.pdf	95	fffe4de56ee4	212x211	cc5dcb519387	212x211	0.2969		
e-brochure-hilux-20260929-092949-06e758ecc12e.pdf	95	fffe4de56ee4	212x211	6431e8ea1994	212x211	0.3254		
e-brochure-hilux-20260929-092949-06e758ecc12e.pdf	95	fffe4de56ee4	212x211	848b2e96ad3c	212x211	0.2932		
e-brochure-hilux-20260929-092949-06e758ecc12e.pdf	95	fffe4de56ee4	212x211	61bfce261f58	212x211	0.3772		
e-brochure-hilux-20260929-092949-06e758ecc12e.pdf	95	fffe4de56ee4	212x211	f5d5177c052a	212x211	0.4775		
e-brochure-hilux-20260929-092949-06e758ecc12e.pdf	95	fffe4de56ee4	212x211	7e1699732562	212x211	0.3641		
e-brochure-hilux-20260929-092949-06e758ecc12e.pdf	95	f57bdac8408d	247x245	fffe4de56ee4	212x211	0.5299		
e-brochure-hilux-20260929-092949-06e758ecc12e.pdf	95	cc5dcb519387	212x211	6431e8ea1994	212x211	0.4979		
e-brochure-hilux-20260929-092949-06e758ecc12e.pdf	95	cc5dcb519387	212x211	848b2e96ad3c	212x211	0.2773		
e-brochure-hilux-20260929-092949-06e758ecc12e.pdf	95	cc5dcb519387	212x211	61bfce261f58	212x211	0.3576		
e-brochure-hilux-20260929-092949-06e758ecc12e.pdf	95	cc5dcb519387	212x211	f5d5177c052a	212x211	0.3807		
e-brochure-hilux-20260929-092949-06e758ecc12e.pdf	95	cc5dcb519387	212x211	7e1699732562	212x211	0.3839		
e-brochure-hilux-20260929-092949-06e758ecc12e.pdf	95	f57bdac8408d	247x245	cc5dcb519387	212x211	0.3763		
e-brochure-hilux-20260929-092949-06e758ecc12e.pdf	95	6431e8ea1994	212x211	848b2e96ad3c	212x211	0.4711		
e-brochure-hilux-20260929-092949-06e758ecc12e.pdf	95	6431e8ea1994	212x211	61bfce261f58	212x211	0.3680		
e-brochure-hilux-20260929-092949-06e758ecc12e.pdf	95	6431e8ea1994	212x211	f5d5177c052a	212x211	0.4040		
e-brochure-hilux-20260929-092949-06e758ecc12e.pdf	95	6431e8ea1994	212x211	7e1699732562	212x211	0.3644		
e-brochure-hilux-20260929-092949-06e758ecc12e.pdf	95	f57bdac8408d	247x245	6431e8ea1994	212x211	0.4744		
e-brochure-hilux-20260929-092949-06e758ecc12e.pdf	95	848b2e96ad3c	212x211	61bfce261f58	212x211	0.3485		
e-brochure-hilux-20260929-092949-06e758ecc12e.pdf	95	848b2e96ad3c	212x211	f5d5177c052a	212x211	0.4648		
e-brochure-hilux-20260929-092949-06e758ecc12e.pdf	95	848b2e96ad3c	212x211	7e1699732562	212x211	0.4180		
e-brochure-hilux-20260929-092949-06e758ecc12e.pdf	95	f57bdac8408d	247x245	848b2e96ad3c	212x211	0.4842		
e-brochure-hilux-20260929-092949-06e758ecc12e.pdf	95	61bfce261f58	212x211	f5d5177c052a	212x211	0.1879		
e-brochure-hilux-20260929-092949-06e758ecc12e.pdf	95	61bfce261f58	212x211	7e1699732562	212x211	0.2443		
e-brochure-hilux-20260929-092949-06e758ecc12e.pdf	95	f57bdac8408d	247x245	61bfce261f58	212x211	0.2447		
e-brochure-hilux-20260929-092949-06e758ecc12e.pdf	95	f5d5177c052a	212x211	7e1699732562	212x211	0.2330		
e-brochure-hilux-20260929-092949-06e758ecc12e.pdf	95	f57bdac8408d	247x245	f5d5177c052a	212x211	0.1079		
e-brochure-hilux-20260929-092949-06e758ecc12e.pdf	95	f57bdac8408d	247x245	7e1699732562	212x211	0.2903		
e-brochure-hilux-20260929-092949-06e758ecc12e.pdf	95	96e5ab7c4fdd	247x176	eba8344257f2	247x176	0.3038		
e-brochure-hilux-20260929-092949-06e758ecc12e.pdf	95	96e5ab7c4fdd	247x176	90ed40109e82	247x176	0.2542		
e-brochure-hilux-20260929-092949-06e758ecc12e.pdf	95	96e5ab7c4fdd	247x176	bd833b5aa654	247x176	0.2045		
e-brochure-hilux-20260929-092949-06e758ecc12e.pdf	95	eba8344257f2	247x176	90ed40109e82	247x176	0.2468		
e-brochure-hilux-20260929-092949-06e758ecc12e.pdf	95	eba8344257f2	247x176	bd833b5aa654	247x176	0.2594		
e-brochure-hilux-20260929-092949-06e758ecc12e.pdf	95	90ed40109e82	247x176	bd833b5aa654	247x176	0.1058		
e-brochure-hilux-20260929-092949-06e758ecc12e.pdf	95	ab276f9f261a	206x288	325c0cb9423a	206x288	0.0101	0.3875	
e-brochure-hilux-20260929-092949-06e758ecc12e.pdf	95	cb5c2408334c	958x597	4d3dd0fe77d0	958x596	0.2647		
e-brochure-hilux-20260929-092949-06e758ecc12e.pdf	95	cb15fd5c7554	299x308	7e2b33cfa927	298x306	0.3615		
e-brochure-hycross-20260929-092949-060d050b816d.pdf	62	197a87bf800b	1946x1112	46f7dfd7f523	401x230	0.2686		
e-brochure-hycross-20260929-092949-060d050b816d.pdf	62	974badce6362	1461x984	2bb6752db965	1372x925	0.2468		
e-brochure-hycross-20260929-092949-060d050b816d.pdf	62	75b0a21d6693	396x236	d5a1fc756f31	336x199	0.3323		
e-brochure-hycross-20260929-092949-060d050b816d.pdf	62	61d9a215290c	429x286	e2ed7d9305b7	381x254	0.3071		
e-brochure-hycross-20260929-092949-060d050b816d.pdf	62	61d9a215290c	429x286	a6c3e29f3ab3	380x253	0.1740		
e-brochure-hycross-20260929-092949-060d050b816d.pdf	62	61d9a215290c	429x286	8dcc535f9fde	368x245	0.2633		
e-brochure-hycross-20260929-092949-060d050b816d.pdf	62	61d9a215290c	429x286	c8d9e73e2b9b	297x198	0.1617		
e-brochure-hycross-20260929-092949-060d050b816d.pdf	62	b48dbfe94b30	464x309	61d9a215290c	429x286	0.1496		
e-brochure-hycross-20260929-092949-060d050b816d.pdf	62	be3074741a74	500x330	61d9a215290c	429x286	0.2778		
e-brochure-hycross-20260929-092949-060d050b816d.pdf	62	e9a820340b2c	444x296	61d9a215290c	429x286	0.4986		
e-brochure-hycross-20260929-092949-060d050b816d.pdf	62	61d9a215290c	429x286	80253ae6ee48	362x239	0.1826		
e-brochure-hycross-20260929-092949-060d050b816d.pdf	62	21ac6d8c866a	1146x764	61d9a215290c	429x286	0.4988		
e-brochure-hycross-20260929-092949-060d050b816d.pdf	62	82176ed54e6d	1996x1330	61d9a215290c	429x286	0.3494		
e-brochure-hycross-20260929-092949-060d050b816d.pdf	62	61d9a215290c	429x286	17280d1dd9aa	395x263	0.1490		
e-brochure-hycross-20260929-092949-060d050b816d.pdf	62	61d9a215290c	429x286	bf4daeca50c3	371x247	0.1356		
e-brochure-hycross-20260929-092949-060d050b816d.pdf	62	02b1d3116a90	455x300	e090014cfb91	401x263	0.2086		
e-brochure-hycross-20260929-092949-060d050b816d.pdf	62	be3074741a74	500x330	e090014cfb91	401x263	0.1747		
e-brochure-hycross-20260929-092949-060d050b816d.pdf	62	e090014cfb91	401x263	80253ae6ee48	362x239	0.2246		
e-brochure-hycross-20260929-092949-060d050b816d.pdf	62	e2ed7d9305b7	381x254	a6c3e29f3ab3	380x253	0.2687		
e-brochure-hycross-20260929-092949-060d050b816d.pdf	62	e2ed7d9305b7	381x254	8dcc535f9fde	368x245	0.2299		
e-brochure-hycross-20260929-092949-060d050b816d.pdf	62	e2ed7d9305b7	381x254	c8d9e73e2b9b	297x198	0.2636		
e-brochure-hycross-20260929-092949-060d050b816d.pdf	62	b48dbfe94b30	464x309	e2ed7d9305b7	381x254	0.3408		
e-brochure-hycross-20260929-092949-060d050b816d.pdf	62	be3074741a74	500x330	e2ed7d9305b7	381x254	0.2466		
e-brochure-hycross-20260929-092949-060d050b816d.pdf	62	e9a820340b2c	444x296	e2ed7d9305b7	381x254	0.4422		
e-brochure-hycross-20260929-092949-060d050b816d.pdf	62	e2ed7d9305b7	381x254	80253ae6ee48	362x239	0.3707		
e-brochure-hycross-20260929-092949-060d050b816d.pdf	62	21ac6d8c866a	1146x764	e2ed7d9305b7	381x254	0.3850		
e-brochure-hycross-20260929-092949-060d050b816d.pdf	62	82176ed54e6d	1996x1330	e2ed7d9305b7	381x254	0.2270		
e-brochure-hycross-20260929-092949-060d050b816d.pdf	62	17280d1dd9aa	395x263	e2ed7d9305b7	381x254	0.3408		
e-brochure-hycross-20260929-092949-060d050b816d.pdf	62	e2ed7d9305b7	381x254	bf4daeca50c3	371x247	0.3531		
e-brochure-hycross-20260929-092949-060d050b816d.pdf	62	02b1d3116a90	455x300	a6c3e29f3ab3	380x253	0.2121		
e-brochure-hycross-20260929-092949-060d050b816d.pdf	62	a6c3e29f3ab3	380x253	8dcc535f9fde	368x245	0.2381		
e-brochure-hycross-20260929-092949-060d050b816d.pdf	62	a6c3e29f3ab3	380x253	c8d9e73e2b9b	297x198	0.1896		
e-brochure-hycross-20260929-092949-060d050b816d.pdf	62	b48dbfe94b30	464x309	a6c3e29f3ab3	380x253	0.1849		
e-brochure-hycross-20260929-092949-060d050b816d.pdf	62	be3074741a74	500x330	a6c3e29f3ab3	380x253	0.2677		
e-brochure-hycross-20260929-092949-060d050b816d.pdf	62	e9a820340b2c	444x296	a6c3e29f3ab3	380x253	0.5050		
e-brochure-hycross-20260929-092949-060d050b816d.pdf	62	a6c3e29f3ab3	380x253	80253ae6ee48	362x239	0.2404		
e-brochure-hycross-20260929-092949-060d050b816d.pdf	62	21ac6d8c866a	1146x764	a6c3e29f3ab3	380x253	0.5016		
e-brochure-hycross-20260929-092949-060d050b816d.pdf	62	82176ed54e6d	1996x1330	a6c3e29f3ab3	380x253	0.3213		
e-brochure-hycross-20260929-092949-060d050b816d.pdf	62	17280d1dd9aa	395x263	a6c3e29f3ab3	380x253	0.1842		
e-brochure-hycross-20260929-092949-060d050b816d.pdf	62	a6c3e29f3ab3	380x253	bf4daeca50c3	371x247	0.1854		
e-brochure-hycross-20260929-092949-060d050b816d.pdf	62	ea808275852a	447x344	83fb64105144	441x337	0.3814		
e-brochure-hycross-20260929-092949-060d050b816d.pdf	62	90cdf06f2630	1609x1171	3758008d878f	430x316	0.2588		
e-brochure-hycross-20260929-092949-060d050b816d.pdf	62	90cdf06f2630	1609x1171	9815c7bbe4ff	863x628	0.0705		
e-brochure-hycross-20260929-092949-060d050b816d.pdf	62	2feba1c1dd2b	1451x910	a164756c2609	1217x770	0.2257		
e-brochure-hycross-20260929-092949-060d050b816d.pdf	62	02b1d3116a90	455x300	8dcc535f9fde	368x245	0.2177		
e-brochure-hycross-20260929-092949-060d050b816d.pdf	62	b48dbfe94b30	464x309	02b1d3116a90	455x300	0.3286		
e-brochure-hycross-20260929-092949-060d050b816d.pdf	62	be3074741a74	500x330	02b1d3116a90	455x300	0.2310		
e-brochure-hycross-20260929-092949-060d050b816d.pdf	62	02b1d3116a90	455x300	80253ae6ee48	362x239	0.2895		
e-brochure-hycross-20260929-092949-060d050b816d.pdf	62	02b1d3116a90	455x300	17280d1dd9aa	395x263	0.3287		
e-brochure-hycross-20260929-092949-060d050b816d.pdf	62	02b1d3116a90	455x300	bf4daeca50c3	371x247	0.3343		
e-brochure-hycross-20260929-092949-060d050b816d.pdf	62	d6aba0739453	579x398	56c0c7f82eb3	395x273	0.0872		
e-brochure-hycross-20260929-092949-060d050b816d.pdf	62	0645bf5afcf4	2082x1428	56c0c7f82eb3	395x273	0.3760		
e-brochure-hycross-20260929-092949-060d050b816d.pdf	62	b18be5cbae3a	625x429	56c0c7f82eb3	395x273	0.3964		
e-brochure-hycross-20260929-092949-060d050b816d.pdf	62	6df1dac08174	973x667	56c0c7f82eb3	395x273	0.3930		
e-brochure-hycross-20260929-092949-060d050b816d.pdf	62	b25d742fe8f4	973x667	56c0c7f82eb3	395x273	0.3936		
e-brochure-hycross-20260929-092949-060d050b816d.pdf	62	27d3dec05fba	973x667	56c0c7f82eb3	395x273	0.3931		
e-brochure-hycross-20260929-092949-060d050b816d.pdf	62	9dfd61914633	625x429	56c0c7f82eb3	395x273	0.3961		
e-brochure-hycross-20260929-092949-060d050b816d.pdf	62	0c886a87d6fd	1526x1046	56c0c7f82eb3	395x273	0.1392		
e-brochure-hycross-20260929-092949-060d050b816d.pdf	62	55d2fc5b3af1	569x394	56c0c7f82eb3	395x273	0.0781		
e-brochure-hycross-20260929-092949-060d050b816d.pdf	62	56c0c7f82eb3	395x273	126f82607702	364x252	0.2007		
e-brochure-hycross-20260929-092949-060d050b816d.pdf	62	6b2ed79a7516	463x321	56c0c7f82eb3	395x273	0.3130		
e-brochure-hycross-20260929-092949-060d050b816d.pdf	62	56c0c7f82eb3	395x273	98b2cd28c01b	326x226	0.3088		
e-brochure-hycross-20260929-092949-060d050b816d.pdf	62	61186faa4d3f	444x307	56c0c7f82eb3	395x273	0.2919		
e-brochure-hycross-20260929-092949-060d050b816d.pdf	62	84dd346aaafe	397x275	56c0c7f82eb3	395x273	0.1824		
e-brochure-hycross-20260929-092949-060d050b816d.pdf	62	bcc6ef14b1db	452x313	56c0c7f82eb3	395x273	0.3251		
e-brochure-hycross-20260929-092949-060d050b816d.pdf	62	72128be0f8c5	413x286	56c0c7f82eb3	395x273	0.1672		
e-brochure-hycross-20260929-092949-060d050b816d.pdf	62	58523626c396	534x370	56c0c7f82eb3	395x273	0.2501		
e-brochure-hycross-20260929-092949-060d050b816d.pdf	62	8dcc535f9fde	368x245	c8d9e73e2b9b	297x198	0.2060		
e-brochure-hycross-20260929-092949-060d050b816d.pdf	62	b48dbfe94b30	464x309	8dcc535f9fde	368x245	0.3195		
e-brochure-hycross-20260929-092949-060d050b816d.pdf	62	be3074741a74	500x330	8dcc535f9fde	368x245	0.2235		
e-brochure-hycross-20260929-092949-060d050b816d.pdf	62	e9a820340b2c	444x296	8dcc535f9fde	368x245	0.4432		
e-brochure-hycross-20260929-092949-060d050b816d.pdf	62	8dcc535f9fde	368x245	80253ae6ee48	362x239	0.3049		
e-brochure-hycross-20260929-092949-060d050b816d.pdf	62	21ac6d8c866a	1146x764	8dcc535f9fde	368x245	0.4175		
e-brochure-hycross-20260929-092949-060d050b816d.pdf	62	82176ed54e6d	1996x1330	8dcc535f9fde	368x245	0.2363		
e-brochure-hycross-20260929-092949-060d050b816d.pdf	62	17280d1dd9aa	395x263	8dcc535f9fde	368x245	0.3193		
e-brochure-hycross-20260929-092949-060d050b816d.pdf	62	bf4daeca50c3	371x247	8dcc535f9fde	368x245	0.3246		
e-brochure-hycross-20260929-092949-060d050b816d.pdf	62	b48dbfe94b30	464x309	c8d9e73e2b9b	297x198	0.1835		
e-brochure-hycross-20260929-092949-060d050b816d.pdf	62	be3074741a74	500x330	c8d9e73e2b9b	297x198	0.2308		
e-brochure-hycross-20260929-092949-060d050b816d.pdf	62	e9a820340b2c	444x296	c8d9e73e2b9b	297x198	0.4882		
e-brochure-hycross-20260929-092949-060d050b816d.pdf	62	80253ae6ee48	362x239	c8d9e73e2b9b	297x198	0.2114		
e-brochure-hycross-20260929-092949-060d050b816d.pdf	62	21ac6d8c866a	1146x764	c8d9e73e2b9b	297x198	0.4667		
e-brochure-hycross-20260929-092949-060d050b816d.pdf	62	82176ed54e6d	1996x1330	c8d9e73e2b9b	297x198	0.3204		
e-brochure-hycross-20260929-092949-060d050b816d.pdf	62	17280d1dd9aa	395x263	c8d9e73e2b9b	297x198	0.1837		
e-brochure-hycross-20260929-092949-060d050b816d.pdf	62	bf4daeca50c3	371x247	c8d9e73e2b9b	297x198	0.1900		
e-brochure-hycross-20260929-092949-060d050b816d.pdf	62	be3074741a74	500x330	b48dbfe94b30	464x309	0.3441		
e-brochure-hycross-20260929-092949-060d050b816d.pdf	62	b48dbfe94b30	464x309	e9a820340b2c	444x296	0.5537		
e-brochure-hycross-20260929-092949-060d050b816d.pdf	62	b48dbfe94b30	464x309	80253ae6ee48	362x239	0.1976		
e-brochure-hycross-20260929-092949-060d050b816d.pdf	62	21ac6d8c866a	1146x764	b48dbfe94b30	464x309	0.5389		
e-brochure-hycross-20260929-092949-060d050b816d.pdf	62	82176ed54e6d	1996x1330	b48dbfe94b30	464x309	0.4278		
e-brochure-hycross-20260929-092949-060d050b816d.pdf	62	b48dbfe94b30	464x309	17280d1dd9aa	395x263	0.0060	0.8931	
e-brochure-hycross-20260929-092949-060d050b816d.pdf	62	b48dbfe94b30	464x309	bf4daeca50c3	371x247	0.0292		
e-brochure-hycross-20260929-092949-060d050b816d.pdf	62	be3074741a74	500x330	e9a820340b2c	444x296	0.4313		
e-brochure-hycross-20260929-092949-060d050b816d.pdf	62	be3074741a74	500x330	80253ae6ee48	362x239	0.2813		
e-brochure-hycross-20260929-092949-060d050b816d.pdf	62	21ac6d8c866a	1146x764	be3074741a74	500x330	0.3575		
e-brochure-hycross-20260929-092949-060d050b816d.pdf	62	82176ed54e6d	1996x1330	be3074741a74	500x330	0.2192		
e-brochure-hycross-20260929-092949-060d050b816d.pdf	62	be3074741a74	500x330	17280d1dd9aa	395x263	0.3435		
e-brochure-hycross-20260929-092949-060d050b816d.pdf	62	be3074741a74	500x330	bf4daeca50c3	371x247	0.3345		
e-brochure-hycross-20260929-092949-060d050b816d.pdf	62	e9a820340b2c	444x296	80253ae6ee48	362x239	0.4377		
e-brochure-hycross-20260929-092949-060d050b816d.pdf	62	21ac6d8c866a	1146x764	e9a820340b2c	444x296	0.2859		
e-brochure-hycross-20260929-092949-060d050b816d.pdf	62	82176ed54e6d	1996x1330	e9a820340b2c	444x296	0.4193		
e-brochure-hycross-20260929-092949-060d050b816d.pdf	62	e9a820340b2c	444x296	17280d1dd9aa	395x263	0.5540		
e-brochure-hycross-20260929-092949-060d050b816d.pdf	62	e9a820340b2c	444x296	bf4daeca50c3	371x247	0.5605		
e-brochure-hycross-20260929-092949-060d050b816d.pdf	62	84cc874ba7d6	1024x759	3758008d878f	430x316	0.2400		
e-brochure-hycross-20260929-092949-060d050b816d.pdf	62	9815c7bbe4ff	863x628	3758008d878f	430x316	0.2623		
e-brochure-hycross-20260929-092949-060d050b816d.pdf	62	21ac6d8c866a	1146x764	80253ae6ee48	362x239	0.4250		
e-brochure-hycross-20260929-092949-060d050b816d.pdf	62	82176ed54e6d	1996x1330	80253ae6ee48	362x239	0.3685		
e-brochure-hycross-20260929-092949-060d050b816d.pdf	62	17280d1dd9aa	395x263	80253ae6ee48	362x239	0.1969		
e-brochure-hycross-20260929-092949-060d050b816d.pdf	62	bf4daeca50c3	371x247	80253ae6ee48	362x239	0.1964		
e-brochure-hycross-20260929-092949-060d050b816d.pdf	62	2eaeb7ef1bcc	1677x944	f0a045b97ca7	1648x928	0.2986		
e-brochure-hycross-20260929-092949-060d050b816d.pdf	62	82176ed54e6d	1996x1330	21ac6d8c866a	1146x764	0.3454		
e-brochure-hycross-20260929-092949-060d050b816d.pdf	62	21ac6d8c866a	1146x764	17280d1dd9aa	395x263	0.5394		
e-brochure-hycross-20260929-092949-060d050b816d.pdf	62	21ac6d8c866a	1146x764	bf4daeca50c3	371x247	0.5533		
e-brochure-hycross-20260929-092949-060d050b816d.pdf	62	0645bf5afcf4	2082x1428	d6aba0739453	579x398	0.3734		
e-brochure-hycross-20260929-092949-060d050b816d.pdf	62	b18be5cbae3a	625x429	d6aba0739453	579x398	0.3776		
e-brochure-hycross-20260929-092949-060d050b816d.pdf	62	6df1dac08174	973x667	d6aba0739453	579x398	0.3841		
e-brochure-hycross-20260929-092949-060d050b816d.pdf	62	b25d742fe8f4	973x667	d6aba0739453	579x398	0.3847		
e-brochure-hycross-20260929-092949-060d050b816d.pdf	62	27d3dec05fba	973x667	d6aba0739453	579x398	0.3842		
e-brochure-hycross-20260929-092949-060d050b816d.pdf	62	9dfd61914633	625x429	d6aba0739453	579x398	0.3783		
e-brochure-hycross-20260929-092949-060d050b816d.pdf	62	0c886a87d6fd	1526x1046	d6aba0739453	579x398	0.1217		
e-brochure-hycross-20260929-092949-060d050b816d.pdf	62	d6aba0739453	579x398	55d2fc5b3af1	569x394	0.1179		
e-brochure-hycross-20260929-092949-060d050b816d.pdf	62	d6aba0739453	579x398	126f82607702	364x252	0.2265		
e-brochure-hycross-20260929-092949-060d050b816d.pdf	62	d6aba0739453	579x398	6b2ed79a7516	463x321	0.3229		
e-brochure-hycross-20260929-092949-060d050b816d.pdf	62	d6aba0739453	579x398	98b2cd28c01b	326x226	0.3200		
e-brochure-hycross-20260929-092949-060d050b816d.pdf	62	d6aba0739453	579x398	61186faa4d3f	444x307	0.2811		
e-brochure-hycross-20260929-092949-060d050b816d.pdf	62	d6aba0739453	579x398	84dd346aaafe	397x275	0.2097		
e-brochure-hycross-20260929-092949-060d050b816d.pdf	62	d6aba0739453	579x398	bcc6ef14b1db	452x313	0.3160		
e-brochure-hycross-20260929-092949-060d050b816d.pdf	62	d6aba0739453	579x398	72128be0f8c5	413x286	0.1740		
e-brochure-hycross-20260929-092949-060d050b816d.pdf	62	d6aba0739453	579x398	58523626c396	534x370	0.2336		
e-brochure-hycross-20260929-092949-060d050b816d.pdf	62	82176ed54e6d	1996x1330	17280d1dd9aa	395x263	0.4278		
e-brochure-hycross-20260929-092949-060d050b816d.pdf	62	82176ed54e6d	1996x1330	bf4daeca50c3	371x247	0.4246		
e-brochure-hycross-20260929-092949-060d050b816d.pdf	62	17280d1dd9aa	395x263	bf4daeca50c3	371x247	0.0293		
e-brochure-hycross-20260929-092949-060d050b816d.pdf	62	0645bf5afcf4	2082x1428	b18be5cbae3a	625x429	0.1539		
e-brochure-hycross-20260929-092949-060d050b816d.pdf	62	0645bf5afcf4	2082x1428	6df1dac08174	973x667	0.1268		
e-brochure-hycross-20260929-092949-060d050b816d.pdf	62	0645bf5afcf4	2082x1428	b25d742fe8f4	973x667	0.1277		
e-brochure-hycross-20260929-092949-060d050b816d.pdf	62	0645bf5afcf4	2082x1428	27d3dec05fba	973x667	0.1267		
e-brochure-hycross-20260929-092949-060d050b816d.pdf	62	0645bf5afcf4	2082x1428	9dfd61914633	625x429	0.1541		
e-brochure-hycross-20260929-092949-060d050b816d.pdf	62	0645bf5afcf4	2082x1428	0c886a87d6fd	1526x1046	0.3677		
e-brochure-hycross-20260929-092949-060d050b816d.pdf	62	0645bf5afcf4	2082x1428	55d2fc5b3af1	569x394	0.4031		
e-brochure-hycross-20260929-092949-060d050b816d.pdf	62	0645bf5afcf4	2082x1428	126f82607702	364x252	0.3766		
e-brochure-hycross-20260929-092949-060d050b816d.pdf	62	0645bf5afcf4	2082x1428	61186faa4d3f	444x307	0.2540		
e-brochure-hycross-20260929-092949-060d050b816d.pdf	62	0645bf5afcf4	2082x1428	84dd346aaafe	397x275	0.3109		
e-brochure-hycross-20260929-092949-060d050b816d.pdf	62	0645bf5afcf4	2082x1428	bcc6ef14b1db	452x313	0.3859		
e-brochure-hycross-20260929-092949-060d050b816d.pdf	62	0645bf5afcf4	2082x1428	72128be0f8c5	413x286	0.3329		
e-brochure-hycross-20260929-092949-060d050b816d.pdf	62	6df1dac08174	973x667	b18be5cbae3a	625x429	0.1002		
e-brochure-hycross-20260929-092949-060d050b816d.pdf	62	b25d742fe8f4	973x667	b18be5cbae3a	625x429	0.0983		
e-brochure-hycross-20260929-092949-060d050b816d.pdf	62	27d3dec05fba	973x667	b18be5cbae3a	625x429	0.1001		
e-brochure-hycross-20260929-092949-060d050b816d.pdf	62	b18be5cbae3a	625x429	9dfd61914633	625x429	0.0048	0.1181	
e-brochure-hycross-20260929-092949-060d050b816d.pdf	62	0c886a87d6fd	1526x1046	b18be5cbae3a	625x429	0.3604		
e-brochure-hycross-20260929-092949-060d050b816d.pdf	62	b18be5cbae3a	625x429	55d2fc5b3af1	569x394	0.4065		
e-brochure-hycross-20260929-092949-060d050b816d.pdf	62	b18be5cbae3a	625x429	126f82607702	364x252	0.3934		
e-brochure-hycross-20260929-092949-060d050b816d.pdf	62	b18be5cbae3a	625x429	6b2ed79a7516	463x321	0.2988		
e-brochure-hycross-20260929-092949-060d050b816d.pdf	62	b18be5cbae3a	625x429	98b2cd28c01b	326x226	0.3328		
e-brochure-hycross-20260929-092949-060d050b816d.pdf	62	b18be5cbae3a	625x429	61186faa4d3f	444x307	0.3030		
e-brochure-hycross-20260929-092949-060d050b816d.pdf	62	b18be5cbae3a	625x429	84dd346aaafe	397x275	0.3270		
e-brochure-hycross-20260929-092949-060d050b816d.pdf	62	b18be5cbae3a	625x429	bcc6ef14b1db	452x313	0.3785		
e-brochure-hycross-20260929-092949-060d050b816d.pdf	62	b18be5cbae3a	625x429	72128be0f8c5	413x286	0.3495		
e-brochure-hycross-20260929-092949-060d050b816d.pdf	62	b18be5cbae3a	625x429	58523626c396	534x370	0.2729		
e-brochure-hycross-20260929-092949-060d050b816d.pdf	62	6df1dac08174	973x667	b25d742fe8f4	973x667	0.0020	0.8811	
e-brochure-hycross-20260929-092949-060d050b816d.pdf	62	6df1dac08174	973x667	27d3dec05fba	973x667	0.0002	0.4571	
e-brochure-hycross-20260929-092949-060d050b816d.pdf	62	6df1dac08174	973x667	9dfd61914633	625x429	0.0977		
e-brochure-hycross-20260929-092949-060d050b816d.pdf	62	0c886a87d6fd	1526x1046	6df1dac08174	973x667	0.3658		
e-brochure-hycross-20260929-092949-060d050b816d.pdf	62	6df1dac08174	973x667	126f82607702	364x252	0.3852		
e-brochure-hycross-20260929-092949-060d050b816d.pdf	62	6df1dac08174	973x667	61186faa4d3f	444x307	0.2886		
e-brochure-hycross-20260929-092949-060d050b816d.pdf	62	b25d742fe8f4	973x667	27d3dec05fba	973x667	0.0019	0.9120	
e-brochure-hycross-20260929-092949-060d050b816d.pdf	62	b25d742fe8f4	973x667	9dfd61914633	625x429	0.0958		
e-brochure-hycross-20260929-092949-060d050b816d.pdf	62	0c886a87d6fd	1526x1046	b25d742fe8f4	973x667	0.3667		
e-brochure-hycross-20260929-092949-060d050b816d.pdf	62	b25d742fe8f4	973x667	126f82607702	364x252	0.3858		
e-brochure-hycross-20260929-092949-060d050b816d.pdf	62	b25d742fe8f4	973x667	61186faa4d3f	444x307	0.2892		
e-brochure-hycross-20260929-092949-060d050b816d.pdf	62	27d3dec05fba	973x667	9dfd61914633	625x429	0.0975		
e-brochure-hycross-20260929-092949-060d050b816d.pdf	62	0c886a87d6fd	1526x1046	27d3dec05fba	973x667	0.3659		
e-brochure-hycross-20260929-092949-060d050b816d.pdf	62	27d3dec05fba	973x667	126f82607702	364x252	0.3853		
e-brochure-hycross-20260929-092949-060d050b816d.pdf	62	27d3dec05fba	973x667	61186faa4d3f	444x307	0.2887		
e-brochure-hycross-20260929-092949-060d050b816d.pdf	62	0c886a87d6fd	1526x1046	9dfd61914633	625x429	0.3607		
e-brochure-hycross-20260929-092949-060d050b816d.pdf	62	9dfd61914633	625x429	55d2fc5b3af1	569x394	0.4074		
e-brochure-hycross-20260929-092949-060d050b816d.pdf	62	9dfd61914633	625x429	126f82607702	364x252	0.3946		
e-brochure-hycross-20260929-092949-060d050b816d.pdf	62	9dfd61914633	625x429	6b2ed79a7516	463x321	0.2996		
e-brochure-hycross-20260929-092949-060d050b816d.pdf	62	9dfd61914633	625x429	98b2cd28c01b	326x226	0.3344		
e-brochure-hycross-20260929-092949-060d050b816d.pdf	62	9dfd61914633	625x429	61186faa4d3f	444x307	0.3055		
e-brochure-hycross-20260929-092949-060d050b816d.pdf	62	9dfd61914633	625x429	84dd346aaafe	397x275	0.3256		
e-brochure-hycross-20260929-092949-060d050b816d.pdf	62	9dfd61914633	625x429	bcc6ef14b1db	452x313	0.3805		
e-brochure-hycross-20260929-092949-060d050b816d.pdf	62	9dfd61914633	625x429	72128be0f8c5	413x286	0.3509		
e-brochure-hycross-20260929-092949-060d050b816d.pdf	62	9dfd61914633	625x429	58523626c396	534x370	0.2741		
e-brochure-hycross-20260929-092949-060d050b816d.pdf	62	0c886a87d6fd	1526x1046	126f82607702	364x252	0.2325		
e-brochure-hycross-20260929-092949-060d050b816d.pdf	62	0c886a87d6fd	1526x1046	61186faa4d3f	444x307	0.3001		
e-brochure-hycross-20260929-092949-060d050b816d.pdf	62	55d2fc5b3af1	569x394	126f82607702	364x252	0.2026		
e-brochure-hycross-20260929-092949-060d050b816d.pdf	62	55d2fc5b3af1	569x394	6b2ed79a7516	463x321	0.3432		
e-brochure-hycross-20260929-092949-060d050b816d.pdf	62	55d2fc5b3af1	569x394	98b2cd28c01b	326x226	0.3189		
e-brochure-hycross-20260929-092949-060d050b816d.pdf	62	55d2fc5b3af1	569x394	61186faa4d3f	444x307	0.3151		
e-brochure-hycross-20260929-092949-060d050b816d.pdf	62	55d2fc5b3af1	569x394	84dd346aaafe	397x275	0.2045		
e-brochure-hycross-20260929-092949-060d050b816d.pdf	62	55d2fc5b3af1	569x394	bcc6ef14b1db	452x313	0.3241		
e-brochure-hycross-20260929-092949-060d050b816d.pdf	62	55d2fc5b3af1	569x394	72128be0f8c5	413x286	0.1798		
e-brochure-hycross-20260929-092949-060d050b816d.pdf	62	55d2fc5b3af1	569x394	58523626c396	534x370	0.2769		
e-brochure-hycross-20260929-092949-060d050b816d.pdf	62	6b2ed79a7516	463x321	126f82607702	364x252	0.3593		
e-brochure-hycross-20260929-092949-060d050b816d.pdf	62	126f82607702	364x252	98b2cd28c01b	326x226	0.2155		
e-brochure-hycross-20260929-092949-060d050b816d.pdf	62	61186faa4d3f	444x307	126f82607702	364x252	0.3563		
e-brochure-hycross-20260929-092949-060d050b816d.pdf	62	84dd346aaafe	397x275	126f82607702	364x252	0.2786		
e-brochure-hycross-20260929-092949-060d050b816d.pdf	62	bcc6ef14b1db	452x313	126f82607702	364x252	0.1898		
e-brochure-hycross-20260929-092949-060d050b816d.pdf	62	72128be0f8c5	413x286	126f82607702	364x252	0.2529		
e-brochure-hycross-20260929-092949-060d050b816d.pdf	62	58523626c396	534x370	126f82607702	364x252	0.2534		
e-brochure-hycross-20260929-092949-060d050b816d.pdf	62	6b2ed79a7516	463x321	98b2cd28c01b	326x226	0.2324		
e-brochure-hycross-20260929-092949-060d050b816d.pdf	62	6b2ed79a7516	463x321	61186faa4d3f	444x307	0.2964		
e-brochure-hycross-20260929-092949-060d050b816d.pdf	62	6b2ed79a7516	463x321	84dd346aaafe	397x275	0.1920		
e-brochure-hycross-20260929-092949-060d050b816d.pdf	62	6b2ed79a7516	463x321	bcc6ef14b1db	452x313	0.3507		
e-brochure-hycross-20260929-092949-060d050b816d.pdf	62	6b2ed79a7516	463x321	72128be0f8c5	413x286	0.3462		
e-brochure-hycross-20260929-092949-060d050b816d.pdf	62	58523626c396	534x370	6b2ed79a7516	463x321	0.2913		
e-brochure-hycross-20260929-092949-060d050b816d.pdf	62	61186faa4d3f	444x307	98b2cd28c01b	326x226	0.3331		
e-brochure-hycross-20260929-092949-060d050b816d.pdf	62	84dd346aaafe	397x275	98b2cd28c01b	326x226	0.1992		
e-brochure-hycross-20260929-092949-060d050b816d.pdf	62	bcc6ef14b1db	452x313	98b2cd28c01b	326x226	0.1692		
e-brochure-hycross-20260929-092949-060d050b816d.pdf	62	72128be0f8c5	413x286	98b2cd28c01b	326x226	0.3613		
e-brochure-hycross-20260929-092949-060d050b816d.pdf	62	58523626c396	534x370	98b2cd28c01b	326x226	0.2977		
e-brochure-hycross-20260929-092949-060d050b816d.pdf	62	61186faa4d3f	444x307	84dd346aaafe	397x275	0.3105		
e-brochure-hycross-20260929-092949-060d050b816d.pdf	62	bcc6ef14b1db	452x313	61186faa4d3f	444x307	0.4037		
e-brochure-hycross-20260929-092949-060d050b816d.pdf	62	61186faa4d3f	444x307	72128be0f8c5	413x286	0.2412		
e-brochure-hycross-20260929-092949-060d050b816d.pdf	62	58523626c396	534x370	61186faa4d3f	444x307	0.2478		
e-brochure-hycross-20260929-092949-060d050b816d.pdf	62	bcc6ef14b1db	452x313	84dd346aaafe	397x275	0.2930		
e-brochure-hycross-20260929-092949-060d050b816d.pdf	62	72128be0f8c5	413x286	84dd346aaafe	397x275	0.3044		
e-brochure-hycross-20260929-092949-060d050b816d.pdf	62	58523626c396	534x370	84dd346aaafe	397x275	0.2736		
e-brochure-hycross-20260929-092949-060d050b816d.pdf	62	bcc6ef14b1db	452x313	72128be0f8c5	413x286	0.3590		
e-brochure-hycross-20260929-092949-060d050b816d.pdf	62	58523626c396	534x370	bcc6ef14b1db	452x313	0.3005		
e-brochure-hycross-20260929-092949-060d050b816d.pdf	62	58523626c396	534x370	72128be0f8c5	413x286	0.1889		
e-brochure-innova-crysta-20260929-092949-aa456c18b38f.pdf	27	56cc0eecd679	1696x1131	40ff0e2b79e0	577x385	0.3180		
e-brochure-innova-crysta-20260929-092949-aa456c18b38f.pdf	27	22ad600efd32	1823x1317	60a0a2542362	482x346	0.3554		
e-brochure-innova-crysta-20260929-092949-aa456c18b38f.pdf	27	cd6edffe4220	1772x1001	27b7fa87063a	1248x707	0.5395		
e-brochure-innova-crysta-20260929-092949-aa456c18b38f.pdf	27	211403a616ed	2185x1237	cd6edffe4220	1772x1001	0.5402		
e-brochure-innova-crysta-20260929-092949-aa456c18b38f.pdf	27	cd6edffe4220	1772x1001	8d17ab74cf04	1220x691	0.5396		
e-brochure-innova-crysta-20260929-092949-aa456c18b38f.pdf	27	cd6edffe4220	1772x1001	f10e581ff5a8	1772x1001	0.0038	0.2498	
e-brochure-innova-crysta-20260929-092949-aa456c18b38f.pdf	27	d2e176e1f427	2000x1131	cd6edffe4220	1772x1001	0.0072	0.2429	
e-brochure-innova-crysta-20260929-092949-aa456c18b38f.pdf	27	426567086dfe	1893x1065	cd6edffe4220	1772x1001	0.3138		
e-brochure-innova-crysta-20260929-092949-aa456c18b38f.pdf	27	211403a616ed	2185x1237	27b7fa87063a	1248x707	0.0029	0.1346	
e-brochure-innova-crysta-20260929-092949-aa456c18b38f.pdf	27	27b7fa87063a	1248x707	8d17ab74cf04	1220x691	0.0023	0.1150	
e-brochure-innova-crysta-20260929-092949-aa456c18b38f.pdf	27	f10e581ff5a8	1772x1001	27b7fa87063a	1248x707	0.5363		
e-brochure-innova-crysta-20260929-092949-aa456c18b38f.pdf	27	d2e176e1f427	2000x1131	27b7fa87063a	1248x707	0.5363		
e-brochure-innova-crysta-20260929-092949-aa456c18b38f.pdf	27	426567086dfe	1893x1065	27b7fa87063a	1248x707	0.3852		
e-brochure-innova-crysta-20260929-092949-aa456c18b38f.pdf	27	211403a616ed	2185x1237	8d17ab74cf04	1220x691	0.0029	0.1392	
e-brochure-innova-crysta-20260929-092949-aa456c18b38f.pdf	27	211403a616ed	2185x1237	f10e581ff5a8	1772x1001	0.5370		
e-brochure-innova-crysta-20260929-092949-aa456c18b38f.pdf	27	211403a616ed	2185x1237	d2e176e1f427	2000x1131	0.5370		
e-brochure-innova-crysta-20260929-092949-aa456c18b38f.pdf	27	211403a616ed	2185x1237	426567086dfe	1893x1065	0.3860		
e-brochure-innova-crysta-20260929-092949-aa456c18b38f.pdf	27	f10e581ff5a8	1772x1001	8d17ab74cf04	1220x691	0.5364		
e-brochure-innova-crysta-20260929-092949-aa456c18b38f.pdf	27	d2e176e1f427	2000x1131	8d17ab74cf04	1220x691	0.5364		
e-brochure-innova-crysta-20260929-092949-aa456c18b38f.pdf	27	426567086dfe	1893x1065	8d17ab74cf04	1220x691	0.3854		
e-brochure-innova-crysta-20260929-092949-aa456c18b38f.pdf	27	d2e176e1f427	2000x1131	f10e581ff5a8	1772x1001	0.0056	0.1936	
e-brochure-innova-crysta-20260929-092949-aa456c18b38f.pdf	27	426567086dfe	1893x1065	f10e581ff5a8	1772x1001	0.3120		
e-brochure-innova-crysta-20260929-092949-aa456c18b38f.pdf	27	d2e176e1f427	2000x1131	426567086dfe	1893x1065	0.3119		
e-brochure-innova-crysta-20260929-092949-aa456c18b38f.pdf	27	7256c63913d4	525x344	16a47b904486	435x285	0.1787		
e-brochure-innova-crysta-20260929-092949-aa456c18b38f.pdf	27	7256c63913d4	525x344	96a1c833ad6d	437x286	0.2325		
e-brochure-innova-crysta-20260929-092949-aa456c18b38f.pdf	27	7a5b509de5c8	748x490	7256c63913d4	525x344	0.1831		
e-brochure-innova-crysta-20260929-092949-aa456c18b38f.pdf	27	96a1c833ad6d	437x286	16a47b904486	435x285	0.2023		
e-brochure-innova-crysta-20260929-092949-aa456c18b38f.pdf	27	7a5b509de5c8	748x490	16a47b904486	435x285	0.1806		
e-brochure-innova-crysta-20260929-092949-aa456c18b38f.pdf	27	7a5b509de5c8	748x490	96a1c833ad6d	437x286	0.2474		
e-brochure-innova-crysta-20260929-092949-aa456c18b38f.pdf	27	a7f54d03b96b	546x386	82801313146a	440x311	0.1577		
e-brochure-innova-crysta-20260929-092949-aa456c18b38f.pdf	27	b9e02215b205	773x465	3faeb0b7d916	320x192	0.3659		
e-brochure-lc-300-20260929-092949-366d27e783d8.pdf	41	96f1f18f291d	1514x1003	2d6ee7f38a22	1316x877	0.2725		
e-brochure-lc-300-20260929-092949-366d27e783d8.pdf	41	2d6ee7f38a22	1316x877	b358478fba68	1230x820	0.2702		
e-brochure-lc-300-20260929-092949-366d27e783d8.pdf	41	16786fcc18ac	1560x1039	2d6ee7f38a22	1316x877	0.0064	0.1444	
e-brochure-lc-300-20260929-092949-366d27e783d8.pdf	41	2d6ee7f38a22	1316x877	8771a9e59bf2	989x659	0.0066	0.1194	
e-brochure-lc-300-20260929-092949-366d27e783d8.pdf	41	96f1f18f291d	1514x1003	b358478fba68	1230x820	0.4403		
e-brochure-lc-300-20260929-092949-366d27e783d8.pdf	41	16786fcc18ac	1560x1039	96f1f18f291d	1514x1003	0.2729		
e-brochure-lc-300-20260929-092949-366d27e783d8.pdf	41	96f1f18f291d	1514x1003	8771a9e59bf2	989x659	0.2721		
e-brochure-lc-300-20260929-092949-366d27e783d8.pdf	41	0f0f5ffe408c	2715x740	78e8f82bbe9c	2332x636	0.0013	0.1154	
e-brochure-lc-300-20260929-092949-366d27e783d8.pdf	41	16786fcc18ac	1560x1039	b358478fba68	1230x820	0.2696		
e-brochure-lc-300-20260929-092949-366d27e783d8.pdf	41	b358478fba68	1230x820	8771a9e59bf2	989x659	0.2705		
e-brochure-lc-300-20260929-092949-366d27e783d8.pdf	41	16786fcc18ac	1560x1039	8771a9e59bf2	989x659	0.0080	0.0956	
e-brochure-lc-300-20260929-092949-366d27e783d8.pdf	41	38e9b339a552	3550x1986	7c2a1496fe7f	1024x576	0.2443		
e-brochure-lc-300-20260929-092949-366d27e783d8.pdf	41	38e9b339a552	3550x1986	45d803c9d721	2312x1293	0.0206		
e-brochure-lc-300-20260929-092949-366d27e783d8.pdf	41	38e9b339a552	3550x1986	936556791d21	673x379	0.2942		
e-brochure-lc-300-20260929-092949-366d27e783d8.pdf	41	38e9b339a552	3550x1986	ed79f89b3364	629x354	0.3638		
e-brochure-lc-300-20260929-092949-366d27e783d8.pdf	41	38e9b339a552	3550x1986	fb059d309c4d	500x282	0.3184		
e-brochure-lc-300-20260929-092949-366d27e783d8.pdf	41	38e9b339a552	3550x1986	e17fc2ae2226	552x311	0.3182		
e-brochure-lc-300-20260929-092949-366d27e783d8.pdf	41	38e9b339a552	3550x1986	6ed84714991f	735x414	0.2809		
e-brochure-lc-300-20260929-092949-366d27e783d8.pdf	41	38e9b339a552	3550x1986	9252837fa1af	373x210	0.2688		
e-brochure-lc-300-20260929-092949-366d27e783d8.pdf	41	38e9b339a552	3550x1986	e468f782e507	698x393	0.2687		
e-brochure-lc-300-20260929-092949-366d27e783d8.pdf	41	38e9b339a552	3550x1986	24d2e662aa77	706x397	0.2347		
e-brochure-lc-300-20260929-092949-366d27e783d8.pdf	41	38e9b339a552	3550x1986	88fa37d0d96d	775x436	0.3150		
e-brochure-lc-300-20260929-092949-366d27e783d8.pdf	41	38e9b339a552	3550x1986	e7dd4e28a6e6	1024x576	0.2788		
e-brochure-lc-300-20260929-092949-366d27e783d8.pdf	41	08ea9820895e	2541x834	91d79bf66247	1362x448	0.3570		
e-brochure-lc-300-20260929-092949-366d27e783d8.pdf	41	45d803c9d721	2312x1293	7c2a1496fe7f	1024x576	0.2406		
e-brochure-lc-300-20260929-092949-366d27e783d8.pdf	41	7c2a1496fe7f	1024x576	936556791d21	673x379	0.3586		
e-brochure-lc-300-20260929-092949-366d27e783d8.pdf	41	7c2a1496fe7f	1024x576	ed79f89b3364	629x354	0.4105		
e-brochure-lc-300-20260929-092949-366d27e783d8.pdf	41	7c2a1496fe7f	1024x576	fb059d309c4d	500x282	0.2746		
e-brochure-lc-300-20260929-092949-366d27e783d8.pdf	41	7c2a1496fe7f	1024x576	e17fc2ae2226	552x311	0.2964		
e-brochure-lc-300-20260929-092949-366d27e783d8.pdf	41	7c2a1496fe7f	1024x576	6ed84714991f	735x414	0.2247		
e-brochure-lc-300-20260929-092949-366d27e783d8.pdf	41	7c2a1496fe7f	1024x576	9252837fa1af	373x210	0.2833		
e-brochure-lc-300-20260929-092949-366d27e783d8.pdf	41	7c2a1496fe7f	1024x576	e468f782e507	698x393	0.2285		
e-brochure-lc-300-20260929-092949-366d27e783d8.pdf	41	7c2a1496fe7f	1024x576	24d2e662aa77	706x397	0.2184		
e-brochure-lc-300-20260929-092949-366d27e783d8.pdf	41	7c2a1496fe7f	1024x576	88fa37d0d96d	775x436	0.2234		
e-brochure-lc-300-20260929-092949-366d27e783d8.pdf	41	7c2a1496fe7f	1024x576	e7dd4e28a6e6	1024x576	0.2447		
e-brochure-lc-300-20260929-092949-366d27e783d8.pdf	41	37440bef0805	1182x804	ea92b1aac3d9	618x420	0.0045	0.0841	
e-brochure-lc-300-20260929-092949-366d27e783d8.pdf	41	adfa68fd9e22	1010x486	f4072fa017c4	844x407	0.1674		
e-brochure-lc-300-20260929-092949-366d27e783d8.pdf	41	45d803c9d721	2312x1293	936556791d21	673x379	0.2948		
e-brochure-lc-300-20260929-092949-366d27e783d8.pdf	41	45d803c9d721	2312x1293	ed79f89b3364	629x354	0.3639		
e-brochure-lc-300-20260929-092949-366d27e783d8.pdf	41	45d803c9d721	2312x1293	fb059d309c4d	500x282	0.3169		
e-brochure-lc-300-20260929-092949-366d27e783d8.pdf	41	45d803c9d721	2312x1293	e17fc2ae2226	552x311	0.3254		
e-brochure-lc-300-20260929-092949-366d27e783d8.pdf	41	45d803c9d721	2312x1293	6ed84714991f	735x414	0.2797		
e-brochure-lc-300-20260929-092949-366d27e783d8.pdf	41	45d803c9d721	2312x1293	9252837fa1af	373x210	0.2710		
e-brochure-lc-300-20260929-092949-366d27e783d8.pdf	41	45d803c9d721	2312x1293	e468f782e507	698x393	0.2670		
e-brochure-lc-300-20260929-092949-366d27e783d8.pdf	41	45d803c9d721	2312x1293	24d2e662aa77	706x397	0.2343		
e-brochure-lc-300-20260929-092949-366d27e783d8.pdf	41	45d803c9d721	2312x1293	88fa37d0d96d	775x436	0.3120		
e-brochure-lc-300-20260929-092949-366d27e783d8.pdf	41	45d803c9d721	2312x1293	e7dd4e28a6e6	1024x576	0.2755		
e-brochure-lc-300-20260929-092949-366d27e783d8.pdf	41	936556791d21	673x379	ed79f89b3364	629x354	0.2087		
e-brochure-lc-300-20260929-092949-366d27e783d8.pdf	41	936556791d21	673x379	fb059d309c4d	500x282	0.4769		
e-brochure-lc-300-20260929-092949-366d27e783d8.pdf	41	936556791d21	673x379	e17fc2ae2226	552x311	0.4631		
e-brochure-lc-300-20260929-092949-366d27e783d8.pdf	41	6ed84714991f	735x414	936556791d21	673x379	0.4427		
e-brochure-lc-300-20260929-092949-366d27e783d8.pdf	41	936556791d21	673x379	9252837fa1af	373x210	0.4088		
e-brochure-lc-300-20260929-092949-366d27e783d8.pdf	41	e468f782e507	698x393	936556791d21	673x379	0.3313		
e-brochure-lc-300-20260929-092949-366d27e783d8.pdf	41	24d2e662aa77	706x397	936556791d21	673x379	0.2933		
e-brochure-lc-300-20260929-092949-366d27e783d8.pdf	41	88fa37d0d96d	775x436	936556791d21	673x379	0.4093		
e-brochure-lc-300-20260929-092949-366d27e783d8.pdf	41	e7dd4e28a6e6	1024x576	936556791d21	673x379	0.4761		
e-brochure-lc-300-20260929-092949-366d27e783d8.pdf	41	ed79f89b3364	629x354	fb059d309c4d	500x282	0.5253		
e-brochure-lc-300-20260929-092949-366d27e783d8.pdf	41	ed79f89b3364	629x354	e17fc2ae2226	552x311	0.5232		
e-brochure-lc-300-20260929-092949-366d27e783d8.pdf	41	6ed84714991f	735x414	ed79f89b3364	629x354	0.5007		
e-brochure-lc-300-20260929-092949-366d27e783d8.pdf	41	ed79f89b3364	629x354	9252837fa1af	373x210	0.4731		
e-brochure-lc-300-20260929-092949-366d27e783d8.pdf	41	e468f782e507	698x393	ed79f89b3364	629x354	0.3800		
e-brochure-lc-300-20260929-092949-366d27e783d8.pdf	41	24d2e662aa77	706x397	ed79f89b3364	629x354	0.3668		
e-brochure-lc-300-20260929-092949-366d27e783d8.pdf	41	88fa37d0d96d	775x436	ed79f89b3364	629x354	0.4589		
e-brochure-lc-300-20260929-092949-366d27e783d8.pdf	41	e7dd4e28a6e6	1024x576	ed79f89b3364	629x354	0.5084		
e-brochure-lc-300-20260929-092949-366d27e783d8.pdf	41	e17fc2ae2226	552x311	fb059d309c4d	500x282	0.1440		
e-brochure-lc-300-20260929-092949-366d27e783d8.pdf	41	6ed84714991f	735x414	fb059d309c4d	500x282	0.1280		
e-brochure-lc-300-20260929-092949-366d27e783d8.pdf	41	fb059d309c4d	500x282	9252837fa1af	373x210	0.1731		
e-brochure-lc-300-20260929-092949-366d27e783d8.pdf	41	e468f782e507	698x393	fb059d309c4d	500x282	0.2543		
e-brochure-lc-300-20260929-092949-366d27e783d8.pdf	41	24d2e662aa77	706x397	fb059d309c4d	500x282	0.2430		
e-brochure-lc-300-20260929-092949-366d27e783d8.pdf	41	88fa37d0d96d	775x436	fb059d309c4d	500x282	0.2961		
e-brochure-lc-300-20260929-092949-366d27e783d8.pdf	41	e7dd4e28a6e6	1024x576	fb059d309c4d	500x282	0.2049		
e-brochure-lc-300-20260929-092949-366d27e783d8.pdf	41	6ed84714991f	735x414	e17fc2ae2226	552x311	0.1528		
e-brochure-lc-300-20260929-092949-366d27e783d8.pdf	41	e17fc2ae2226	552x311	9252837fa1af	373x210	0.1461		
e-brochure-lc-300-20260929-092949-366d27e783d8.pdf	41	e468f782e507	698x393	e17fc2ae2226	552x311	0.3032		
e-brochure-lc-300-20260929-092949-366d27e783d8.pdf	41	24d2e662aa77	706x397	e17fc2ae2226	552x311	0.2468		
e-brochure-lc-300-20260929-092949-366d27e783d8.pdf	41	88fa37d0d96d	775x436	e17fc2ae2226	552x311	0.3257		
e-brochure-lc-300-20260929-092949-366d27e783d8.pdf	41	e7dd4e28a6e6	1024x576	e17fc2ae2226	552x311	0.2028		
e-brochure-lc-300-20260929-092949-366d27e783d8.pdf	41	6ed84714991f	735x414	9252837fa1af	373x210	0.1688		
e-brochure-lc-300-20260929-092949-366d27e783d8.pdf	41	6ed84714991f	735x414	e468f782e507	698x393	0.2266		
e-brochure-lc-300-20260929-092949-366d27e783d8.pdf	41	6ed84714991f	735x414	24d2e662aa77	706x397	0.2379		
e-brochure-lc-300-20260929-092949-366d27e783d8.pdf	41	88fa37d0d96d	775x436	6ed84714991f	735x414	0.2546		
e-brochure-lc-300-20260929-092949-366d27e783d8.pdf	41	e7dd4e28a6e6	1024x576	6ed84714991f	735x414	0.1729		
e-brochure-lc-300-20260929-092949-366d27e783d8.pdf	41	e468f782e507	698x393	9252837fa1af	373x210	0.3101		
e-brochure-lc-300-20260929-092949-366d27e783d8.pdf	41	24d2e662aa77	706x397	9252837fa1af	373x210	0.2614		
e-brochure-lc-300-20260929-092949-366d27e783d8.pdf	41	88fa37d0d96d	775x436	9252837fa1af	373x210	0.3193		
e-brochure-lc-300-20260929-092949-366d27e783d8.pdf	41	e7dd4e28a6e6	1024x576	9252837fa1af	373x210	0.2147		
e-brochure-lc-300-20260929-092949-366d27e783d8.pdf	41	24d2e662aa77	706x397	e468f782e507	698x393	0.1896		
e-brochure-lc-300-20260929-092949-366d27e783d8.pdf	41	88fa37d0d96d	775x436	e468f782e507	698x393	0.2085		
e-brochure-lc-300-20260929-092949-366d27e783d8.pdf	41	e7dd4e28a6e6	1024x576	e468f782e507	698x393	0.2966		
e-brochure-lc-300-20260929-092949-366d27e783d8.pdf	41	88fa37d0d96d	775x436	24d2e662aa77	706x397	0.2892		
e-brochure-lc-300-20260929-092949-366d27e783d8.pdf	41	e7dd4e28a6e6	1024x576	24d2e662aa77	706x397	0.3115		
e-brochure-lc-300-20260929-092949-366d27e783d8.pdf	41	e7dd4e28a6e6	1024x576	88fa37d0d96d	775x436	0.2604		
e-brochure-lc-300-20260929-092949-366d27e783d8.pdf	41	23f91586b7ca	1287x650	3ecbf2f9a6c6	1217x615	0.0016	0.1870	
e-brochure-lc-300-20260929-092949-366d27e783d8.pdf	41	b4b4918d0856	741x210	fbe6f3499647	741x210	0.0041	0.5958	
e-brochure-rumion-20260929-092949-fa942f9573df.pdf	35	efafd98df62a	1287x858	0ca0961debf0	884x590	0.3163		
e-brochure-rumion-20260929-092949-fa942f9573df.pdf	35	efafd98df62a	1287x858	c7cf7e9ea1dd	638x426	0.3483		
e-brochure-rumion-20260929-092949-fa942f9573df.pdf	35	efafd98df62a	1287x858	b4e8d8f17218	740x493	0.3346		
e-brochure-rumion-20260929-092949-fa942f9573df.pdf	35	4735572db390	1870x1175	eb6b8d0097e4	963x602	0.3158		
e-brochure-rumion-20260929-092949-fa942f9573df.pdf	35	0ca0961debf0	884x590	c7cf7e9ea1dd	638x426	0.3108		
e-brochure-rumion-20260929-092949-fa942f9573df.pdf	35	0ca0961debf0	884x590	b4e8d8f17218	740x493	0.3065		
e-brochure-rumion-20260929-092949-fa942f9573df.pdf	35	0ca0961debf0	884x590	be97a3385ccb	273x184	0.4622		
e-brochure-rumion-20260929-092949-fa942f9573df.pdf	35	bc9dd7c5aea4	4181x2344	fed7fdf1e43b	616x346	0.4975		
e-brochure-rumion-20260929-092949-fa942f9573df.pdf	35	bc9dd7c5aea4	4181x2344	14eabc7ce920	296x167	0.6315		
e-brochure-rumion-20260929-092949-fa942f9573df.pdf	35	bc9dd7c5aea4	4181x2344	12ea34223105	296x167	0.3833		
e-brochure-rumion-20260929-092949-fa942f9573df.pdf	35	bc9dd7c5aea4	4181x2344	1ba618c9c866	1304x734	0.3804		
e-brochure-rumion-20260929-092949-fa942f9573df.pdf	35	bc9dd7c5aea4	4181x2344	38212e7915cd	296x167	0.3878		
e-brochure-rumion-20260929-092949-fa942f9573df.pdf	35	bc9dd7c5aea4	4181x2344	36c2f93b383e	1635x920	0.3178		
e-brochure-rumion-20260929-092949-fa942f9573df.pdf	35	c6fe9b1aa1b0	889x542	26f036028783	629x384	0.3076		
e-brochure-rumion-20260929-092949-fa942f9573df.pdf	35	b4e8d8f17218	740x493	c7cf7e9ea1dd	638x426	0.2704		
e-brochure-rumion-20260929-092949-fa942f9573df.pdf	35	c7cf7e9ea1dd	638x426	be97a3385ccb	273x184	0.5186		
e-brochure-rumion-20260929-092949-fa942f9573df.pdf	35	fed7fdf1e43b	616x346	14eabc7ce920	296x167	0.2796		
e-brochure-rumion-20260929-092949-fa942f9573df.pdf	35	fed7fdf1e43b	616x346	12ea34223105	296x167	0.2889		
e-brochure-rumion-20260929-092949-fa942f9573df.pdf	35	1ba618c9c866	1304x734	fed7fdf1e43b	616x346	0.2801		
e-brochure-rumion-20260929-092949-fa942f9573df.pdf	35	fed7fdf1e43b	616x346	38212e7915cd	296x167	0.2545		
e-brochure-rumion-20260929-092949-fa942f9573df.pdf	35	36c2f93b383e	1635x920	fed7fdf1e43b	616x346	0.4562		
e-brochure-rumion-20260929-092949-fa942f9573df.pdf	35	14eabc7ce920	296x167	12ea34223105	296x167	0.4083		
e-brochure-rumion-20260929-092949-fa942f9573df.pdf	35	1ba618c9c866	1304x734	14eabc7ce920	296x167	0.3861		
e-brochure-rumion-20260929-092949-fa942f9573df.pdf	35	14eabc7ce920	296x167	38212e7915cd	296x167	0.3662		
e-brochure-rumion-20260929-092949-fa942f9573df.pdf	35	36c2f93b383e	1635x920	14eabc7ce920	296x167	0.6015		
e-brochure-rumion-20260929-092949-fa942f9573df.pdf	35	1ba618c9c866	1304x734	12ea34223105	296x167	0.1827		
e-brochure-rumion-20260929-092949-fa942f9573df.pdf	35	12ea34223105	296x167	38212e7915cd	296x167	0.1736		
e-brochure-rumion-20260929-092949-fa942f9573df.pdf	35	36c2f93b383e	1635x920	12ea34223105	296x167	0.3189		
e-brochure-rumion-20260929-092949-fa942f9573df.pdf	35	1ba618c9c866	1304x734	38212e7915cd	296x167	0.1496		
e-brochure-rumion-20260929-092949-fa942f9573df.pdf	35	36c2f93b383e	1635x920	1ba618c9c866	1304x734	0.3020		
e-brochure-rumion-20260929-092949-fa942f9573df.pdf	35	36c2f93b383e	1635x920	38212e7915cd	296x167	0.3151		
e-brochure-rumion-20260929-092949-fa942f9573df.pdf	35	3e67507279f4	293x293	2ec6c841ed8e	283x283	0.2372		
e-brochure-rumion-20260929-092949-fa942f9573df.pdf	35	2ec6c841ed8e	283x283	46c590e5fec2	270x270	0.2675		
e-brochure-rumion-20260929-092949-fa942f9573df.pdf	35	2ec6c841ed8e	283x283	58a2f4ca96fd	275x275	0.2870		
e-brochure-rumion-20260929-092949-fa942f9573df.pdf	35	2ec6c841ed8e	283x283	661d4b232f8a	275x275	0.2765		
e-brochure-rumion-20260929-092949-fa942f9573df.pdf	35	2ec6c841ed8e	283x283	1a4d3f7b1586	279x279	0.3143		
e-brochure-rumion-20260929-092949-fa942f9573df.pdf	35	3e67507279f4	293x293	46c590e5fec2	270x270	0.2991		
e-brochure-rumion-20260929-092949-fa942f9573df.pdf	35	3e67507279f4	293x293	58a2f4ca96fd	275x275	0.3428		
e-brochure-rumion-20260929-092949-fa942f9573df.pdf	35	3e67507279f4	293x293	661d4b232f8a	275x275	0.2587		
e-brochure-rumion-20260929-092949-fa942f9573df.pdf	35	3e67507279f4	293x293	1a4d3f7b1586	279x279	0.3754		
e-brochure-rumion-20260929-092949-fa942f9573df.pdf	35	58a2f4ca96fd	275x275	46c590e5fec2	270x270	0.3265		
e-brochure-rumion-20260929-092949-fa942f9573df.pdf	35	661d4b232f8a	275x275	46c590e5fec2	270x270	0.3672		
e-brochure-rumion-20260929-092949-fa942f9573df.pdf	35	1a4d3f7b1586	279x279	46c590e5fec2	270x270	0.3068		
e-brochure-rumion-20260929-092949-fa942f9573df.pdf	35	58a2f4ca96fd	275x275	661d4b232f8a	275x275	0.3713		
e-brochure-rumion-20260929-092949-fa942f9573df.pdf	35	1a4d3f7b1586	279x279	58a2f4ca96fd	275x275	0.2701		
e-brochure-rumion-20260929-092949-fa942f9573df.pdf	35	9f2f2e4cb6bc	418x299	3300d6d08421	285x204	0.2428		
e-brochure-rumion-20260929-092949-fa942f9573df.pdf	35	4a03397ad06b	295x211	3300d6d08421	285x204	0.2850		
e-brochure-rumion-20260929-092949-fa942f9573df.pdf	35	1a4d3f7b1586	279x279	661d4b232f8a	275x275	0.3753		
e-brochure-rumion-20260929-092949-fa942f9573df.pdf	35	9f2f2e4cb6bc	418x299	4a03397ad06b	295x211	0.3062		
e-brochure-uc-taisor-20260929-092949-3c3ea72a4a79.pdf	56	54faa081485f	1917x1074	5e021baf8c0d	1760x987	0.1955		
e-brochure-uc-taisor-20260929-092949-3c3ea72a4a79.pdf	56	54faa081485f	1917x1074	edbee0f9ee94	299x167	0.4136		
e-brochure-uc-taisor-20260929-092949-3c3ea72a4a79.pdf	56	54faa081485f	1917x1074	2e98b187f0ee	1868x1047	0.1689		
e-brochure-uc-taisor-20260929-092949-3c3ea72a4a79.pdf	56	54faa081485f	1917x1074	756be6df2f25	705x392	0.4145		
e-brochure-uc-taisor-20260929-092949-3c3ea72a4a79.pdf	56	54faa081485f	1917x1074	10ba3f5f4ee8	892x500	0.1312		
e-brochure-uc-taisor-20260929-092949-3c3ea72a4a79.pdf	56	54faa081485f	1917x1074	72933d7843d2	888x497	0.1169		
e-brochure-uc-taisor-20260929-092949-3c3ea72a4a79.pdf	56	81ba54cd2bad	632x921	ebc4e2dc2b82	538x789	0.1820		
e-brochure-uc-taisor-20260929-092949-3c3ea72a4a79.pdf	56	d44239543819	385x577	30d5d007020c	381x571	0.0941		
e-brochure-uc-taisor-20260929-092949-3c3ea72a4a79.pdf	56	30d5d007020c	381x571	1d0d55f4fddd	361x542	0.0671		
e-brochure-uc-taisor-20260929-092949-3c3ea72a4a79.pdf	56	7de30fe7eba3	414x276	db02cba872ad	393x262	0.3285		
e-brochure-uc-taisor-20260929-092949-3c3ea72a4a79.pdf	56	db02cba872ad	393x262	43320a748ed4	356x238	0.4033		
e-brochure-uc-taisor-20260929-092949-3c3ea72a4a79.pdf	56	db02cba872ad	393x262	1e1761182ff8	362x241	0.3401		
e-brochure-uc-taisor-20260929-092949-3c3ea72a4a79.pdf	56	db02cba872ad	393x262	f2a8f2370fce	307x204	0.3564		
e-brochure-uc-taisor-20260929-092949-3c3ea72a4a79.pdf	56	1bad0af07033	466x310	db02cba872ad	393x262	0.3434		
e-brochure-uc-taisor-20260929-092949-3c3ea72a4a79.pdf	56	db02cba872ad	393x262	7743eb973945	384x256	0.3405		
e-brochure-uc-taisor-20260929-092949-3c3ea72a4a79.pdf	56	db02cba872ad	393x262	db095a9909d5	347x232	0.2996		
e-brochure-uc-taisor-20260929-092949-3c3ea72a4a79.pdf	56	db02cba872ad	393x262	e07c7d29a664	364x243	0.2918		
e-brochure-uc-taisor-20260929-092949-3c3ea72a4a79.pdf	56	d35be32e559b	646x430	db02cba872ad	393x262	0.3094		
e-brochure-uc-taisor-20260929-092949-3c3ea72a4a79.pdf	56	1216a0ab0838	552x368	db02cba872ad	393x262	0.3483		
e-brochure-uc-taisor-20260929-092949-3c3ea72a4a79.pdf	56	db02cba872ad	393x262	2cfc30472e77	379x253	0.3640		
e-brochure-uc-taisor-20260929-092949-3c3ea72a4a79.pdf	56	7de30fe7eba3	414x276	43320a748ed4	356x238	0.3599		
e-brochure-uc-taisor-20260929-092949-3c3ea72a4a79.pdf	56	7de30fe7eba3	414x276	1e1761182ff8	362x241	0.3562		
e-brochure-uc-taisor-20260929-092949-3c3ea72a4a79.pdf	56	7de30fe7eba3	414x276	f2a8f2370fce	307x204	0.3217		
e-brochure-uc-taisor-20260929-092949-3c3ea72a4a79.pdf	56	1bad0af07033	466x310	7de30fe7eba3	414x276	0.4746		
e-brochure-uc-taisor-20260929-092949-3c3ea72a4a79.pdf	56	7de30fe7eba3	414x276	7743eb973945	384x256	0.4676		
e-brochure-uc-taisor-20260929-092949-3c3ea72a4a79.pdf	56	7de30fe7eba3	414x276	db095a9909d5	347x232	0.3046		
e-brochure-uc-taisor-20260929-092949-3c3ea72a4a79.pdf	56	7de30fe7eba3	414x276	e07c7d29a664	364x243	0.2888		
e-brochure-uc-taisor-20260929-092949-3c3ea72a4a79.pdf	56	d35be32e559b	646x430	7de30fe7eba3	414x276	0.3467		
e-brochure-uc-taisor-20260929-092949-3c3ea72a4a79.pdf	56	1216a0ab0838	552x368	7de30fe7eba3	414x276	0.4596		
e-brochure-uc-taisor-20260929-092949-3c3ea72a4a79.pdf	56	7de30fe7eba3	414x276	2cfc30472e77	379x253	0.4457		
e-brochure-uc-taisor-20260929-092949-3c3ea72a4a79.pdf	56	1e1761182ff8	362x241	43320a748ed4	356x238	0.4334		
e-brochure-uc-taisor-20260929-092949-3c3ea72a4a79.pdf	56	43320a748ed4	356x238	f2a8f2370fce	307x204	0.3613		
e-brochure-uc-taisor-20260929-092949-3c3ea72a4a79.pdf	56	1bad0af07033	466x310	43320a748ed4	356x238	0.4695		
e-brochure-uc-taisor-20260929-092949-3c3ea72a4a79.pdf	56	7743eb973945	384x256	43320a748ed4	356x238	0.4438		
e-brochure-uc-taisor-20260929-092949-3c3ea72a4a79.pdf	56	43320a748ed4	356x238	db095a9909d5	347x232	0.3733		
e-brochure-uc-taisor-20260929-092949-3c3ea72a4a79.pdf	56	e07c7d29a664	364x243	43320a748ed4	356x238	0.3860		
e-brochure-uc-taisor-20260929-092949-3c3ea72a4a79.pdf	56	d35be32e559b	646x430	43320a748ed4	356x238	0.4485		
e-brochure-uc-taisor-20260929-092949-3c3ea72a4a79.pdf	56	1216a0ab0838	552x368	43320a748ed4	356x238	0.3613		
e-brochure-uc-taisor-20260929-092949-3c3ea72a4a79.pdf	56	2cfc30472e77	379x253	43320a748ed4	356x238	0.3691		
e-brochure-uc-taisor-20260929-092949-3c3ea72a4a79.pdf	56	1e1761182ff8	362x241	f2a8f2370fce	307x204	0.2736		
e-brochure-uc-taisor-20260929-092949-3c3ea72a4a79.pdf	56	1bad0af07033	466x310	1e1761182ff8	362x241	0.2874		
e-brochure-uc-taisor-20260929-092949-3c3ea72a4a79.pdf	56	7743eb973945	384x256	1e1761182ff8	362x241	0.2598		
e-brochure-uc-taisor-20260929-092949-3c3ea72a4a79.pdf	56	1e1761182ff8	362x241	db095a9909d5	347x232	0.2919		
e-brochure-uc-taisor-20260929-092949-3c3ea72a4a79.pdf	56	e07c7d29a664	364x243	1e1761182ff8	362x241	0.2723		
e-brochure-uc-taisor-20260929-092949-3c3ea72a4a79.pdf	56	d35be32e559b	646x430	1e1761182ff8	362x241	0.3037		
e-brochure-uc-taisor-20260929-092949-3c3ea72a4a79.pdf	56	1216a0ab0838	552x368	1e1761182ff8	362x241	0.3140		
e-brochure-uc-taisor-20260929-092949-3c3ea72a4a79.pdf	56	2cfc30472e77	379x253	1e1761182ff8	362x241	0.3489		
e-brochure-uc-taisor-20260929-092949-3c3ea72a4a79.pdf	56	1bad0af07033	466x310	f2a8f2370fce	307x204	0.3798		
e-brochure-uc-taisor-20260929-092949-3c3ea72a4a79.pdf	56	7743eb973945	384x256	f2a8f2370fce	307x204	0.3592		
e-brochure-uc-taisor-20260929-092949-3c3ea72a4a79.pdf	56	db095a9909d5	347x232	f2a8f2370fce	307x204	0.2676		
e-brochure-uc-taisor-20260929-092949-3c3ea72a4a79.pdf	56	e07c7d29a664	364x243	f2a8f2370fce	307x204	0.2929		
e-brochure-uc-taisor-20260929-092949-3c3ea72a4a79.pdf	56	d35be32e559b	646x430	f2a8f2370fce	307x204	0.3270		
e-brochure-uc-taisor-20260929-092949-3c3ea72a4a79.pdf	56	1216a0ab0838	552x368	f2a8f2370fce	307x204	0.4078		
e-brochure-uc-taisor-20260929-092949-3c3ea72a4a79.pdf	56	2cfc30472e77	379x253	f2a8f2370fce	307x204	0.3994		
e-brochure-uc-taisor-20260929-092949-3c3ea72a4a79.pdf	56	5e021baf8c0d	1760x987	edbee0f9ee94	299x167	0.5314		
e-brochure-uc-taisor-20260929-092949-3c3ea72a4a79.pdf	56	2e98b187f0ee	1868x1047	5e021baf8c0d	1760x987	0.2479		
e-brochure-uc-taisor-20260929-092949-3c3ea72a4a79.pdf	56	5e021baf8c0d	1760x987	756be6df2f25	705x392	0.5322		
e-brochure-uc-taisor-20260929-092949-3c3ea72a4a79.pdf	56	5e021baf8c0d	1760x987	10ba3f5f4ee8	892x500	0.2712		
e-brochure-uc-taisor-20260929-092949-3c3ea72a4a79.pdf	56	5e021baf8c0d	1760x987	72933d7843d2	888x497	0.2688		
e-brochure-uc-taisor-20260929-092949-3c3ea72a4a79.pdf	56	5019de67f78b	681x463	7ec3134a31fa	318x216	0.1206		
e-brochure-uc-taisor-20260929-092949-3c3ea72a4a79.pdf	56	d2971a58a107	378x247	91701857c3b5	343x225	0.6252		
e-brochure-uc-taisor-20260929-092949-3c3ea72a4a79.pdf	56	9eabdcb68b76	622x407	d2971a58a107	378x247	0.3776		
e-brochure-uc-taisor-20260929-092949-3c3ea72a4a79.pdf	56	f88eb2106e33	670x462	4cf3bffadea3	474x327	0.0817		
e-brochure-uc-taisor-20260929-092949-3c3ea72a4a79.pdf	56	f88eb2106e33	670x462	15de640de233	340x235	0.5472		
e-brochure-uc-taisor-20260929-092949-3c3ea72a4a79.pdf	56	9eabdcb68b76	622x407	91701857c3b5	343x225	0.4500		
e-brochure-uc-taisor-20260929-092949-3c3ea72a4a79.pdf	56	4cf3bffadea3	474x327	15de640de233	340x235	0.4818		
e-brochure-uc-taisor-20260929-092949-3c3ea72a4a79.pdf	56	2e98b187f0ee	1868x1047	edbee0f9ee94	299x167	0.3591		
e-brochure-uc-taisor-20260929-092949-3c3ea72a4a79.pdf	56	756be6df2f25	705x392	edbee0f9ee94	299x167	0.0174	0.4458	
e-brochure-uc-taisor-20260929-092949-3c3ea72a4a79.pdf	56	10ba3f5f4ee8	892x500	edbee0f9ee94	299x167	0.3404		
e-brochure-uc-taisor-20260929-092949-3c3ea72a4a79.pdf	56	b28d3810367d	318x176	edbee0f9ee94	299x167	0.3160		
e-brochure-uc-taisor-20260929-092949-3c3ea72a4a79.pdf	56	72933d7843d2	888x497	edbee0f9ee94	299x167	0.3395		
e-brochure-uc-taisor-20260929-092949-3c3ea72a4a79.pdf	56	2e98b187f0ee	1868x1047	756be6df2f25	705x392	0.3608		
e-brochure-uc-taisor-20260929-092949-3c3ea72a4a79.pdf	56	2e98b187f0ee	1868x1047	10ba3f5f4ee8	892x500	0.1980		
e-brochure-uc-taisor-20260929-092949-3c3ea72a4a79.pdf	56	2e98b187f0ee	1868x1047	72933d7843d2	888x497	0.1879		
e-brochure-uc-taisor-20260929-092949-3c3ea72a4a79.pdf	56	d44239543819	385x577	1d0d55f4fddd	361x542	0.0655		
e-brochure-uc-taisor-20260929-092949-3c3ea72a4a79.pdf	56	1bad0af07033	466x310	7743eb973945	384x256	0.1584		
e-brochure-uc-taisor-20260929-092949-3c3ea72a4a79.pdf	56	1bad0af07033	466x310	db095a9909d5	347x232	0.3345		
e-brochure-uc-taisor-20260929-092949-3c3ea72a4a79.pdf	56	1bad0af07033	466x310	e07c7d29a664	364x243	0.3395		
e-brochure-uc-taisor-20260929-092949-3c3ea72a4a79.pdf	56	d35be32e559b	646x430	1bad0af07033	466x310	0.2361		
e-brochure-uc-taisor-20260929-092949-3c3ea72a4a79.pdf	56	1216a0ab0838	552x368	1bad0af07033	466x310	0.2598		
e-brochure-uc-taisor-20260929-092949-3c3ea72a4a79.pdf	56	1bad0af07033	466x310	2cfc30472e77	379x253	0.2461		
e-brochure-uc-taisor-20260929-092949-3c3ea72a4a79.pdf	56	7743eb973945	384x256	db095a9909d5	347x232	0.3414		
e-brochure-uc-taisor-20260929-092949-3c3ea72a4a79.pdf	56	7743eb973945	384x256	e07c7d29a664	364x243	0.3426		
e-brochure-uc-taisor-20260929-092949-3c3ea72a4a79.pdf	56	d35be32e559b	646x430	7743eb973945	384x256	0.2543		
e-brochure-uc-taisor-20260929-092949-3c3ea72a4a79.pdf	56	1216a0ab0838	552x368	7743eb973945	384x256	0.2472		
e-brochure-uc-taisor-20260929-092949-3c3ea72a4a79.pdf	56	7743eb973945	384x256	2cfc30472e77	379x253	0.2305		
e-brochure-uc-taisor-20260929-092949-3c3ea72a4a79.pdf	56	e07c7d29a664	364x243	db095a9909d5	347x232	0.1556		
e-brochure-uc-taisor-20260929-092949-3c3ea72a4a79.pdf	56	d35be32e559b	646x430	db095a9909d5	347x232	0.2330		
e-brochure-uc-taisor-20260929-092949-3c3ea72a4a79.pdf	56	1216a0ab0838	552x368	db095a9909d5	347x232	0.3567		
e-brochure-uc-taisor-20260929-092949-3c3ea72a4a79.pdf	56	2cfc30472e77	379x253	db095a9909d5	347x232	0.3524		
e-brochure-uc-taisor-20260929-092949-3c3ea72a4a79.pdf	56	d35be32e559b	646x430	e07c7d29a664	364x243	0.2472		
e-brochure-uc-taisor-20260929-092949-3c3ea72a4a79.pdf	56	1216a0ab0838	552x368	e07c7d29a664	364x243	0.3422		
e-brochure-uc-taisor-20260929-092949-3c3ea72a4a79.pdf	56	2cfc30472e77	379x253	e07c7d29a664	364x243	0.3332		
e-brochure-uc-taisor-20260929-092949-3c3ea72a4a79.pdf	56	d35be32e559b	646x430	1216a0ab0838	552x368	0.2962		
e-brochure-uc-taisor-20260929-092949-3c3ea72a4a79.pdf	56	d35be32e559b	646x430	2cfc30472e77	379x253	0.2880		
e-brochure-uc-taisor-20260929-092949-3c3ea72a4a79.pdf	56	10ba3f5f4ee8	892x500	756be6df2f25	705x392	0.3423		
e-brochure-uc-taisor-20260929-092949-3c3ea72a4a79.pdf	56	756be6df2f25	705x392	b28d3810367d	318x176	0.3179		
e-brochure-uc-taisor-20260929-092949-3c3ea72a4a79.pdf	56	72933d7843d2	888x497	756be6df2f25	705x392	0.3418		
e-brochure-uc-taisor-20260929-092949-3c3ea72a4a79.pdf	56	1216a0ab0838	552x368	2cfc30472e77	379x253	0.1628		
e-brochure-uc-taisor-20260929-092949-3c3ea72a4a79.pdf	56	10ba3f5f4ee8	892x500	72933d7843d2	888x497	0.1344		
e-brochure-uc-taisor-20260929-092949-3c3ea72a4a79.pdf	56	5546aef725a5	403x403	f9edb748445e	309x309	0.2278		
e-brochure-uc-taisor-20260929-092949-3c3ea72a4a79.pdf	56	5546aef725a5	403x403	9eaae8bfd4e7	305x305	0.2167		
e-brochure-uc-taisor-20260929-092949-3c3ea72a4a79.pdf	56	5546aef725a5	403x403	909abd9456dc	398x398	0.3862		
e-brochure-uc-taisor-20260929-092949-3c3ea72a4a79.pdf	56	5546aef725a5	403x403	c9768bee7bb0	321x321	0.4950		
e-brochure-uc-taisor-20260929-092949-3c3ea72a4a79.pdf	56	5546aef725a5	403x403	b61bc1787d4b	307x307	0.2772		
e-brochure-uc-taisor-20260929-092949-3c3ea72a4a79.pdf	56	5546aef725a5	403x403	6214ffc3b649	344x344	0.2259		
e-brochure-uc-taisor-20260929-092949-3c3ea72a4a79.pdf	56	5546aef725a5	403x403	299655580651	306x306	0.3556		
e-brochure-uc-taisor-20260929-092949-3c3ea72a4a79.pdf	56	5546aef725a5	403x403	9e4e5b384a32	304x304	0.2088		
e-brochure-uc-taisor-20260929-092949-3c3ea72a4a79.pdf	56	f9edb748445e	309x309	9eaae8bfd4e7	305x305	0.1375		
e-brochure-uc-taisor-20260929-092949-3c3ea72a4a79.pdf	56	909abd9456dc	398x398	f9edb748445e	309x309	0.2970		
e-brochure-uc-taisor-20260929-092949-3c3ea72a4a79.pdf	56	c9768bee7bb0	321x321	f9edb748445e	309x309	0.4705		
e-brochure-uc-taisor-20260929-092949-3c3ea72a4a79.pdf	56	f9edb748445e	309x309	b61bc1787d4b	307x307	0.3791		
e-brochure-uc-taisor-20260929-092949-3c3ea72a4a79.pdf	56	6214ffc3b649	344x344	f9edb748445e	309x309	0.2791		
e-brochure-uc-taisor-20260929-092949-3c3ea72a4a79.pdf	56	f9edb748445e	309x309	299655580651	306x306	0.4419		
e-brochure-uc-taisor-20260929-092949-3c3ea72a4a79.pdf	56	f9edb748445e	309x309	9e4e5b384a32	304x304	0.2722		
e-brochure-uc-taisor-20260929-092949-3c3ea72a4a79.pdf	56	909abd9456dc	398x398	9eaae8bfd4e7	305x305	0.3030		
e-brochure-uc-taisor-20260929-092949-3c3ea72a4a79.pdf	56	c9768bee7bb0	321x321	9eaae8bfd4e7	305x305	0.4506		
e-brochure-uc-taisor-20260929-092949-3c3ea72a4a79.pdf	56	b61bc1787d4b	307x307	9eaae8bfd4e7	305x305	0.3482		
e-brochure-uc-taisor-20260929-092949-3c3ea72a4a79.pdf	56	6214ffc3b649	344x344	9eaae8bfd4e7	305x305	0.2257		
e-brochure-uc-taisor-20260929-092949-3c3ea72a4a79.pdf	56	299655580651	306x306	9eaae8bfd4e7	305x305	0.4082		
e-brochure-uc-taisor-20260929-092949-3c3ea72a4a79.pdf	56	9eaae8bfd4e7	305x305	9e4e5b384a32	304x304	0.2378		
e-brochure-uc-taisor-20260929-092949-3c3ea72a4a79.pdf	56	909abd9456dc	398x398	c9768bee7bb0	321x321	0.3618		
e-brochure-uc-taisor-20260929-092949-3c3ea72a4a79.pdf	56	909abd9456dc	398x398	b61bc1787d4b	307x307	0.4887		
e-brochure-uc-taisor-20260929-092949-3c3ea72a4a79.pdf	56	909abd9456dc	398x398	6214ffc3b649	344x344	0.3475		
e-brochure-uc-taisor-20260929-092949-3c3ea72a4a79.pdf	56	909abd9456dc	398x398	299655580651	306x306	0.4715		
e-brochure-uc-taisor-20260929-092949-3c3ea72a4a79.pdf	56	909abd9456dc	398x398	9e4e5b384a32	304x304	0.3548		
e-brochure-uc-taisor-20260929-092949-3c3ea72a4a79.pdf	56	c9768bee7bb0	321x321	b61bc1787d4b	307x307	0.4920		
e-brochure-uc-taisor-20260929-092949-3c3ea72a4a79.pdf	56	6214ffc3b649	344x344	c9768bee7bb0	321x321	0.3778		
e-brochure-uc-taisor-20260929-092949-3c3ea72a4a79.pdf	56	c9768bee7bb0	321x321	299655580651	306x306	0.3640		
e-brochure-uc-taisor-20260929-092949-3c3ea72a4a79.pdf	56	c9768bee7bb0	321x321	9e4e5b384a32	304x304	0.4081		
e-brochure-uc-taisor-20260929-092949-3c3ea72a4a79.pdf	56	6214ffc3b649	344x344	b61bc1787d4b	307x307	0.2241		
e-brochure-uc-taisor-20260929-092949-3c3ea72a4a79.pdf	56	b61bc1787d4b	307x307	299655580651	306x306	0.2445		
e-brochure-uc-taisor-20260929-092949-3c3ea72a4a79.pdf	56	b61bc1787d4b	307x307	9e4e5b384a32	304x304	0.2254		
e-brochure-uc-taisor-20260929-092949-3c3ea72a4a79.pdf	56	6214ffc3b649	344x344	299655580651	306x306	0.2405		
e-brochure-uc-taisor-20260929-092949-3c3ea72a4a79.pdf	56	6214ffc3b649	344x344	9e4e5b384a32	304x304	0.1178		
e-brochure-uc-taisor-20260929-092949-3c3ea72a4a79.pdf	56	299655580651	306x306	9e4e5b384a32	304x304	0.2486		
e-brochure-urbancruiser-ebella-20260929-092949-72706b1d6e00.pdf	89	1e58976a0f97	3000x2041	b8f24975b5d4	1738x1183	0.0118	0.2368	
e-brochure-urbancruiser-ebella-20260929-092949-72706b1d6e00.pdf	89	4947b0ee94ff	3000x1688	fd0c687b4e30	804x451	0.4214		
e-brochure-urbancruiser-ebella-20260929-092949-72706b1d6e00.pdf	89	4947b0ee94ff	3000x1688	cedc07999b8c	1293x728	0.4498		
e-brochure-urbancruiser-ebella-20260929-092949-72706b1d6e00.pdf	89	4947b0ee94ff	3000x1688	8a58cdaf8c34	1604x906	0.9232		
e-brochure-urbancruiser-ebella-20260929-092949-72706b1d6e00.pdf	89	4947b0ee94ff	3000x1688	64f0a3d6ed30	1691x955	0.9243		
e-brochure-urbancruiser-ebella-20260929-092949-72706b1d6e00.pdf	89	01d6ee1cacf7	1705x1137	05834a8fd85d	1588x1059	0.1014		
e-brochure-urbancruiser-ebella-20260929-092949-72706b1d6e00.pdf	89	01d6ee1cacf7	1705x1137	ff64e3f521bf	488x326	0.3762		
e-brochure-urbancruiser-ebella-20260929-092949-72706b1d6e00.pdf	89	01d6ee1cacf7	1705x1137	b7924b1c164d	295x197	0.2496		
e-brochure-urbancruiser-ebella-20260929-092949-72706b1d6e00.pdf	89	01d6ee1cacf7	1705x1137	34b67ffe421b	397x263	0.0932		
e-brochure-urbancruiser-ebella-20260929-092949-72706b1d6e00.pdf	89	01d6ee1cacf7	1705x1137	15e7fa9eaa7e	672x448	0.1073		
e-brochure-urbancruiser-ebella-20260929-092949-72706b1d6e00.pdf	89	01d6ee1cacf7	1705x1137	49da28a3ac03	611x407	0.1029		
e-brochure-urbancruiser-ebella-20260929-092949-72706b1d6e00.pdf	89	01d6ee1cacf7	1705x1137	69685798e17b	785x524	0.0810		
e-brochure-urbancruiser-ebella-20260929-092949-72706b1d6e00.pdf	89	01d6ee1cacf7	1705x1137	fac2f3b7a412	332x221	0.1025		
e-brochure-urbancruiser-ebella-20260929-092949-72706b1d6e00.pdf	89	01d6ee1cacf7	1705x1137	a0b323d94c82	529x353	0.1030		
e-brochure-urbancruiser-ebella-20260929-092949-72706b1d6e00.pdf	89	01d6ee1cacf7	1705x1137	d823bfbcdbc8	934x623	0.1205		
e-brochure-urbancruiser-ebella-20260929-092949-72706b1d6e00.pdf	89	01d6ee1cacf7	1705x1137	f76e71b137a4	1536x1024	0.1033		
e-brochure-urbancruiser-ebella-20260929-092949-72706b1d6e00.pdf	89	01d6ee1cacf7	1705x1137	2bbd27e3e3d8	688x460	0.1069		
e-brochure-urbancruiser-ebella-20260929-092949-72706b1d6e00.pdf	89	01d6ee1cacf7	1705x1137	c643443f6d1c	314x210	0.4629		
e-brochure-urbancruiser-ebella-20260929-092949-72706b1d6e00.pdf	89	01d6ee1cacf7	1705x1137	1eec8ccbdbe0	1335x890	0.0169	0.8480	
e-brochure-urbancruiser-ebella-20260929-092949-72706b1d6e00.pdf	89	7699cb631537	2085x1390	01d6ee1cacf7	1705x1137	0.0752		
e-brochure-urbancruiser-ebella-20260929-092949-72706b1d6e00.pdf	89	9cb866b90341	2099x1363	14f09f798e33	438x283	0.0823		
e-brochure-urbancruiser-ebella-20260929-092949-72706b1d6e00.pdf	89	9cb866b90341	2099x1363	6c91eafddf93	1803x1181	0.0681		
e-brochure-urbancruiser-ebella-20260929-092949-72706b1d6e00.pdf	89	9cb866b90341	2099x1363	7f5b426867e1	853x557	0.1140		
e-brochure-urbancruiser-ebella-20260929-092949-72706b1d6e00.pdf	89	9cb866b90341	2099x1363	2308466dc349	1905x1236	0.0777		
e-brochure-urbancruiser-ebella-20260929-092949-72706b1d6e00.pdf	89	9cb866b90341	2099x1363	c74bed153086	1418x914	0.0823		
e-brochure-urbancruiser-ebella-20260929-092949-72706b1d6e00.pdf	89	9cb866b90341	2099x1363	bb10decdfaf3	958x617	0.0824		
e-brochure-urbancruiser-ebella-20260929-092949-72706b1d6e00.pdf	89	05834a8fd85d	1588x1059	ff64e3f521bf	488x326	0.3641		
e-brochure-urbancruiser-ebella-20260929-092949-72706b1d6e00.pdf	89	05834a8fd85d	1588x1059	b7924b1c164d	295x197	0.2231		
e-brochure-urbancruiser-ebella-20260929-092949-72706b1d6e00.pdf	89	05834a8fd85d	1588x1059	34b67ffe421b	397x263	0.1175		
e-brochure-urbancruiser-ebella-20260929-092949-72706b1d6e00.pdf	89	05834a8fd85d	1588x1059	15e7fa9eaa7e	672x448	0.1284		
e-brochure-urbancruiser-ebella-20260929-092949-72706b1d6e00.pdf	89	05834a8fd85d	1588x1059	49da28a3ac03	611x407	0.1323		
e-brochure-urbancruiser-ebella-20260929-092949-72706b1d6e00.pdf	89	05834a8fd85d	1588x1059	69685798e17b	785x524	0.1057		
e-brochure-urbancruiser-ebella-20260929-092949-72706b1d6e00.pdf	89	05834a8fd85d	1588x1059	fac2f3b7a412	332x221	0.1323		
e-brochure-urbancruiser-ebella-20260929-092949-72706b1d6e00.pdf	89	05834a8fd85d	1588x1059	a0b323d94c82	529x353	0.1324		
e-brochure-urbancruiser-ebella-20260929-092949-72706b1d6e00.pdf	89	05834a8fd85d	1588x1059	d823bfbcdbc8	934x623	0.1339		
e-brochure-urbancruiser-ebella-20260929-092949-72706b1d6e00.pdf	89	05834a8fd85d	1588x1059	f76e71b137a4	1536x1024	0.1322		
e-brochure-urbancruiser-ebella-20260929-092949-72706b1d6e00.pdf	89	05834a8fd85d	1588x1059	2bbd27e3e3d8	688x460	0.0228		
e-brochure-urbancruiser-ebella-20260929-092949-72706b1d6e00.pdf	89	05834a8fd85d	1588x1059	c643443f6d1c	314x210	0.4375		
e-brochure-urbancruiser-ebella-20260929-092949-72706b1d6e00.pdf	89	05834a8fd85d	1588x1059	1eec8ccbdbe0	1335x890	0.1071		
e-brochure-urbancruiser-ebella-20260929-092949-72706b1d6e00.pdf	89	7699cb631537	2085x1390	05834a8fd85d	1588x1059	0.1091		
e-brochure-urbancruiser-ebella-20260929-092949-72706b1d6e00.pdf	89	cedc07999b8c	1293x728	fd0c687b4e30	804x451	0.7456		
e-brochure-urbancruiser-ebella-20260929-092949-72706b1d6e00.pdf	89	8a58cdaf8c34	1604x906	fd0c687b4e30	804x451	0.6803		
e-brochure-urbancruiser-ebella-20260929-092949-72706b1d6e00.pdf	89	64f0a3d6ed30	1691x955	fd0c687b4e30	804x451	0.6812		
e-brochure-urbancruiser-ebella-20260929-092949-72706b1d6e00.pdf	89	ff64e3f521bf	488x326	b7924b1c164d	295x197	0.2868		
e-brochure-urbancruiser-ebella-20260929-092949-72706b1d6e00.pdf	89	ff64e3f521bf	488x326	34b67ffe421b	397x263	0.3719		
e-brochure-urbancruiser-ebella-20260929-092949-72706b1d6e00.pdf	89	15e7fa9eaa7e	672x448	ff64e3f521bf	488x326	0.3386		
e-brochure-urbancruiser-ebella-20260929-092949-72706b1d6e00.pdf	89	49da28a3ac03	611x407	ff64e3f521bf	488x326	0.3575		
e-brochure-urbancruiser-ebella-20260929-092949-72706b1d6e00.pdf	89	69685798e17b	785x524	ff64e3f521bf	488x326	0.3758		
e-brochure-urbancruiser-ebella-20260929-092949-72706b1d6e00.pdf	89	ff64e3f521bf	488x326	fac2f3b7a412	332x221	0.3577		
e-brochure-urbancruiser-ebella-20260929-092949-72706b1d6e00.pdf	89	a0b323d94c82	529x353	ff64e3f521bf	488x326	0.3573		
e-brochure-urbancruiser-ebella-20260929-092949-72706b1d6e00.pdf	89	d823bfbcdbc8	934x623	ff64e3f521bf	488x326	0.3699		
e-brochure-urbancruiser-ebella-20260929-092949-72706b1d6e00.pdf	89	f76e71b137a4	1536x1024	ff64e3f521bf	488x326	0.3575		
e-brochure-urbancruiser-ebella-20260929-092949-72706b1d6e00.pdf	89	2bbd27e3e3d8	688x460	ff64e3f521bf	488x326	0.3529		
e-brochure-urbancruiser-ebella-20260929-092949-72706b1d6e00.pdf	89	ff64e3f521bf	488x326	c643443f6d1c	314x210	0.3712		
e-brochure-urbancruiser-ebella-20260929-092949-72706b1d6e00.pdf	89	1eec8ccbdbe0	1335x890	ff64e3f521bf	488x326	0.3865		
e-brochure-urbancruiser-ebella-20260929-092949-72706b1d6e00.pdf	89	7699cb631537	2085x1390	ff64e3f521bf	488x326	0.4036		
e-brochure-urbancruiser-ebella-20260929-092949-72706b1d6e00.pdf	89	34b67ffe421b	397x263	b7924b1c164d	295x197	0.2399		
e-brochure-urbancruiser-ebella-20260929-092949-72706b1d6e00.pdf	89	15e7fa9eaa7e	672x448	b7924b1c164d	295x197	0.2077		
e-brochure-urbancruiser-ebella-20260929-092949-72706b1d6e00.pdf	89	49da28a3ac03	611x407	b7924b1c164d	295x197	0.2268		
e-brochure-urbancruiser-ebella-20260929-092949-72706b1d6e00.pdf	89	69685798e17b	785x524	b7924b1c164d	295x197	0.2554		
e-brochure-urbancruiser-ebella-20260929-092949-72706b1d6e00.pdf	89	fac2f3b7a412	332x221	b7924b1c164d	295x197	0.2267		
e-brochure-urbancruiser-ebella-20260929-092949-72706b1d6e00.pdf	89	a0b323d94c82	529x353	b7924b1c164d	295x197	0.2269		
e-brochure-urbancruiser-ebella-20260929-092949-72706b1d6e00.pdf	89	d823bfbcdbc8	934x623	b7924b1c164d	295x197	0.2333		
e-brochure-urbancruiser-ebella-20260929-092949-72706b1d6e00.pdf	89	f76e71b137a4	1536x1024	b7924b1c164d	295x197	0.2270		
e-brochure-urbancruiser-ebella-20260929-092949-72706b1d6e00.pdf	89	2bbd27e3e3d8	688x460	b7924b1c164d	295x197	0.2232		
e-brochure-urbancruiser-ebella-20260929-092949-72706b1d6e00.pdf	89	c643443f6d1c	314x210	b7924b1c164d	295x197	0.3871		
e-brochure-urbancruiser-ebella-20260929-092949-72706b1d6e00.pdf	89	1eec8ccbdbe0	1335x890	b7924b1c164d	295x197	0.2608		
e-brochure-urbancruiser-ebella-20260929-092949-72706b1d6e00.pdf	89	7699cb631537	2085x1390	b7924b1c164d	295x197	0.2654		
e-brochure-urbancruiser-ebella-20260929-092949-72706b1d6e00.pdf	89	b3236bcbdc35	1421x933	34b67ffe421b	397x263	0.0888		
e-brochure-urbancruiser-ebella-20260929-092949-72706b1d6e00.pdf	89	15e7fa9eaa7e	672x448	34b67ffe421b	397x263	0.1171		
e-brochure-urbancruiser-ebella-20260929-092949-72706b1d6e00.pdf	89	49da28a3ac03	611x407	34b67ffe421b	397x263	0.0998		
e-brochure-urbancruiser-ebella-20260929-092949-72706b1d6e00.pdf	89	69685798e17b	785x524	34b67ffe421b	397x263	0.0962		
e-brochure-urbancruiser-ebella-20260929-092949-72706b1d6e00.pdf	89	34b67ffe421b	397x263	fac2f3b7a412	332x221	0.0997		
e-brochure-urbancruiser-ebella-20260929-092949-72706b1d6e00.pdf	89	a0b323d94c82	529x353	34b67ffe421b	397x263	0.0999		
e-brochure-urbancruiser-ebella-20260929-092949-72706b1d6e00.pdf	89	d823bfbcdbc8	934x623	34b67ffe421b	397x263	0.1195		
e-brochure-urbancruiser-ebella-20260929-092949-72706b1d6e00.pdf	89	f76e71b137a4	1536x1024	34b67ffe421b	397x263	0.1000		
e-brochure-urbancruiser-ebella-20260929-092949-72706b1d6e00.pdf	89	2bbd27e3e3d8	688x460	34b67ffe421b	397x263	0.1270		
e-brochure-urbancruiser-ebella-20260929-092949-72706b1d6e00.pdf	89	34b67ffe421b	397x263	c643443f6d1c	314x210	0.4506		
e-brochure-urbancruiser-ebella-20260929-092949-72706b1d6e00.pdf	89	1eec8ccbdbe0	1335x890	34b67ffe421b	397x263	0.0891		
e-brochure-urbancruiser-ebella-20260929-092949-72706b1d6e00.pdf	89	7699cb631537	2085x1390	34b67ffe421b	397x263	0.1027		
e-brochure-urbancruiser-ebella-20260929-092949-72706b1d6e00.pdf	89	1a930e0f41d7	1500x867	e69e69585993	455x261	0.5035		
e-brochure-urbancruiser-ebella-20260929-092949-72706b1d6e00.pdf	89	0a9bda12c8bb	1890x394	08b58a8f348d	1058x219	0.2978		
e-brochure-urbancruiser-ebella-20260929-092949-72706b1d6e00.pdf	89	6c91eafddf93	1803x1181	b3236bcbdc35	1421x933	0.0873		
e-brochure-urbancruiser-ebella-20260929-092949-72706b1d6e00.pdf	89	b3236bcbdc35	1421x933	7f5b426867e1	853x557	0.1148		
e-brochure-urbancruiser-ebella-20260929-092949-72706b1d6e00.pdf	89	119f33b4b531	1372x576	ec85ef19d06c	886x372	0.0114	0.5483	
e-brochure-urbancruiser-ebella-20260929-092949-72706b1d6e00.pdf	89	09c7e6f20bde	1896x1210	73c05c90735a	1667x1064	0.0060	0.1132	
e-brochure-urbancruiser-ebella-20260929-092949-72706b1d6e00.pdf	89	09c7e6f20bde	1896x1210	c74bed153086	1418x914	0.1236		
e-brochure-urbancruiser-ebella-20260929-092949-72706b1d6e00.pdf	89	09c7e6f20bde	1896x1210	bb10decdfaf3	958x617	0.1236		
e-brochure-urbancruiser-ebella-20260929-092949-72706b1d6e00.pdf	89	09c7e6f20bde	1896x1210	bcaeb886596d	1461x932	0.1320		
e-brochure-urbancruiser-ebella-20260929-092949-72706b1d6e00.pdf	89	73c05c90735a	1667x1064	c74bed153086	1418x914	0.1229		
e-brochure-urbancruiser-ebella-20260929-092949-72706b1d6e00.pdf	89	73c05c90735a	1667x1064	bb10decdfaf3	958x617	0.1230		
e-brochure-urbancruiser-ebella-20260929-092949-72706b1d6e00.pdf	89	73c05c90735a	1667x1064	bcaeb886596d	1461x932	0.1324		
e-brochure-urbancruiser-ebella-20260929-092949-72706b1d6e00.pdf	89	69b51808d47b	1246x306	757343b2aba1	886x217	0.0144	0.6145	
e-brochure-urbancruiser-ebella-20260929-092949-72706b1d6e00.pdf	89	15e7fa9eaa7e	672x448	49da28a3ac03	611x407	0.1142		
e-brochure-urbancruiser-ebella-20260929-092949-72706b1d6e00.pdf	89	69685798e17b	785x524	15e7fa9eaa7e	672x448	0.1250		
e-brochure-urbancruiser-ebella-20260929-092949-72706b1d6e00.pdf	89	15e7fa9eaa7e	672x448	fac2f3b7a412	332x221	0.1141		
e-brochure-urbancruiser-ebella-20260929-092949-72706b1d6e00.pdf	89	15e7fa9eaa7e	672x448	a0b323d94c82	529x353	0.1141		
e-brochure-urbancruiser-ebella-20260929-092949-72706b1d6e00.pdf	89	d823bfbcdbc8	934x623	15e7fa9eaa7e	672x448	0.1332		
e-brochure-urbancruiser-ebella-20260929-092949-72706b1d6e00.pdf	89	f76e71b137a4	1536x1024	15e7fa9eaa7e	672x448	0.1142		
e-brochure-urbancruiser-ebella-20260929-092949-72706b1d6e00.pdf	89	2bbd27e3e3d8	688x460	15e7fa9eaa7e	672x448	0.1373		
e-brochure-urbancruiser-ebella-20260929-092949-72706b1d6e00.pdf	89	15e7fa9eaa7e	672x448	c643443f6d1c	314x210	0.4164		
e-brochure-urbancruiser-ebella-20260929-092949-72706b1d6e00.pdf	89	1eec8ccbdbe0	1335x890	15e7fa9eaa7e	672x448	0.1141		
e-brochure-urbancruiser-ebella-20260929-092949-72706b1d6e00.pdf	89	7699cb631537	2085x1390	15e7fa9eaa7e	672x448	0.1370		
e-brochure-urbancruiser-ebella-20260929-092949-72706b1d6e00.pdf	89	2308466dc349	1905x1236	14f09f798e33	438x283	0.0907		
e-brochure-urbancruiser-ebella-20260929-092949-72706b1d6e00.pdf	89	c74bed153086	1418x914	14f09f798e33	438x283	0.0044	0.0752	
e-brochure-urbancruiser-ebella-20260929-092949-72706b1d6e00.pdf	89	bb10decdfaf3	958x617	14f09f798e33	438x283	0.0046	0.1529	
e-brochure-urbancruiser-ebella-20260929-092949-72706b1d6e00.pdf	89	69685798e17b	785x524	49da28a3ac03	611x407	0.1062		
e-brochure-urbancruiser-ebella-20260929-092949-72706b1d6e00.pdf	89	49da28a3ac03	611x407	fac2f3b7a412	332x221	0.0066	0.0824	
e-brochure-urbancruiser-ebella-20260929-092949-72706b1d6e00.pdf	89	49da28a3ac03	611x407	a0b323d94c82	529x353	0.0040	0.1103	
e-brochure-urbancruiser-ebella-20260929-092949-72706b1d6e00.pdf	89	d823bfbcdbc8	934x623	49da28a3ac03	611x407	0.1372		
e-brochure-urbancruiser-ebella-20260929-092949-72706b1d6e00.pdf	89	f76e71b137a4	1536x1024	49da28a3ac03	611x407	0.0043	0.1044	
e-brochure-urbancruiser-ebella-20260929-092949-72706b1d6e00.pdf	89	2bbd27e3e3d8	688x460	49da28a3ac03	611x407	0.1364		
e-brochure-urbancruiser-ebella-20260929-092949-72706b1d6e00.pdf	89	49da28a3ac03	611x407	c643443f6d1c	314x210	0.4354		
e-brochure-urbancruiser-ebella-20260929-092949-72706b1d6e00.pdf	89	1eec8ccbdbe0	1335x890	49da28a3ac03	611x407	0.1071		
e-brochure-urbancruiser-ebella-20260929-092949-72706b1d6e00.pdf	89	7699cb631537	2085x1390	49da28a3ac03	611x407	0.0985		
e-brochure-urbancruiser-ebella-20260929-092949-72706b1d6e00.pdf	89	6c91eafddf93	1803x1181	7f5b426867e1	853x557	0.1127		
e-brochure-urbancruiser-ebella-20260929-092949-72706b1d6e00.pdf	89	2308466dc349	1905x1236	6c91eafddf93	1803x1181	0.0914		
e-brochure-urbancruiser-ebella-20260929-092949-72706b1d6e00.pdf	89	2308466dc349	1905x1236	7f5b426867e1	853x557	0.1168		
e-brochure-urbancruiser-ebella-20260929-092949-72706b1d6e00.pdf	89	69685798e17b	785x524	fac2f3b7a412	332x221	0.1055		
e-brochure-urbancruiser-ebella-20260929-092949-72706b1d6e00.pdf	89	69685798e17b	785x524	a0b323d94c82	529x353	0.1065		
e-brochure-urbancruiser-ebella-20260929-092949-72706b1d6e00.pdf	89	d823bfbcdbc8	934x623	69685798e17b	785x524	0.1186		
e-brochure-urbancruiser-ebella-20260929-092949-72706b1d6e00.pdf	89	f76e71b137a4	1536x1024	69685798e17b	785x524	0.1063		
e-brochure-urbancruiser-ebella-20260929-092949-72706b1d6e00.pdf	89	69685798e17b	785x524	2bbd27e3e3d8	688x460	0.1123		
e-brochure-urbancruiser-ebella-20260929-092949-72706b1d6e00.pdf	89	69685798e17b	785x524	c643443f6d1c	314x210	0.4492		
e-brochure-urbancruiser-ebella-20260929-092949-72706b1d6e00.pdf	89	1eec8ccbdbe0	1335x890	69685798e17b	785x524	0.0808		
e-brochure-urbancruiser-ebella-20260929-092949-72706b1d6e00.pdf	89	7699cb631537	2085x1390	69685798e17b	785x524	0.0822		
e-brochure-urbancruiser-ebella-20260929-092949-72706b1d6e00.pdf	89	3a54dff08986	431x326	51e6ba48ae78	382x289	0.1003		
e-brochure-urbancruiser-ebella-20260929-092949-72706b1d6e00.pdf	89	a0b323d94c82	529x353	fac2f3b7a412	332x221	0.0068	0.0733	
e-brochure-urbancruiser-ebella-20260929-092949-72706b1d6e00.pdf	89	d823bfbcdbc8	934x623	fac2f3b7a412	332x221	0.1366		
e-brochure-urbancruiser-ebella-20260929-092949-72706b1d6e00.pdf	89	f76e71b137a4	1536x1024	fac2f3b7a412	332x221	0.0063	0.1377	
e-brochure-urbancruiser-ebella-20260929-092949-72706b1d6e00.pdf	89	2bbd27e3e3d8	688x460	fac2f3b7a412	332x221	0.1366		
e-brochure-urbancruiser-ebella-20260929-092949-72706b1d6e00.pdf	89	fac2f3b7a412	332x221	c643443f6d1c	314x210	0.4360		
e-brochure-urbancruiser-ebella-20260929-092949-72706b1d6e00.pdf	89	1eec8ccbdbe0	1335x890	fac2f3b7a412	332x221	0.1068		
e-brochure-urbancruiser-ebella-20260929-092949-72706b1d6e00.pdf	89	7699cb631537	2085x1390	fac2f3b7a412	332x221	0.0982		
e-brochure-urbancruiser-ebella-20260929-092949-72706b1d6e00.pdf	89	d823bfbcdbc8	934x623	a0b323d94c82	529x353	0.1372		
e-brochure-urbancruiser-ebella-20260929-092949-72706b1d6e00.pdf	89	f76e71b137a4	1536x1024	a0b323d94c82	529x353	0.0049	0.0946	
e-brochure-urbancruiser-ebella-20260929-092949-72706b1d6e00.pdf	89	2bbd27e3e3d8	688x460	a0b323d94c82	529x353	0.1366		
e-brochure-urbancruiser-ebella-20260929-092949-72706b1d6e00.pdf	89	a0b323d94c82	529x353	c643443f6d1c	314x210	0.4355		
e-brochure-urbancruiser-ebella-20260929-092949-72706b1d6e00.pdf	89	1eec8ccbdbe0	1335x890	a0b323d94c82	529x353	0.1071		
e-brochure-urbancruiser-ebella-20260929-092949-72706b1d6e00.pdf	89	7699cb631537	2085x1390	a0b323d94c82	529x353	0.0988		
e-brochure-urbancruiser-ebella-20260929-092949-72706b1d6e00.pdf	89	2308466dc349	1905x1236	c74bed153086	1418x914	0.0906		
e-brochure-urbancruiser-ebella-20260929-092949-72706b1d6e00.pdf	89	2308466dc349	1905x1236	bb10decdfaf3	958x617	0.0907		
e-brochure-urbancruiser-ebella-20260929-092949-72706b1d6e00.pdf	89	f76e71b137a4	1536x1024	d823bfbcdbc8	934x623	0.1374		
e-brochure-urbancruiser-ebella-20260929-092949-72706b1d6e00.pdf	89	d823bfbcdbc8	934x623	2bbd27e3e3d8	688x460	0.1361		
e-brochure-urbancruiser-ebella-20260929-092949-72706b1d6e00.pdf	89	d823bfbcdbc8	934x623	c643443f6d1c	314x210	0.4218		
e-brochure-urbancruiser-ebella-20260929-092949-72706b1d6e00.pdf	89	1eec8ccbdbe0	1335x890	d823bfbcdbc8	934x623	0.1274		
e-brochure-urbancruiser-ebella-20260929-092949-72706b1d6e00.pdf	89	7699cb631537	2085x1390	d823bfbcdbc8	934x623	0.1453		
e-brochure-urbancruiser-ebella-20260929-092949-72706b1d6e00.pdf	89	b6f9de26b4ff	1310x675	00a5723aaa7d	1204x615	0.1502		
e-brochure-urbancruiser-ebella-20260929-092949-72706b1d6e00.pdf	89	00a5723aaa7d	1204x615	8bfbefd5f971	288x147	0.1460		
e-brochure-urbancruiser-ebella-20260929-092949-72706b1d6e00.pdf	89	00a5723aaa7d	1204x615	ebc20019ff66	289x148	0.1581		
e-brochure-urbancruiser-ebella-20260929-092949-72706b1d6e00.pdf	89	b40cd5a1d538	209x453	309be3daa18d	209x452	0.1163		
e-brochure-urbancruiser-ebella-20260929-092949-72706b1d6e00.pdf	89	09c9faa53e4a	210x455	309be3daa18d	209x452	0.1018		
e-brochure-urbancruiser-ebella-20260929-092949-72706b1d6e00.pdf	89	86754fba8a00	213x461	309be3daa18d	209x452	0.1085		
e-brochure-urbancruiser-ebella-20260929-092949-72706b1d6e00.pdf	89	09c9faa53e4a	210x455	b40cd5a1d538	209x453	0.0707		
e-brochure-urbancruiser-ebella-20260929-092949-72706b1d6e00.pdf	89	86754fba8a00	213x461	b40cd5a1d538	209x453	0.0736		
e-brochure-urbancruiser-ebella-20260929-092949-72706b1d6e00.pdf	89	86754fba8a00	213x461	09c9faa53e4a	210x455	0.0499		
e-brochure-urbancruiser-ebella-20260929-092949-72706b1d6e00.pdf	89	03d2a38ceec4	300x300	78bb4378e6eb	279x279	0.1761		
e-brochure-urbancruiser-ebella-20260929-092949-72706b1d6e00.pdf	89	564dbc846214	317x317	03d2a38ceec4	300x300	0.1651		
e-brochure-urbancruiser-ebella-20260929-092949-72706b1d6e00.pdf	89	0a47dca37e15	1772x1772	03d2a38ceec4	300x300	0.1809		
e-brochure-urbancruiser-ebella-20260929-092949-72706b1d6e00.pdf	89	9d67c1017a77	338x338	03d2a38ceec4	300x300	0.1463		
e-brochure-urbancruiser-ebella-20260929-092949-72706b1d6e00.pdf	89	019c2e793f11	468x468	03d2a38ceec4	300x300	0.3305		
e-brochure-urbancruiser-ebella-20260929-092949-72706b1d6e00.pdf	89	8c41f0efad31	525x525	03d2a38ceec4	300x300	0.2125		
e-brochure-urbancruiser-ebella-20260929-092949-72706b1d6e00.pdf	89	856e3e6ed174	660x660	03d2a38ceec4	300x300	0.1373		
e-brochure-urbancruiser-ebella-20260929-092949-72706b1d6e00.pdf	89	87b480e3507e	651x654	03d2a38ceec4	300x300	0.3673		
e-brochure-urbancruiser-ebella-20260929-092949-72706b1d6e00.pdf	89	dcbf4a1bcb22	425x425	03d2a38ceec4	300x300	0.1361		
e-brochure-urbancruiser-ebella-20260929-092949-72706b1d6e00.pdf	89	03d2a38ceec4	300x300	fb30df767db0	296x296	0.1841		
e-brochure-urbancruiser-ebella-20260929-092949-72706b1d6e00.pdf	89	717218c294f6	1122x1122	03d2a38ceec4	300x300	0.3916		
e-brochure-urbancruiser-ebella-20260929-092949-72706b1d6e00.pdf	89	b6f9de26b4ff	1310x675	8bfbefd5f971	288x147	0.2298		
e-brochure-urbancruiser-ebella-20260929-092949-72706b1d6e00.pdf	89	b6f9de26b4ff	1310x675	ebc20019ff66	289x148	0.2250		
e-brochure-urbancruiser-ebella-20260929-092949-72706b1d6e00.pdf	89	e77cf1fbe2ec	211x444	25a9212bbbf9	210x444	0.0602		
e-brochure-urbancruiser-ebella-20260929-092949-72706b1d6e00.pdf	89	e77cf1fbe2ec	211x444	e2d415558a27	210x444	0.1134		
e-brochure-urbancruiser-ebella-20260929-092949-72706b1d6e00.pdf	89	e77cf1fbe2ec	211x444	400271ea20cf	209x442	0.1117		
e-brochure-urbancruiser-ebella-20260929-092949-72706b1d6e00.pdf	89	25a9212bbbf9	210x444	e2d415558a27	210x444	0.0795		
e-brochure-urbancruiser-ebella-20260929-092949-72706b1d6e00.pdf	89	25a9212bbbf9	210x444	400271ea20cf	209x442	0.0759		
e-brochure-urbancruiser-ebella-20260929-092949-72706b1d6e00.pdf	89	e2d415558a27	210x444	400271ea20cf	209x442	0.0369		
e-brochure-urbancruiser-ebella-20260929-092949-72706b1d6e00.pdf	89	f76e71b137a4	1536x1024	2bbd27e3e3d8	688x460	0.1363		
e-brochure-urbancruiser-ebella-20260929-092949-72706b1d6e00.pdf	89	f76e71b137a4	1536x1024	c643443f6d1c	314x210	0.4345		
e-brochure-urbancruiser-ebella-20260929-092949-72706b1d6e00.pdf	89	f76e71b137a4	1536x1024	1eec8ccbdbe0	1335x890	0.1076		
e-brochure-urbancruiser-ebella-20260929-092949-72706b1d6e00.pdf	89	7699cb631537	2085x1390	f76e71b137a4	1536x1024	0.0987		
e-brochure-urbancruiser-ebella-20260929-092949-72706b1d6e00.pdf	89	c74bed153086	1418x914	bb10decdfaf3	958x617	0.0032	0.0973	
e-brochure-urbancruiser-ebella-20260929-092949-72706b1d6e00.pdf	89	8a58cdaf8c34	1604x906	cedc07999b8c	1293x728	0.5553		
e-brochure-urbancruiser-ebella-20260929-092949-72706b1d6e00.pdf	89	64f0a3d6ed30	1691x955	cedc07999b8c	1293x728	0.5554		
e-brochure-urbancruiser-ebella-20260929-092949-72706b1d6e00.pdf	89	2bbd27e3e3d8	688x460	c643443f6d1c	314x210	0.4172		
e-brochure-urbancruiser-ebella-20260929-092949-72706b1d6e00.pdf	89	1eec8ccbdbe0	1335x890	2bbd27e3e3d8	688x460	0.1134		
e-brochure-urbancruiser-ebella-20260929-092949-72706b1d6e00.pdf	89	7699cb631537	2085x1390	2bbd27e3e3d8	688x460	0.1179		
e-brochure-urbancruiser-ebella-20260929-092949-72706b1d6e00.pdf	89	564dbc846214	317x317	78bb4378e6eb	279x279	0.1854		
e-brochure-urbancruiser-ebella-20260929-092949-72706b1d6e00.pdf	89	0a47dca37e15	1772x1772	78bb4378e6eb	279x279	0.1945		
e-brochure-urbancruiser-ebella-20260929-092949-72706b1d6e00.pdf	89	9d67c1017a77	338x338	78bb4378e6eb	279x279	0.1510		
e-brochure-urbancruiser-ebella-20260929-092949-72706b1d6e00.pdf	89	019c2e793f11	468x468	78bb4378e6eb	279x279	0.2421		
e-brochure-urbancruiser-ebella-20260929-092949-72706b1d6e00.pdf	89	8c41f0efad31	525x525	78bb4378e6eb	279x279	0.1990		
e-brochure-urbancruiser-ebella-20260929-092949-72706b1d6e00.pdf	89	856e3e6ed174	660x660	78bb4378e6eb	279x279	0.1349		
e-brochure-urbancruiser-ebella-20260929-092949-72706b1d6e00.pdf	89	87b480e3507e	651x654	78bb4378e6eb	279x279	0.2989		
e-brochure-urbancruiser-ebella-20260929-092949-72706b1d6e00.pdf	89	dcbf4a1bcb22	425x425	78bb4378e6eb	279x279	0.1348		
e-brochure-urbancruiser-ebella-20260929-092949-72706b1d6e00.pdf	89	fb30df767db0	296x296	78bb4378e6eb	279x279	0.1781		
e-brochure-urbancruiser-ebella-20260929-092949-72706b1d6e00.pdf	89	717218c294f6	1122x1122	78bb4378e6eb	279x279	0.3285		
e-brochure-urbancruiser-ebella-20260929-092949-72706b1d6e00.pdf	89	bcaeb886596d	1461x932	bb10decdfaf3	958x617	0.1376		
e-brochure-urbancruiser-ebella-20260929-092949-72706b1d6e00.pdf	89	e69e69585993	455x261	0d1efbe6f498	286x163	0.4548		
e-brochure-urbancruiser-ebella-20260929-092949-72706b1d6e00.pdf	89	0a47dca37e15	1772x1772	564dbc846214	317x317	0.2314		
e-brochure-urbancruiser-ebella-20260929-092949-72706b1d6e00.pdf	89	9d67c1017a77	338x338	564dbc846214	317x317	0.1585		
e-brochure-urbancruiser-ebella-20260929-092949-72706b1d6e00.pdf	89	019c2e793f11	468x468	564dbc846214	317x317	0.2260		
e-brochure-urbancruiser-ebella-20260929-092949-72706b1d6e00.pdf	89	8c41f0efad31	525x525	564dbc846214	317x317	0.2829		
e-brochure-urbancruiser-ebella-20260929-092949-72706b1d6e00.pdf	89	856e3e6ed174	660x660	564dbc846214	317x317	0.1868		
e-brochure-urbancruiser-ebella-20260929-092949-72706b1d6e00.pdf	89	87b480e3507e	651x654	564dbc846214	317x317	0.3382		
e-brochure-urbancruiser-ebella-20260929-092949-72706b1d6e00.pdf	89	dcbf4a1bcb22	425x425	564dbc846214	317x317	0.1864		
e-brochure-urbancruiser-ebella-20260929-092949-72706b1d6e00.pdf	89	564dbc846214	317x317	fb30df767db0	296x296	0.2039		
e-brochure-urbancruiser-ebella-20260929-092949-72706b1d6e00.pdf	89	717218c294f6	1122x1122	564dbc846214	317x317	0.3436		
e-brochure-urbancruiser-ebella-20260929-092949-72706b1d6e00.pdf	89	1eec8ccbdbe0	1335x890	c643443f6d1c	314x210	0.4763		
e-brochure-urbancruiser-ebella-20260929-092949-72706b1d6e00.pdf	89	7699cb631537	2085x1390	c643443f6d1c	314x210	0.5000		
e-brochure-urbancruiser-ebella-20260929-092949-72706b1d6e00.pdf	89	2a92af128141	1835x1127	e303d8d3ce66	424x260	0.2033		
e-brochure-urbancruiser-ebella-20260929-092949-72706b1d6e00.pdf	89	0a47dca37e15	1772x1772	9d67c1017a77	338x338	0.1895		
e-brochure-urbancruiser-ebella-20260929-092949-72706b1d6e00.pdf	89	0a47dca37e15	1772x1772	019c2e793f11	468x468	0.2487		
e-brochure-urbancruiser-ebella-20260929-092949-72706b1d6e00.pdf	89	0a47dca37e15	1772x1772	8c41f0efad31	525x525	0.2030		
e-brochure-urbancruiser-ebella-20260929-092949-72706b1d6e00.pdf	89	0a47dca37e15	1772x1772	856e3e6ed174	660x660	0.1449		
e-brochure-urbancruiser-ebella-20260929-092949-72706b1d6e00.pdf	89	0a47dca37e15	1772x1772	87b480e3507e	651x654	0.2500		
e-brochure-urbancruiser-ebella-20260929-092949-72706b1d6e00.pdf	89	0a47dca37e15	1772x1772	dcbf4a1bcb22	425x425	0.1449		
e-brochure-urbancruiser-ebella-20260929-092949-72706b1d6e00.pdf	89	0a47dca37e15	1772x1772	fb30df767db0	296x296	0.2252		
e-brochure-urbancruiser-ebella-20260929-092949-72706b1d6e00.pdf	89	0a47dca37e15	1772x1772	717218c294f6	1122x1122	0.2488		
e-brochure-urbancruiser-ebella-20260929-092949-72706b1d6e00.pdf	89	64f0a3d6ed30	1691x955	8a58cdaf8c34	1604x906	0.0033	0.4804	
e-brochure-urbancruiser-ebella-20260929-092949-72706b1d6e00.pdf	89	8a58cdaf8c34	1604x906	0d1efbe6f498	286x163	0.0871		
e-brochure-urbancruiser-ebella-20260929-092949-72706b1d6e00.pdf	89	64f0a3d6ed30	1691x955	0d1efbe6f498	286x163	0.0861		
e-brochure-urbancruiser-ebella-20260929-092949-72706b1d6e00.pdf	89	019c2e793f11	468x468	9d67c1017a77	338x338	0.2494		
e-brochure-urbancruiser-ebella-20260929-092949-72706b1d6e00.pdf	89	8c41f0efad31	525x525	9d67c1017a77	338x338	0.2342		
e-brochure-urbancruiser-ebella-20260929-092949-72706b1d6e00.pdf	89	856e3e6ed174	660x660	9d67c1017a77	338x338	0.1207		
e-brochure-urbancruiser-ebella-20260929-092949-72706b1d6e00.pdf	89	87b480e3507e	651x654	9d67c1017a77	338x338	0.3212		
e-brochure-urbancruiser-ebella-20260929-092949-72706b1d6e00.pdf	89	dcbf4a1bcb22	425x425	9d67c1017a77	338x338	0.1199		
e-brochure-urbancruiser-ebella-20260929-092949-72706b1d6e00.pdf	89	9d67c1017a77	338x338	fb30df767db0	296x296	0.1612		
e-brochure-urbancruiser-ebella-20260929-092949-72706b1d6e00.pdf	89	717218c294f6	1122x1122	9d67c1017a77	338x338	0.3162		
e-brochure-urbancruiser-ebella-20260929-092949-72706b1d6e00.pdf	89	8c41f0efad31	525x525	019c2e793f11	468x468	0.2837		
e-brochure-urbancruiser-ebella-20260929-092949-72706b1d6e00.pdf	89	856e3e6ed174	660x660	019c2e793f11	468x468	0.2427		
e-brochure-urbancruiser-ebella-20260929-092949-72706b1d6e00.pdf	89	87b480e3507e	651x654	019c2e793f11	468x468	0.2310		
e-brochure-urbancruiser-ebella-20260929-092949-72706b1d6e00.pdf	89	019c2e793f11	468x468	dcbf4a1bcb22	425x425	0.2433		
e-brochure-urbancruiser-ebella-20260929-092949-72706b1d6e00.pdf	89	019c2e793f11	468x468	fb30df767db0	296x296	0.2654		
e-brochure-urbancruiser-ebella-20260929-092949-72706b1d6e00.pdf	89	717218c294f6	1122x1122	019c2e793f11	468x468	0.2981		
e-brochure-urbancruiser-ebella-20260929-092949-72706b1d6e00.pdf	89	856e3e6ed174	660x660	8c41f0efad31	525x525	0.1788		
e-brochure-urbancruiser-ebella-20260929-092949-72706b1d6e00.pdf	89	87b480e3507e	651x654	8c41f0efad31	525x525	0.3183		
e-brochure-urbancruiser-ebella-20260929-092949-72706b1d6e00.pdf	89	8c41f0efad31	525x525	dcbf4a1bcb22	425x425	0.1791		
e-brochure-urbancruiser-ebella-20260929-092949-72706b1d6e00.pdf	89	8c41f0efad31	525x525	fb30df767db0	296x296	0.2422		
e-brochure-urbancruiser-ebella-20260929-092949-72706b1d6e00.pdf	89	717218c294f6	1122x1122	8c41f0efad31	525x525	0.3309		
e-brochure-urbancruiser-ebella-20260929-092949-72706b1d6e00.pdf	89	856e3e6ed174	660x660	87b480e3507e	651x654	0.3096		
e-brochure-urbancruiser-ebella-20260929-092949-72706b1d6e00.pdf	89	856e3e6ed174	660x660	dcbf4a1bcb22	425x425	0.0022	0.0525	
e-brochure-urbancruiser-ebella-20260929-092949-72706b1d6e00.pdf	89	856e3e6ed174	660x660	fb30df767db0	296x296	0.1797		
e-brochure-urbancruiser-ebella-20260929-092949-72706b1d6e00.pdf	89	717218c294f6	1122x1122	856e3e6ed174	660x660	0.3170		
e-brochure-urbancruiser-ebella-20260929-092949-72706b1d6e00.pdf	89	87b480e3507e	651x654	dcbf4a1bcb22	425x425	0.3102		
e-brochure-urbancruiser-ebella-20260929-092949-72706b1d6e00.pdf	89	87b480e3507e	651x654	fb30df767db0	296x296	0.3069		
e-brochure-urbancruiser-ebella-20260929-092949-72706b1d6e00.pdf	89	717218c294f6	1122x1122	87b480e3507e	651x654	0.3223		
e-brochure-urbancruiser-ebella-20260929-092949-72706b1d6e00.pdf	89	dcbf4a1bcb22	425x425	fb30df767db0	296x296	0.1796		
e-brochure-urbancruiser-ebella-20260929-092949-72706b1d6e00.pdf	89	717218c294f6	1122x1122	dcbf4a1bcb22	425x425	0.3175		
e-brochure-urbancruiser-ebella-20260929-092949-72706b1d6e00.pdf	89	717218c294f6	1122x1122	fb30df767db0	296x296	0.3114		
e-brochure-urbancruiser-ebella-20260929-092949-72706b1d6e00.pdf	89	7699cb631537	2085x1390	1eec8ccbdbe0	1335x890	0.0673		
e-brochure-urbancruiser-ebella-20260929-092949-72706b1d6e00.pdf	89	ebc20019ff66	289x148	8bfbefd5f971	288x147	0.0794		
e-brochure-urbancruiser-hyryder-20260929-092949-d03370344a5b.pdf	53	83a8e1928a86	2577x1144	a46deb602abe	2178x967	0.0050	0.1064	
e-brochure-urbancruiser-hyryder-20260929-092949-d03370344a5b.pdf	53	9ac9939f719e	2245x1169	8382e477cd90	327x169	0.4244		
e-brochure-urbancruiser-hyryder-20260929-092949-d03370344a5b.pdf	53	44bafa6255f4	2772x1443	9ac9939f719e	2245x1169	0.0049	0.1265	
e-brochure-urbancruiser-hyryder-20260929-092949-d03370344a5b.pdf	53	ccd0b0017668	1624x915	2aa3d4f03064	347x196	0.3934		
e-brochure-urbancruiser-hyryder-20260929-092949-d03370344a5b.pdf	53	ccd0b0017668	1624x915	5c3ec5e8c955	1608x905	0.0034	0.1304	
e-brochure-urbancruiser-hyryder-20260929-092949-d03370344a5b.pdf	53	ccd0b0017668	1624x915	eabd72cd7995	526x296	0.4547		
e-brochure-urbancruiser-hyryder-20260929-092949-d03370344a5b.pdf	53	ccd0b0017668	1624x915	8085c8ae6e90	280x158	0.5437		
e-brochure-urbancruiser-hyryder-20260929-092949-d03370344a5b.pdf	53	ccd0b0017668	1624x915	5bd8542f239f	305x172	0.4114		
e-brochure-urbancruiser-hyryder-20260929-092949-d03370344a5b.pdf	53	5c3ec5e8c955	1608x905	2aa3d4f03064	347x196	0.3931		
e-brochure-urbancruiser-hyryder-20260929-092949-d03370344a5b.pdf	53	eabd72cd7995	526x296	2aa3d4f03064	347x196	0.5282		
e-brochure-urbancruiser-hyryder-20260929-092949-d03370344a5b.pdf	53	2aa3d4f03064	347x196	8085c8ae6e90	280x158	0.2557		
e-brochure-urbancruiser-hyryder-20260929-092949-d03370344a5b.pdf	53	2aa3d4f03064	347x196	5bd8542f239f	305x172	0.3415		
e-brochure-urbancruiser-hyryder-20260929-092949-d03370344a5b.pdf	53	667d10e115f7	463x330	eaeb31106b8b	309x220	0.2931		
e-brochure-urbancruiser-hyryder-20260929-092949-d03370344a5b.pdf	53	ae8b165ab9eb	563x396	3e0b100f638e	330x230	0.4438		
e-brochure-urbancruiser-hyryder-20260929-092949-d03370344a5b.pdf	53	3e0b100f638e	330x230	1f20aa522c6d	285x197	0.3936		
e-brochure-urbancruiser-hyryder-20260929-092949-d03370344a5b.pdf	53	3e0b100f638e	330x230	2cd06698077c	261x181	0.3364		
e-brochure-urbancruiser-hyryder-20260929-092949-d03370344a5b.pdf	53	44bafa6255f4	2772x1443	8382e477cd90	327x169	0.4246		
e-brochure-urbancruiser-hyryder-20260929-092949-d03370344a5b.pdf	53	db72cf08fa9c	1388x930	c451fa463b7a	1355x908	0.0055	0.3500	
e-brochure-urbancruiser-hyryder-20260929-092949-d03370344a5b.pdf	53	6b97ae43e3d8	1506x1009	c451fa463b7a	1355x908	0.0076	0.8654	
e-brochure-urbancruiser-hyryder-20260929-092949-d03370344a5b.pdf	53	c451fa463b7a	1355x908	fc044588a25e	507x338	0.3395		
e-brochure-urbancruiser-hyryder-20260929-092949-d03370344a5b.pdf	53	d1b17ffeca3e	1655x1104	c451fa463b7a	1355x908	0.2803		
e-brochure-urbancruiser-hyryder-20260929-092949-d03370344a5b.pdf	53	c451fa463b7a	1355x908	32a80007996d	424x283	0.2824		
e-brochure-urbancruiser-hyryder-20260929-092949-d03370344a5b.pdf	53	c451fa463b7a	1355x908	ebff7aeb4851	431x287	0.3140		
e-brochure-urbancruiser-hyryder-20260929-092949-d03370344a5b.pdf	53	c451fa463b7a	1355x908	ee1b7180baa3	715x477	0.2687		
e-brochure-urbancruiser-hyryder-20260929-092949-d03370344a5b.pdf	53	c451fa463b7a	1355x908	842701cc85d1	482x322	0.3192		
e-brochure-urbancruiser-hyryder-20260929-092949-d03370344a5b.pdf	53	c451fa463b7a	1355x908	bd2d32a610ee	448x299	0.2684		
e-brochure-urbancruiser-hyryder-20260929-092949-d03370344a5b.pdf	53	c451fa463b7a	1355x908	474beec4d278	680x453	0.3484		
e-brochure-urbancruiser-hyryder-20260929-092949-d03370344a5b.pdf	53	c451fa463b7a	1355x908	9cef585a70d2	547x365	0.2902		
e-brochure-urbancruiser-hyryder-20260929-092949-d03370344a5b.pdf	53	c451fa463b7a	1355x908	b532693d2212	419x280	0.3752		
e-brochure-urbancruiser-hyryder-20260929-092949-d03370344a5b.pdf	53	c451fa463b7a	1355x908	d4e70dfd2573	531x354	0.2870		
e-brochure-urbancruiser-hyryder-20260929-092949-d03370344a5b.pdf	53	c451fa463b7a	1355x908	dc4d76746a34	520x346	0.3390		
e-brochure-urbancruiser-hyryder-20260929-092949-d03370344a5b.pdf	53	7885b5fc8a8c	1180x649	cade17a6ed85	1155x634	0.0112	0.3627	
e-brochure-urbancruiser-hyryder-20260929-092949-d03370344a5b.pdf	53	cade17a6ed85	1155x634	2e37930dd35e	433x240	0.3579		
e-brochure-urbancruiser-hyryder-20260929-092949-d03370344a5b.pdf	53	4098a89a2d2c	2839x1569	cade17a6ed85	1155x634	0.3559		
e-brochure-urbancruiser-hyryder-20260929-092949-d03370344a5b.pdf	53	cade17a6ed85	1155x634	b4ba7b3a6486	711x393	0.3578		
e-brochure-urbancruiser-hyryder-20260929-092949-d03370344a5b.pdf	53	6b97ae43e3d8	1506x1009	db72cf08fa9c	1388x930	0.0042	0.8659	
e-brochure-urbancruiser-hyryder-20260929-092949-d03370344a5b.pdf	53	db72cf08fa9c	1388x930	fc044588a25e	507x338	0.3388		
e-brochure-urbancruiser-hyryder-20260929-092949-d03370344a5b.pdf	53	d1b17ffeca3e	1655x1104	db72cf08fa9c	1388x930	0.2805		
e-brochure-urbancruiser-hyryder-20260929-092949-d03370344a5b.pdf	53	db72cf08fa9c	1388x930	32a80007996d	424x283	0.2820		
e-brochure-urbancruiser-hyryder-20260929-092949-d03370344a5b.pdf	53	db72cf08fa9c	1388x930	ebff7aeb4851	431x287	0.3141		
e-brochure-urbancruiser-hyryder-20260929-092949-d03370344a5b.pdf	53	db72cf08fa9c	1388x930	ee1b7180baa3	715x477	0.2691		
e-brochure-urbancruiser-hyryder-20260929-092949-d03370344a5b.pdf	53	db72cf08fa9c	1388x930	842701cc85d1	482x322	0.3191		
e-brochure-urbancruiser-hyryder-20260929-092949-d03370344a5b.pdf	53	db72cf08fa9c	1388x930	bd2d32a610ee	448x299	0.2688		
e-brochure-urbancruiser-hyryder-20260929-092949-d03370344a5b.pdf	53	db72cf08fa9c	1388x930	474beec4d278	680x453	0.3479		
e-brochure-urbancruiser-hyryder-20260929-092949-d03370344a5b.pdf	53	db72cf08fa9c	1388x930	9cef585a70d2	547x365	0.2905		
e-brochure-urbancruiser-hyryder-20260929-092949-d03370344a5b.pdf	53	db72cf08fa9c	1388x930	b532693d2212	419x280	0.3759		
e-brochure-urbancruiser-hyryder-20260929-092949-d03370344a5b.pdf	53	db72cf08fa9c	1388x930	d4e70dfd2573	531x354	0.2866		
e-brochure-urbancruiser-hyryder-20260929-092949-d03370344a5b.pdf	53	db72cf08fa9c	1388x930	dc4d76746a34	520x346	0.3386		
e-brochure-urbancruiser-hyryder-20260929-092949-d03370344a5b.pdf	53	7885b5fc8a8c	1180x649	2e37930dd35e	433x240	0.3572		
e-brochure-urbancruiser-hyryder-20260929-092949-d03370344a5b.pdf	53	4098a89a2d2c	2839x1569	7885b5fc8a8c	1180x649	0.3553		
e-brochure-urbancruiser-hyryder-20260929-092949-d03370344a5b.pdf	53	7885b5fc8a8c	1180x649	b4ba7b3a6486	711x393	0.3571		
e-brochure-urbancruiser-hyryder-20260929-092949-d03370344a5b.pdf	53	6b97ae43e3d8	1506x1009	fc044588a25e	507x338	0.3399		
e-brochure-urbancruiser-hyryder-20260929-092949-d03370344a5b.pdf	53	d1b17ffeca3e	1655x1104	6b97ae43e3d8	1506x1009	0.2817		
e-brochure-urbancruiser-hyryder-20260929-092949-d03370344a5b.pdf	53	6b97ae43e3d8	1506x1009	32a80007996d	424x283	0.2835		
e-brochure-urbancruiser-hyryder-20260929-092949-d03370344a5b.pdf	53	6b97ae43e3d8	1506x1009	ebff7aeb4851	431x287	0.3156		
e-brochure-urbancruiser-hyryder-20260929-092949-d03370344a5b.pdf	53	6b97ae43e3d8	1506x1009	ee1b7180baa3	715x477	0.2702		
e-brochure-urbancruiser-hyryder-20260929-092949-d03370344a5b.pdf	53	6b97ae43e3d8	1506x1009	842701cc85d1	482x322	0.3206		
e-brochure-urbancruiser-hyryder-20260929-092949-d03370344a5b.pdf	53	6b97ae43e3d8	1506x1009	bd2d32a610ee	448x299	0.2696		
e-brochure-urbancruiser-hyryder-20260929-092949-d03370344a5b.pdf	53	6b97ae43e3d8	1506x1009	474beec4d278	680x453	0.3496		
e-brochure-urbancruiser-hyryder-20260929-092949-d03370344a5b.pdf	53	6b97ae43e3d8	1506x1009	9cef585a70d2	547x365	0.2909		
e-brochure-urbancruiser-hyryder-20260929-092949-d03370344a5b.pdf	53	6b97ae43e3d8	1506x1009	b532693d2212	419x280	0.3768		
e-brochure-urbancruiser-hyryder-20260929-092949-d03370344a5b.pdf	53	6b97ae43e3d8	1506x1009	d4e70dfd2573	531x354	0.2880		
e-brochure-urbancruiser-hyryder-20260929-092949-d03370344a5b.pdf	53	6b97ae43e3d8	1506x1009	dc4d76746a34	520x346	0.3403		
e-brochure-urbancruiser-hyryder-20260929-092949-d03370344a5b.pdf	53	d1b17ffeca3e	1655x1104	fc044588a25e	507x338	0.2933		
e-brochure-urbancruiser-hyryder-20260929-092949-d03370344a5b.pdf	53	fc044588a25e	507x338	32a80007996d	424x283	0.2110		
e-brochure-urbancruiser-hyryder-20260929-092949-d03370344a5b.pdf	53	fc044588a25e	507x338	ebff7aeb4851	431x287	0.1099		
e-brochure-urbancruiser-hyryder-20260929-092949-d03370344a5b.pdf	53	ee1b7180baa3	715x477	fc044588a25e	507x338	0.2788		
e-brochure-urbancruiser-hyryder-20260929-092949-d03370344a5b.pdf	53	fc044588a25e	507x338	842701cc85d1	482x322	0.1822		
e-brochure-urbancruiser-hyryder-20260929-092949-d03370344a5b.pdf	53	fc044588a25e	507x338	bd2d32a610ee	448x299	0.3150		
e-brochure-urbancruiser-hyryder-20260929-092949-d03370344a5b.pdf	53	474beec4d278	680x453	fc044588a25e	507x338	0.1127		
e-brochure-urbancruiser-hyryder-20260929-092949-d03370344a5b.pdf	53	9cef585a70d2	547x365	fc044588a25e	507x338	0.2407		
e-brochure-urbancruiser-hyryder-20260929-092949-d03370344a5b.pdf	53	fc044588a25e	507x338	b532693d2212	419x280	0.6217		
e-brochure-urbancruiser-hyryder-20260929-092949-d03370344a5b.pdf	53	d4e70dfd2573	531x354	fc044588a25e	507x338	0.2099		
e-brochure-urbancruiser-hyryder-20260929-092949-d03370344a5b.pdf	53	dc4d76746a34	520x346	fc044588a25e	507x338	0.1382		
e-brochure-urbancruiser-hyryder-20260929-092949-d03370344a5b.pdf	53	e008f10b1efb	2597x1623	dab274317942	1705x1065	0.0044	0.1627	
e-brochure-urbancruiser-hyryder-20260929-092949-d03370344a5b.pdf	53	d1b17ffeca3e	1655x1104	32a80007996d	424x283	0.2672		
e-brochure-urbancruiser-hyryder-20260929-092949-d03370344a5b.pdf	53	d1b17ffeca3e	1655x1104	ebff7aeb4851	431x287	0.2800		
e-brochure-urbancruiser-hyryder-20260929-092949-d03370344a5b.pdf	53	d1b17ffeca3e	1655x1104	ee1b7180baa3	715x477	0.1695		
e-brochure-urbancruiser-hyryder-20260929-092949-d03370344a5b.pdf	53	d1b17ffeca3e	1655x1104	842701cc85d1	482x322	0.2631		
e-brochure-urbancruiser-hyryder-20260929-092949-d03370344a5b.pdf	53	d1b17ffeca3e	1655x1104	bd2d32a610ee	448x299	0.0634		
e-brochure-urbancruiser-hyryder-20260929-092949-d03370344a5b.pdf	53	d1b17ffeca3e	1655x1104	474beec4d278	680x453	0.3042		
e-brochure-urbancruiser-hyryder-20260929-092949-d03370344a5b.pdf	53	d1b17ffeca3e	1655x1104	9cef585a70d2	547x365	0.2664		
e-brochure-urbancruiser-hyryder-20260929-092949-d03370344a5b.pdf	53	d1b17ffeca3e	1655x1104	b532693d2212	419x280	0.4020		
e-brochure-urbancruiser-hyryder-20260929-092949-d03370344a5b.pdf	53	d1b17ffeca3e	1655x1104	d4e70dfd2573	531x354	0.2591		
e-brochure-urbancruiser-hyryder-20260929-092949-d03370344a5b.pdf	53	d1b17ffeca3e	1655x1104	dc4d76746a34	520x346	0.2759		
e-brochure-urbancruiser-hyryder-20260929-092949-d03370344a5b.pdf	53	ebff7aeb4851	431x287	32a80007996d	424x283	0.2107		
e-brochure-urbancruiser-hyryder-20260929-092949-d03370344a5b.pdf	53	ee1b7180baa3	715x477	32a80007996d	424x283	0.2451		
e-brochure-urbancruiser-hyryder-20260929-092949-d03370344a5b.pdf	53	842701cc85d1	482x322	32a80007996d	424x283	0.2105		
e-brochure-urbancruiser-hyryder-20260929-092949-d03370344a5b.pdf	53	bd2d32a610ee	448x299	32a80007996d	424x283	0.2682		
e-brochure-urbancruiser-hyryder-20260929-092949-d03370344a5b.pdf	53	474beec4d278	680x453	32a80007996d	424x283	0.2204		
e-brochure-urbancruiser-hyryder-20260929-092949-d03370344a5b.pdf	53	9cef585a70d2	547x365	32a80007996d	424x283	0.2628		
e-brochure-urbancruiser-hyryder-20260929-092949-d03370344a5b.pdf	53	32a80007996d	424x283	b532693d2212	419x280	0.5058		
e-brochure-urbancruiser-hyryder-20260929-092949-d03370344a5b.pdf	53	d4e70dfd2573	531x354	32a80007996d	424x283	0.0629		
e-brochure-urbancruiser-hyryder-20260929-092949-d03370344a5b.pdf	53	dc4d76746a34	520x346	32a80007996d	424x283	0.1925		
e-brochure-urbancruiser-hyryder-20260929-092949-d03370344a5b.pdf	53	4098a89a2d2c	2839x1569	2e37930dd35e	433x240	0.0076	0.1429	
e-brochure-urbancruiser-hyryder-20260929-092949-d03370344a5b.pdf	53	b4ba7b3a6486	711x393	2e37930dd35e	433x240	0.0063	0.0973	
e-brochure-urbancruiser-hyryder-20260929-092949-d03370344a5b.pdf	53	ee1b7180baa3	715x477	ebff7aeb4851	431x287	0.2336		
e-brochure-urbancruiser-hyryder-20260929-092949-d03370344a5b.pdf	53	842701cc85d1	482x322	ebff7aeb4851	431x287	0.1983		
e-brochure-urbancruiser-hyryder-20260929-092949-d03370344a5b.pdf	53	bd2d32a610ee	448x299	ebff7aeb4851	431x287	0.2920		
e-brochure-urbancruiser-hyryder-20260929-092949-d03370344a5b.pdf	53	474beec4d278	680x453	ebff7aeb4851	431x287	0.1291		
e-brochure-urbancruiser-hyryder-20260929-092949-d03370344a5b.pdf	53	9cef585a70d2	547x365	ebff7aeb4851	431x287	0.2241		
e-brochure-urbancruiser-hyryder-20260929-092949-d03370344a5b.pdf	53	ebff7aeb4851	431x287	b532693d2212	419x280	0.5931		
e-brochure-urbancruiser-hyryder-20260929-092949-d03370344a5b.pdf	53	d4e70dfd2573	531x354	ebff7aeb4851	431x287	0.2096		
e-brochure-urbancruiser-hyryder-20260929-092949-d03370344a5b.pdf	53	dc4d76746a34	520x346	ebff7aeb4851	431x287	0.1572		
e-brochure-urbancruiser-hyryder-20260929-092949-d03370344a5b.pdf	53	ee1b7180baa3	715x477	842701cc85d1	482x322	0.2355		
e-brochure-urbancruiser-hyryder-20260929-092949-d03370344a5b.pdf	53	ee1b7180baa3	715x477	bd2d32a610ee	448x299	0.1628		
e-brochure-urbancruiser-hyryder-20260929-092949-d03370344a5b.pdf	53	ee1b7180baa3	715x477	474beec4d278	680x453	0.2854		
e-brochure-urbancruiser-hyryder-20260929-092949-d03370344a5b.pdf	53	ee1b7180baa3	715x477	9cef585a70d2	547x365	0.2423		
e-brochure-urbancruiser-hyryder-20260929-092949-d03370344a5b.pdf	53	ee1b7180baa3	715x477	b532693d2212	419x280	0.4832		
e-brochure-urbancruiser-hyryder-20260929-092949-d03370344a5b.pdf	53	ee1b7180baa3	715x477	d4e70dfd2573	531x354	0.2245		
e-brochure-urbancruiser-hyryder-20260929-092949-d03370344a5b.pdf	53	ee1b7180baa3	715x477	dc4d76746a34	520x346	0.2466		
e-brochure-urbancruiser-hyryder-20260929-092949-d03370344a5b.pdf	53	842701cc85d1	482x322	bd2d32a610ee	448x299	0.2738		
e-brochure-urbancruiser-hyryder-20260929-092949-d03370344a5b.pdf	53	474beec4d278	680x453	842701cc85d1	482x322	0.1871		
e-brochure-urbancruiser-hyryder-20260929-092949-d03370344a5b.pdf	53	9cef585a70d2	547x365	842701cc85d1	482x322	0.2265		
e-brochure-urbancruiser-hyryder-20260929-092949-d03370344a5b.pdf	53	842701cc85d1	482x322	b532693d2212	419x280	0.4971		
e-brochure-urbancruiser-hyryder-20260929-092949-d03370344a5b.pdf	53	d4e70dfd2573	531x354	842701cc85d1	482x322	0.2115		
e-brochure-urbancruiser-hyryder-20260929-092949-d03370344a5b.pdf	53	dc4d76746a34	520x346	842701cc85d1	482x322	0.1581		
e-brochure-urbancruiser-hyryder-20260929-092949-d03370344a5b.pdf	53	4098a89a2d2c	2839x1569	b4ba7b3a6486	711x393	0.0056	0.1159	
e-brochure-urbancruiser-hyryder-20260929-092949-d03370344a5b.pdf	53	474beec4d278	680x453	bd2d32a610ee	448x299	0.3279		
e-brochure-urbancruiser-hyryder-20260929-092949-d03370344a5b.pdf	53	9cef585a70d2	547x365	bd2d32a610ee	448x299	0.2821		
e-brochure-urbancruiser-hyryder-20260929-092949-d03370344a5b.pdf	53	bd2d32a610ee	448x299	b532693d2212	419x280	0.4062		
e-brochure-urbancruiser-hyryder-20260929-092949-d03370344a5b.pdf	53	d4e70dfd2573	531x354	bd2d32a610ee	448x299	0.2560		
e-brochure-urbancruiser-hyryder-20260929-092949-d03370344a5b.pdf	53	dc4d76746a34	520x346	bd2d32a610ee	448x299	0.3021		
e-brochure-urbancruiser-hyryder-20260929-092949-d03370344a5b.pdf	53	474beec4d278	680x453	9cef585a70d2	547x365	0.2297		
e-brochure-urbancruiser-hyryder-20260929-092949-d03370344a5b.pdf	53	474beec4d278	680x453	b532693d2212	419x280	0.6338		
e-brochure-urbancruiser-hyryder-20260929-092949-d03370344a5b.pdf	53	474beec4d278	680x453	d4e70dfd2573	531x354	0.2056		
e-brochure-urbancruiser-hyryder-20260929-092949-d03370344a5b.pdf	53	474beec4d278	680x453	dc4d76746a34	520x346	0.1594		
e-brochure-urbancruiser-hyryder-20260929-092949-d03370344a5b.pdf	53	9cef585a70d2	547x365	b532693d2212	419x280	0.4951		
e-brochure-urbancruiser-hyryder-20260929-092949-d03370344a5b.pdf	53	9cef585a70d2	547x365	d4e70dfd2573	531x354	0.2472		
e-brochure-urbancruiser-hyryder-20260929-092949-d03370344a5b.pdf	53	9cef585a70d2	547x365	dc4d76746a34	520x346	0.2225		
e-brochure-urbancruiser-hyryder-20260929-092949-d03370344a5b.pdf	53	d4e70dfd2573	531x354	b532693d2212	419x280	0.5148		
e-brochure-urbancruiser-hyryder-20260929-092949-d03370344a5b.pdf	53	dc4d76746a34	520x346	b532693d2212	419x280	0.5791		
e-brochure-urbancruiser-hyryder-20260929-092949-d03370344a5b.pdf	53	d4e70dfd2573	531x354	dc4d76746a34	520x346	0.1904		
e-brochure-urbancruiser-hyryder-20260929-092949-d03370344a5b.pdf	53	5c3ec5e8c955	1608x905	eabd72cd7995	526x296	0.4544		
e-brochure-urbancruiser-hyryder-20260929-092949-d03370344a5b.pdf	53	5c3ec5e8c955	1608x905	8085c8ae6e90	280x158	0.5435		
e-brochure-urbancruiser-hyryder-20260929-092949-d03370344a5b.pdf	53	5c3ec5e8c955	1608x905	5bd8542f239f	305x172	0.4109		
e-brochure-urbancruiser-hyryder-20260929-092949-d03370344a5b.pdf	53	eabd72cd7995	526x296	8085c8ae6e90	280x158	0.4858		
e-brochure-urbancruiser-hyryder-20260929-092949-d03370344a5b.pdf	53	eabd72cd7995	526x296	5bd8542f239f	305x172	0.4803		
e-brochure-urbancruiser-hyryder-20260929-092949-d03370344a5b.pdf	53	5bd8542f239f	305x172	8085c8ae6e90	280x158	0.4882		
e-brochure-urbancruiser-hyryder-20260929-092949-d03370344a5b.pdf	53	1f20aa522c6d	285x197	2cd06698077c	261x181	0.2891		
e-brochure-vellfire-20260929-092949-e7a5992f409b.pdf	17	26d37deb02a3	1423x801	12ca49d0ca53	1403x789	0.3069		
e-brochure-vellfire-20260929-092949-e7a5992f409b.pdf	17	8c07e9e9fcb4	1558x877	26d37deb02a3	1423x801	0.0068	0.6162	
e-brochure-vellfire-20260929-092949-e7a5992f409b.pdf	17	26d37deb02a3	1423x801	c03e68986548	1055x593	0.2085		
e-brochure-vellfire-20260929-092949-e7a5992f409b.pdf	17	26d37deb02a3	1423x801	79b3ec3a8d20	868x488	0.3073		
e-brochure-vellfire-20260929-092949-e7a5992f409b.pdf	17	83866598798f	1653x930	26d37deb02a3	1423x801	0.2690		
e-brochure-vellfire-20260929-092949-e7a5992f409b.pdf	17	26d37deb02a3	1423x801	d14af1bc5611	881x496	0.3076		
e-brochure-vellfire-20260929-092949-e7a5992f409b.pdf	17	8c07e9e9fcb4	1558x877	12ca49d0ca53	1403x789	0.3098		
e-brochure-vellfire-20260929-092949-e7a5992f409b.pdf	17	12ca49d0ca53	1403x789	c03e68986548	1055x593	0.2539		
e-brochure-vellfire-20260929-092949-e7a5992f409b.pdf	17	12ca49d0ca53	1403x789	79b3ec3a8d20	868x488	0.0061	0.1123	
e-brochure-vellfire-20260929-092949-e7a5992f409b.pdf	17	83866598798f	1653x930	12ca49d0ca53	1403x789	0.2819		
e-brochure-vellfire-20260929-092949-e7a5992f409b.pdf	17	12ca49d0ca53	1403x789	d14af1bc5611	881x496	0.0058	0.1319	
e-brochure-vellfire-20260929-092949-e7a5992f409b.pdf	17	8c07e9e9fcb4	1558x877	c03e68986548	1055x593	0.2111		
e-brochure-vellfire-20260929-092949-e7a5992f409b.pdf	17	8c07e9e9fcb4	1558x877	79b3ec3a8d20	868x488	0.3102		
e-brochure-vellfire-20260929-092949-e7a5992f409b.pdf	17	83866598798f	1653x930	8c07e9e9fcb4	1558x877	0.2709		
e-brochure-vellfire-20260929-092949-e7a5992f409b.pdf	17	8c07e9e9fcb4	1558x877	d14af1bc5611	881x496	0.3104		
e-brochure-vellfire-20260929-092949-e7a5992f409b.pdf	17	c03e68986548	1055x593	79b3ec3a8d20	868x488	0.2538		
e-brochure-vellfire-20260929-092949-e7a5992f409b.pdf	17	83866598798f	1653x930	c03e68986548	1055x593	0.2696		
e-brochure-vellfire-20260929-092949-e7a5992f409b.pdf	17	c03e68986548	1055x593	d14af1bc5611	881x496	0.2540		
e-brochure-vellfire-20260929-092949-e7a5992f409b.pdf	17	83866598798f	1653x930	79b3ec3a8d20	868x488	0.2816		
e-brochure-vellfire-20260929-092949-e7a5992f409b.pdf	17	d14af1bc5611	881x496	79b3ec3a8d20	868x488	0.0045	0.1561	
e-brochure-vellfire-20260929-092949-e7a5992f409b.pdf	17	83866598798f	1653x930	d14af1bc5611	881x496	0.2818		
e-brochure-vellfire-20260929-092949-e7a5992f409b.pdf	17	3d2a560f5418	1065x799	877dbfd03578	853x640	0.2131		
e-brochure-vellfire-20260929-092949-e7a5992f409b.pdf	17	1d914bd855af	896x570	8d58be2b1430	892x568	0.2680		
India_Pharma_Manufacturing_MFR_BMR_Sample_Pack-20260929-085246-cbdd6870e0b8.pdf	12	ea2b35d0fd36	1498x1547	5b2f5b37b901	1498x1547	0.0065	1.0000	
India_Pharma_Manufacturing_MFR_BMR_Sample_Pack-20260929-085246-cbdd6870e0b8.pdf	12	ea2b35d0fd36	1498x1547	994068a24707	1498x1547	0.0063	1.0000	
India_Pharma_Manufacturing_MFR_BMR_Sample_Pack-20260929-085246-cbdd6870e0b8.pdf	12	ea2b35d0fd36	1498x1547	43d7f0753680	1498x1547	0.0064	1.0000	
India_Pharma_Manufacturing_MFR_BMR_Sample_Pack-20260929-085246-cbdd6870e0b8.pdf	12	ea2b35d0fd36	1498x1547	ba72543cecf7	1498x1547	0.0062	1.0000	
India_Pharma_Manufacturing_MFR_BMR_Sample_Pack-20260929-085246-cbdd6870e0b8.pdf	12	5b2f5b37b901	1498x1547	994068a24707	1498x1547	0.0063	1.0000	
India_Pharma_Manufacturing_MFR_BMR_Sample_Pack-20260929-085246-cbdd6870e0b8.pdf	12	5b2f5b37b901	1498x1547	43d7f0753680	1498x1547	0.0062	1.0000	
India_Pharma_Manufacturing_MFR_BMR_Sample_Pack-20260929-085246-cbdd6870e0b8.pdf	12	5b2f5b37b901	1498x1547	ba72543cecf7	1498x1547	0.0073	1.0000	
India_Pharma_Manufacturing_MFR_BMR_Sample_Pack-20260929-085246-cbdd6870e0b8.pdf	12	994068a24707	1498x1547	43d7f0753680	1498x1547	0.0063	1.0000	
India_Pharma_Manufacturing_MFR_BMR_Sample_Pack-20260929-085246-cbdd6870e0b8.pdf	12	994068a24707	1498x1547	ba72543cecf7	1498x1547	0.0062	1.0000	
India_Pharma_Manufacturing_MFR_BMR_Sample_Pack-20260929-085246-cbdd6870e0b8.pdf	12	43d7f0753680	1498x1547	ba72543cecf7	1498x1547	0.0092	1.0000	
innova-crysta-a4-acc-bro-4pg-2026-20260929-092949-fdc2e9f131b5.pdf	47	9897ac5b7299	2430x1946	754a72028cbc	2036x1631	0.0038	0.1402	
innova-crysta-a4-acc-bro-4pg-2026-20260929-092949-fdc2e9f131b5.pdf	47	40f8b1051d22	416x278	4ba39d9c8689	345x230	0.0591		
innova-crysta-a4-acc-bro-4pg-2026-20260929-092949-fdc2e9f131b5.pdf	47	b6ff766425bc	387x258	4ba39d9c8689	345x230	0.0653		
innova-crysta-a4-acc-bro-4pg-2026-20260929-092949-fdc2e9f131b5.pdf	47	4ba39d9c8689	345x230	7796f4553fad	278x185	0.1084		
innova-crysta-a4-acc-bro-4pg-2026-20260929-092949-fdc2e9f131b5.pdf	47	4ba39d9c8689	345x230	613aa35c44e2	278x185	0.1297		
innova-crysta-a4-acc-bro-4pg-2026-20260929-092949-fdc2e9f131b5.pdf	47	4ba39d9c8689	345x230	2ef8a1677403	278x185	0.1251		
innova-crysta-a4-acc-bro-4pg-2026-20260929-092949-fdc2e9f131b5.pdf	47	70cc91f9b360	456x304	4ba39d9c8689	345x230	0.4395		
innova-crysta-a4-acc-bro-4pg-2026-20260929-092949-fdc2e9f131b5.pdf	47	ec6e0ea38305	420x280	4ba39d9c8689	345x230	0.2425		
innova-crysta-a4-acc-bro-4pg-2026-20260929-092949-fdc2e9f131b5.pdf	47	912844810afb	419x279	4ba39d9c8689	345x230	0.3425		
innova-crysta-a4-acc-bro-4pg-2026-20260929-092949-fdc2e9f131b5.pdf	47	75ec641ec63a	418x279	4ba39d9c8689	345x230	0.2281		
innova-crysta-a4-acc-bro-4pg-2026-20260929-092949-fdc2e9f131b5.pdf	47	4ba39d9c8689	345x230	ac43b5458e3e	288x192	0.1939		
innova-crysta-a4-acc-bro-4pg-2026-20260929-092949-fdc2e9f131b5.pdf	47	f8b794832e9b	420x280	4ba39d9c8689	345x230	0.1991		
innova-crysta-a4-acc-bro-4pg-2026-20260929-092949-fdc2e9f131b5.pdf	47	ac738e88907c	351x234	4ba39d9c8689	345x230	0.1506		
innova-crysta-a4-acc-bro-4pg-2026-20260929-092949-fdc2e9f131b5.pdf	47	da8bde851dc5	351x234	4ba39d9c8689	345x230	0.1297		
innova-crysta-a4-acc-bro-4pg-2026-20260929-092949-fdc2e9f131b5.pdf	47	b906ce2ca47b	593x396	4ba39d9c8689	345x230	0.3293		
innova-crysta-a4-acc-bro-4pg-2026-20260929-092949-fdc2e9f131b5.pdf	47	dece132339ff	421x281	4ba39d9c8689	345x230	0.2761		
innova-crysta-a4-acc-bro-4pg-2026-20260929-092949-fdc2e9f131b5.pdf	47	bd0041ec0f54	419x279	4ba39d9c8689	345x230	0.3383		
innova-crysta-a4-acc-bro-4pg-2026-20260929-092949-fdc2e9f131b5.pdf	47	eb92d04abbfc	420x280	4ba39d9c8689	345x230	0.2008		
innova-crysta-a4-acc-bro-4pg-2026-20260929-092949-fdc2e9f131b5.pdf	47	8903ffe0a2a8	1009x673	4ba39d9c8689	345x230	0.5615		
innova-crysta-a4-acc-bro-4pg-2026-20260929-092949-fdc2e9f131b5.pdf	47	9d9e9615516a	543x362	4ba39d9c8689	345x230	0.2740		
innova-crysta-a4-acc-bro-4pg-2026-20260929-092949-fdc2e9f131b5.pdf	47	677888f1fbbe	987x658	4ba39d9c8689	345x230	0.3177		
innova-crysta-a4-acc-bro-4pg-2026-20260929-092949-fdc2e9f131b5.pdf	47	b9c473d9e3e5	547x365	4ba39d9c8689	345x230	0.5647		
innova-crysta-a4-acc-bro-4pg-2026-20260929-092949-fdc2e9f131b5.pdf	47	501202932430	566x377	4ba39d9c8689	345x230	0.4305		
innova-crysta-a4-acc-bro-4pg-2026-20260929-092949-fdc2e9f131b5.pdf	47	593ff73a81c5	415x277	4ba39d9c8689	345x230	0.3438		
innova-crysta-a4-acc-bro-4pg-2026-20260929-092949-fdc2e9f131b5.pdf	47	48e2da3b179f	543x362	4ba39d9c8689	345x230	0.3994		
innova-crysta-a4-acc-bro-4pg-2026-20260929-092949-fdc2e9f131b5.pdf	47	e0e4b2d0264f	540x360	4ba39d9c8689	345x230	0.3207		
innova-crysta-a4-acc-bro-4pg-2026-20260929-092949-fdc2e9f131b5.pdf	47	a0033831c8e8	599x400	4ba39d9c8689	345x230	0.3064		
innova-crysta-a4-acc-bro-4pg-2026-20260929-092949-fdc2e9f131b5.pdf	47	6ccbb1c9bc0f	554x370	4ba39d9c8689	345x230	0.3835		
innova-crysta-a4-acc-bro-4pg-2026-20260929-092949-fdc2e9f131b5.pdf	47	23757b5307b8	552x368	4ba39d9c8689	345x230	0.2364		
innova-crysta-a4-acc-bro-4pg-2026-20260929-092949-fdc2e9f131b5.pdf	47	dca27cc94acc	570x380	4ba39d9c8689	345x230	0.2378		
innova-crysta-a4-acc-bro-4pg-2026-20260929-092949-fdc2e9f131b5.pdf	47	490de90fc37c	623x416	4ba39d9c8689	345x230	0.4483		
innova-crysta-a4-acc-bro-4pg-2026-20260929-092949-fdc2e9f131b5.pdf	47	203e3a2cefeb	534x356	4ba39d9c8689	345x230	0.4243		
innova-crysta-a4-acc-bro-4pg-2026-20260929-092949-fdc2e9f131b5.pdf	47	f93721686083	633x422	4ba39d9c8689	345x230	0.5224		
innova-crysta-a4-acc-bro-4pg-2026-20260929-092949-fdc2e9f131b5.pdf	47	33033b458850	611x408	4ba39d9c8689	345x230	0.3799		
innova-crysta-a4-acc-bro-4pg-2026-20260929-092949-fdc2e9f131b5.pdf	47	5f4e91e78b1e	554x370	4ba39d9c8689	345x230	0.4967		
innova-crysta-a4-acc-bro-4pg-2026-20260929-092949-fdc2e9f131b5.pdf	47	5da42534c5dc	589x393	4ba39d9c8689	345x230	0.3945		
innova-crysta-a4-acc-bro-4pg-2026-20260929-092949-fdc2e9f131b5.pdf	47	758576f11584	611x408	4ba39d9c8689	345x230	0.4912		
innova-crysta-a4-acc-bro-4pg-2026-20260929-092949-fdc2e9f131b5.pdf	47	9d7a91ee0c08	712x475	4ba39d9c8689	345x230	0.4812		
innova-crysta-a4-acc-bro-4pg-2026-20260929-092949-fdc2e9f131b5.pdf	47	aee15b37da7e	574x382	4ba39d9c8689	345x230	0.4721		
innova-crysta-a4-acc-bro-4pg-2026-20260929-092949-fdc2e9f131b5.pdf	47	9a425f9d6a72	434x290	4ba39d9c8689	345x230	0.4199		
innova-crysta-a4-acc-bro-4pg-2026-20260929-092949-fdc2e9f131b5.pdf	47	66c1a0134767	533x355	4ba39d9c8689	345x230	0.5413		
innova-crysta-a4-acc-bro-4pg-2026-20260929-092949-fdc2e9f131b5.pdf	47	6dde1f50bfbc	867x578	4ba39d9c8689	345x230	0.4446		
innova-crysta-a4-acc-bro-4pg-2026-20260929-092949-fdc2e9f131b5.pdf	47	40f8b1051d22	416x278	b6ff766425bc	387x258	0.0559		
innova-crysta-a4-acc-bro-4pg-2026-20260929-092949-fdc2e9f131b5.pdf	47	40f8b1051d22	416x278	7796f4553fad	278x185	0.1098		
innova-crysta-a4-acc-bro-4pg-2026-20260929-092949-fdc2e9f131b5.pdf	47	40f8b1051d22	416x278	613aa35c44e2	278x185	0.1276		
innova-crysta-a4-acc-bro-4pg-2026-20260929-092949-fdc2e9f131b5.pdf	47	40f8b1051d22	416x278	2ef8a1677403	278x185	0.1241		
innova-crysta-a4-acc-bro-4pg-2026-20260929-092949-fdc2e9f131b5.pdf	47	70cc91f9b360	456x304	40f8b1051d22	416x278	0.4441		
innova-crysta-a4-acc-bro-4pg-2026-20260929-092949-fdc2e9f131b5.pdf	47	ec6e0ea38305	420x280	40f8b1051d22	416x278	0.2327		
innova-crysta-a4-acc-bro-4pg-2026-20260929-092949-fdc2e9f131b5.pdf	47	912844810afb	419x279	40f8b1051d22	416x278	0.3577		
innova-crysta-a4-acc-bro-4pg-2026-20260929-092949-fdc2e9f131b5.pdf	47	75ec641ec63a	418x279	40f8b1051d22	416x278	0.2425		
innova-crysta-a4-acc-bro-4pg-2026-20260929-092949-fdc2e9f131b5.pdf	47	40f8b1051d22	416x278	ac43b5458e3e	288x192	0.1806		
innova-crysta-a4-acc-bro-4pg-2026-20260929-092949-fdc2e9f131b5.pdf	47	f8b794832e9b	420x280	40f8b1051d22	416x278	0.1880		
innova-crysta-a4-acc-bro-4pg-2026-20260929-092949-fdc2e9f131b5.pdf	47	40f8b1051d22	416x278	ac738e88907c	351x234	0.1470		
innova-crysta-a4-acc-bro-4pg-2026-20260929-092949-fdc2e9f131b5.pdf	47	40f8b1051d22	416x278	da8bde851dc5	351x234	0.1342		
innova-crysta-a4-acc-bro-4pg-2026-20260929-092949-fdc2e9f131b5.pdf	47	b906ce2ca47b	593x396	40f8b1051d22	416x278	0.3322		
innova-crysta-a4-acc-bro-4pg-2026-20260929-092949-fdc2e9f131b5.pdf	47	dece132339ff	421x281	40f8b1051d22	416x278	0.2829		
innova-crysta-a4-acc-bro-4pg-2026-20260929-092949-fdc2e9f131b5.pdf	47	bd0041ec0f54	419x279	40f8b1051d22	416x278	0.3535		
innova-crysta-a4-acc-bro-4pg-2026-20260929-092949-fdc2e9f131b5.pdf	47	eb92d04abbfc	420x280	40f8b1051d22	416x278	0.2030		
innova-crysta-a4-acc-bro-4pg-2026-20260929-092949-fdc2e9f131b5.pdf	47	8903ffe0a2a8	1009x673	40f8b1051d22	416x278	0.5658		
innova-crysta-a4-acc-bro-4pg-2026-20260929-092949-fdc2e9f131b5.pdf	47	9d9e9615516a	543x362	40f8b1051d22	416x278	0.2675		
innova-crysta-a4-acc-bro-4pg-2026-20260929-092949-fdc2e9f131b5.pdf	47	677888f1fbbe	987x658	40f8b1051d22	416x278	0.3115		
innova-crysta-a4-acc-bro-4pg-2026-20260929-092949-fdc2e9f131b5.pdf	47	b9c473d9e3e5	547x365	40f8b1051d22	416x278	0.5688		
innova-crysta-a4-acc-bro-4pg-2026-20260929-092949-fdc2e9f131b5.pdf	47	501202932430	566x377	40f8b1051d22	416x278	0.4388		
innova-crysta-a4-acc-bro-4pg-2026-20260929-092949-fdc2e9f131b5.pdf	47	40f8b1051d22	416x278	593ff73a81c5	415x277	0.3457		
innova-crysta-a4-acc-bro-4pg-2026-20260929-092949-fdc2e9f131b5.pdf	47	48e2da3b179f	543x362	40f8b1051d22	416x278	0.4050		
innova-crysta-a4-acc-bro-4pg-2026-20260929-092949-fdc2e9f131b5.pdf	47	e0e4b2d0264f	540x360	40f8b1051d22	416x278	0.3230		
innova-crysta-a4-acc-bro-4pg-2026-20260929-092949-fdc2e9f131b5.pdf	47	a0033831c8e8	599x400	40f8b1051d22	416x278	0.2952		
innova-crysta-a4-acc-bro-4pg-2026-20260929-092949-fdc2e9f131b5.pdf	47	6ccbb1c9bc0f	554x370	40f8b1051d22	416x278	0.3896		
innova-crysta-a4-acc-bro-4pg-2026-20260929-092949-fdc2e9f131b5.pdf	47	23757b5307b8	552x368	40f8b1051d22	416x278	0.2464		
innova-crysta-a4-acc-bro-4pg-2026-20260929-092949-fdc2e9f131b5.pdf	47	dca27cc94acc	570x380	40f8b1051d22	416x278	0.2461		
innova-crysta-a4-acc-bro-4pg-2026-20260929-092949-fdc2e9f131b5.pdf	47	490de90fc37c	623x416	40f8b1051d22	416x278	0.4499		
innova-crysta-a4-acc-bro-4pg-2026-20260929-092949-fdc2e9f131b5.pdf	47	203e3a2cefeb	534x356	40f8b1051d22	416x278	0.4296		
innova-crysta-a4-acc-bro-4pg-2026-20260929-092949-fdc2e9f131b5.pdf	47	f93721686083	633x422	40f8b1051d22	416x278	0.5254		
innova-crysta-a4-acc-bro-4pg-2026-20260929-092949-fdc2e9f131b5.pdf	47	33033b458850	611x408	40f8b1051d22	416x278	0.3851		
innova-crysta-a4-acc-bro-4pg-2026-20260929-092949-fdc2e9f131b5.pdf	47	5f4e91e78b1e	554x370	40f8b1051d22	416x278	0.4985		
innova-crysta-a4-acc-bro-4pg-2026-20260929-092949-fdc2e9f131b5.pdf	47	5da42534c5dc	589x393	40f8b1051d22	416x278	0.4048		
innova-crysta-a4-acc-bro-4pg-2026-20260929-092949-fdc2e9f131b5.pdf	47	758576f11584	611x408	40f8b1051d22	416x278	0.4984		
innova-crysta-a4-acc-bro-4pg-2026-20260929-092949-fdc2e9f131b5.pdf	47	9d7a91ee0c08	712x475	40f8b1051d22	416x278	0.4810		
innova-crysta-a4-acc-bro-4pg-2026-20260929-092949-fdc2e9f131b5.pdf	47	aee15b37da7e	574x382	40f8b1051d22	416x278	0.4748		
innova-crysta-a4-acc-bro-4pg-2026-20260929-092949-fdc2e9f131b5.pdf	47	9a425f9d6a72	434x290	40f8b1051d22	416x278	0.4292		
innova-crysta-a4-acc-bro-4pg-2026-20260929-092949-fdc2e9f131b5.pdf	47	66c1a0134767	533x355	40f8b1051d22	416x278	0.5462		
innova-crysta-a4-acc-bro-4pg-2026-20260929-092949-fdc2e9f131b5.pdf	47	6dde1f50bfbc	867x578	40f8b1051d22	416x278	0.4423		
innova-crysta-a4-acc-bro-4pg-2026-20260929-092949-fdc2e9f131b5.pdf	47	b6ff766425bc	387x258	7796f4553fad	278x185	0.1291		
innova-crysta-a4-acc-bro-4pg-2026-20260929-092949-fdc2e9f131b5.pdf	47	b6ff766425bc	387x258	613aa35c44e2	278x185	0.1499		
innova-crysta-a4-acc-bro-4pg-2026-20260929-092949-fdc2e9f131b5.pdf	47	b6ff766425bc	387x258	2ef8a1677403	278x185	0.1469		
innova-crysta-a4-acc-bro-4pg-2026-20260929-092949-fdc2e9f131b5.pdf	47	70cc91f9b360	456x304	b6ff766425bc	387x258	0.4621		
innova-crysta-a4-acc-bro-4pg-2026-20260929-092949-fdc2e9f131b5.pdf	47	ec6e0ea38305	420x280	b6ff766425bc	387x258	0.2294		
innova-crysta-a4-acc-bro-4pg-2026-20260929-092949-fdc2e9f131b5.pdf	47	912844810afb	419x279	b6ff766425bc	387x258	0.3288		
innova-crysta-a4-acc-bro-4pg-2026-20260929-092949-fdc2e9f131b5.pdf	47	75ec641ec63a	418x279	b6ff766425bc	387x258	0.2465		
innova-crysta-a4-acc-bro-4pg-2026-20260929-092949-fdc2e9f131b5.pdf	47	b6ff766425bc	387x258	ac43b5458e3e	288x192	0.1885		
innova-crysta-a4-acc-bro-4pg-2026-20260929-092949-fdc2e9f131b5.pdf	47	f8b794832e9b	420x280	b6ff766425bc	387x258	0.2007		
innova-crysta-a4-acc-bro-4pg-2026-20260929-092949-fdc2e9f131b5.pdf	47	b6ff766425bc	387x258	ac738e88907c	351x234	0.1234		
innova-crysta-a4-acc-bro-4pg-2026-20260929-092949-fdc2e9f131b5.pdf	47	b6ff766425bc	387x258	da8bde851dc5	351x234	0.1222		
innova-crysta-a4-acc-bro-4pg-2026-20260929-092949-fdc2e9f131b5.pdf	47	b906ce2ca47b	593x396	b6ff766425bc	387x258	0.3483		
innova-crysta-a4-acc-bro-4pg-2026-20260929-092949-fdc2e9f131b5.pdf	47	dece132339ff	421x281	b6ff766425bc	387x258	0.2902		
innova-crysta-a4-acc-bro-4pg-2026-20260929-092949-fdc2e9f131b5.pdf	47	bd0041ec0f54	419x279	b6ff766425bc	387x258	0.3247		
innova-crysta-a4-acc-bro-4pg-2026-20260929-092949-fdc2e9f131b5.pdf	47	eb92d04abbfc	420x280	b6ff766425bc	387x258	0.1848		
innova-crysta-a4-acc-bro-4pg-2026-20260929-092949-fdc2e9f131b5.pdf	47	8903ffe0a2a8	1009x673	b6ff766425bc	387x258	0.5756		
innova-crysta-a4-acc-bro-4pg-2026-20260929-092949-fdc2e9f131b5.pdf	47	9d9e9615516a	543x362	b6ff766425bc	387x258	0.2913		
innova-crysta-a4-acc-bro-4pg-2026-20260929-092949-fdc2e9f131b5.pdf	47	677888f1fbbe	987x658	b6ff766425bc	387x258	0.3315		
innova-crysta-a4-acc-bro-4pg-2026-20260929-092949-fdc2e9f131b5.pdf	47	b9c473d9e3e5	547x365	b6ff766425bc	387x258	0.5856		
innova-crysta-a4-acc-bro-4pg-2026-20260929-092949-fdc2e9f131b5.pdf	47	501202932430	566x377	b6ff766425bc	387x258	0.4516		
innova-crysta-a4-acc-bro-4pg-2026-20260929-092949-fdc2e9f131b5.pdf	47	593ff73a81c5	415x277	b6ff766425bc	387x258	0.3618		
innova-crysta-a4-acc-bro-4pg-2026-20260929-092949-fdc2e9f131b5.pdf	47	48e2da3b179f	543x362	b6ff766425bc	387x258	0.4142		
innova-crysta-a4-acc-bro-4pg-2026-20260929-092949-fdc2e9f131b5.pdf	47	e0e4b2d0264f	540x360	b6ff766425bc	387x258	0.3387		
innova-crysta-a4-acc-bro-4pg-2026-20260929-092949-fdc2e9f131b5.pdf	47	a0033831c8e8	599x400	b6ff766425bc	387x258	0.3205		
innova-crysta-a4-acc-bro-4pg-2026-20260929-092949-fdc2e9f131b5.pdf	47	6ccbb1c9bc0f	554x370	b6ff766425bc	387x258	0.3799		
innova-crysta-a4-acc-bro-4pg-2026-20260929-092949-fdc2e9f131b5.pdf	47	23757b5307b8	552x368	b6ff766425bc	387x258	0.2433		
innova-crysta-a4-acc-bro-4pg-2026-20260929-092949-fdc2e9f131b5.pdf	47	dca27cc94acc	570x380	b6ff766425bc	387x258	0.2239		
innova-crysta-a4-acc-bro-4pg-2026-20260929-092949-fdc2e9f131b5.pdf	47	490de90fc37c	623x416	b6ff766425bc	387x258	0.4693		
innova-crysta-a4-acc-bro-4pg-2026-20260929-092949-fdc2e9f131b5.pdf	47	203e3a2cefeb	534x356	b6ff766425bc	387x258	0.4469		
innova-crysta-a4-acc-bro-4pg-2026-20260929-092949-fdc2e9f131b5.pdf	47	f93721686083	633x422	b6ff766425bc	387x258	0.5366		
innova-crysta-a4-acc-bro-4pg-2026-20260929-092949-fdc2e9f131b5.pdf	47	33033b458850	611x408	b6ff766425bc	387x258	0.3971		
innova-crysta-a4-acc-bro-4pg-2026-20260929-092949-fdc2e9f131b5.pdf	47	5f4e91e78b1e	554x370	b6ff766425bc	387x258	0.5127		
innova-crysta-a4-acc-bro-4pg-2026-20260929-092949-fdc2e9f131b5.pdf	47	5da42534c5dc	589x393	b6ff766425bc	387x258	0.3925		
innova-crysta-a4-acc-bro-4pg-2026-20260929-092949-fdc2e9f131b5.pdf	47	758576f11584	611x408	b6ff766425bc	387x258	0.5096		
innova-crysta-a4-acc-bro-4pg-2026-20260929-092949-fdc2e9f131b5.pdf	47	9d7a91ee0c08	712x475	b6ff766425bc	387x258	0.4987		
innova-crysta-a4-acc-bro-4pg-2026-20260929-092949-fdc2e9f131b5.pdf	47	aee15b37da7e	574x382	b6ff766425bc	387x258	0.4921		
innova-crysta-a4-acc-bro-4pg-2026-20260929-092949-fdc2e9f131b5.pdf	47	9a425f9d6a72	434x290	b6ff766425bc	387x258	0.4272		
innova-crysta-a4-acc-bro-4pg-2026-20260929-092949-fdc2e9f131b5.pdf	47	66c1a0134767	533x355	b6ff766425bc	387x258	0.5549		
innova-crysta-a4-acc-bro-4pg-2026-20260929-092949-fdc2e9f131b5.pdf	47	6dde1f50bfbc	867x578	b6ff766425bc	387x258	0.4663		
innova-crysta-a4-acc-bro-4pg-2026-20260929-092949-fdc2e9f131b5.pdf	47	7796f4553fad	278x185	613aa35c44e2	278x185	0.0340		
innova-crysta-a4-acc-bro-4pg-2026-20260929-092949-fdc2e9f131b5.pdf	47	7796f4553fad	278x185	2ef8a1677403	278x185	0.0256		
innova-crysta-a4-acc-bro-4pg-2026-20260929-092949-fdc2e9f131b5.pdf	47	70cc91f9b360	456x304	7796f4553fad	278x185	0.4220		
innova-crysta-a4-acc-bro-4pg-2026-20260929-092949-fdc2e9f131b5.pdf	47	ec6e0ea38305	420x280	7796f4553fad	278x185	0.2329		
innova-crysta-a4-acc-bro-4pg-2026-20260929-092949-fdc2e9f131b5.pdf	47	912844810afb	419x279	7796f4553fad	278x185	0.3484		
innova-crysta-a4-acc-bro-4pg-2026-20260929-092949-fdc2e9f131b5.pdf	47	75ec641ec63a	418x279	7796f4553fad	278x185	0.2480		
innova-crysta-a4-acc-bro-4pg-2026-20260929-092949-fdc2e9f131b5.pdf	47	ac43b5458e3e	288x192	7796f4553fad	278x185	0.1757		
innova-crysta-a4-acc-bro-4pg-2026-20260929-092949-fdc2e9f131b5.pdf	47	f8b794832e9b	420x280	7796f4553fad	278x185	0.1951		
innova-crysta-a4-acc-bro-4pg-2026-20260929-092949-fdc2e9f131b5.pdf	47	ac738e88907c	351x234	7796f4553fad	278x185	0.1472		
innova-crysta-a4-acc-bro-4pg-2026-20260929-092949-fdc2e9f131b5.pdf	47	da8bde851dc5	351x234	7796f4553fad	278x185	0.1375		
innova-crysta-a4-acc-bro-4pg-2026-20260929-092949-fdc2e9f131b5.pdf	47	b906ce2ca47b	593x396	7796f4553fad	278x185	0.2805		
innova-crysta-a4-acc-bro-4pg-2026-20260929-092949-fdc2e9f131b5.pdf	47	dece132339ff	421x281	7796f4553fad	278x185	0.2566		
innova-crysta-a4-acc-bro-4pg-2026-20260929-092949-fdc2e9f131b5.pdf	47	bd0041ec0f54	419x279	7796f4553fad	278x185	0.3441		
innova-crysta-a4-acc-bro-4pg-2026-20260929-092949-fdc2e9f131b5.pdf	47	eb92d04abbfc	420x280	7796f4553fad	278x185	0.2382		
innova-crysta-a4-acc-bro-4pg-2026-20260929-092949-fdc2e9f131b5.pdf	47	8903ffe0a2a8	1009x673	7796f4553fad	278x185	0.5577		
innova-crysta-a4-acc-bro-4pg-2026-20260929-092949-fdc2e9f131b5.pdf	47	9d9e9615516a	543x362	7796f4553fad	278x185	0.2732		
innova-crysta-a4-acc-bro-4pg-2026-20260929-092949-fdc2e9f131b5.pdf	47	677888f1fbbe	987x658	7796f4553fad	278x185	0.3148		
innova-crysta-a4-acc-bro-4pg-2026-20260929-092949-fdc2e9f131b5.pdf	47	b9c473d9e3e5	547x365	7796f4553fad	278x185	0.5574		
innova-crysta-a4-acc-bro-4pg-2026-20260929-092949-fdc2e9f131b5.pdf	47	501202932430	566x377	7796f4553fad	278x185	0.4276		
innova-crysta-a4-acc-bro-4pg-2026-20260929-092949-fdc2e9f131b5.pdf	47	593ff73a81c5	415x277	7796f4553fad	278x185	0.3423		
innova-crysta-a4-acc-bro-4pg-2026-20260929-092949-fdc2e9f131b5.pdf	47	48e2da3b179f	543x362	7796f4553fad	278x185	0.3724		
innova-crysta-a4-acc-bro-4pg-2026-20260929-092949-fdc2e9f131b5.pdf	47	e0e4b2d0264f	540x360	7796f4553fad	278x185	0.3167		
innova-crysta-a4-acc-bro-4pg-2026-20260929-092949-fdc2e9f131b5.pdf	47	a0033831c8e8	599x400	7796f4553fad	278x185	0.3117		
innova-crysta-a4-acc-bro-4pg-2026-20260929-092949-fdc2e9f131b5.pdf	47	6ccbb1c9bc0f	554x370	7796f4553fad	278x185	0.3932		
innova-crysta-a4-acc-bro-4pg-2026-20260929-092949-fdc2e9f131b5.pdf	47	23757b5307b8	552x368	7796f4553fad	278x185	0.2583		
innova-crysta-a4-acc-bro-4pg-2026-20260929-092949-fdc2e9f131b5.pdf	47	dca27cc94acc	570x380	7796f4553fad	278x185	0.2591		
innova-crysta-a4-acc-bro-4pg-2026-20260929-092949-fdc2e9f131b5.pdf	47	490de90fc37c	623x416	7796f4553fad	278x185	0.4060		
innova-crysta-a4-acc-bro-4pg-2026-20260929-092949-fdc2e9f131b5.pdf	47	203e3a2cefeb	534x356	7796f4553fad	278x185	0.4245		
innova-crysta-a4-acc-bro-4pg-2026-20260929-092949-fdc2e9f131b5.pdf	47	f93721686083	633x422	7796f4553fad	278x185	0.5408		
innova-crysta-a4-acc-bro-4pg-2026-20260929-092949-fdc2e9f131b5.pdf	47	33033b458850	611x408	7796f4553fad	278x185	0.3877		
innova-crysta-a4-acc-bro-4pg-2026-20260929-092949-fdc2e9f131b5.pdf	47	5f4e91e78b1e	554x370	7796f4553fad	278x185	0.4958		
innova-crysta-a4-acc-bro-4pg-2026-20260929-092949-fdc2e9f131b5.pdf	47	5da42534c5dc	589x393	7796f4553fad	278x185	0.4066		
innova-crysta-a4-acc-bro-4pg-2026-20260929-092949-fdc2e9f131b5.pdf	47	758576f11584	611x408	7796f4553fad	278x185	0.5025		
innova-crysta-a4-acc-bro-4pg-2026-20260929-092949-fdc2e9f131b5.pdf	47	9d7a91ee0c08	712x475	7796f4553fad	278x185	0.4421		
innova-crysta-a4-acc-bro-4pg-2026-20260929-092949-fdc2e9f131b5.pdf	47	aee15b37da7e	574x382	7796f4553fad	278x185	0.4605		
innova-crysta-a4-acc-bro-4pg-2026-20260929-092949-fdc2e9f131b5.pdf	47	9a425f9d6a72	434x290	7796f4553fad	278x185	0.4192		
innova-crysta-a4-acc-bro-4pg-2026-20260929-092949-fdc2e9f131b5.pdf	47	66c1a0134767	533x355	7796f4553fad	278x185	0.5603		
innova-crysta-a4-acc-bro-4pg-2026-20260929-092949-fdc2e9f131b5.pdf	47	6dde1f50bfbc	867x578	7796f4553fad	278x185	0.4397		
innova-crysta-a4-acc-bro-4pg-2026-20260929-092949-fdc2e9f131b5.pdf	47	613aa35c44e2	278x185	2ef8a1677403	278x185	0.0176	0.2223	
innova-crysta-a4-acc-bro-4pg-2026-20260929-092949-fdc2e9f131b5.pdf	47	70cc91f9b360	456x304	613aa35c44e2	278x185	0.4031		
innova-crysta-a4-acc-bro-4pg-2026-20260929-092949-fdc2e9f131b5.pdf	47	ec6e0ea38305	420x280	613aa35c44e2	278x185	0.2350		
innova-crysta-a4-acc-bro-4pg-2026-20260929-092949-fdc2e9f131b5.pdf	47	912844810afb	419x279	613aa35c44e2	278x185	0.3687		
innova-crysta-a4-acc-bro-4pg-2026-20260929-092949-fdc2e9f131b5.pdf	47	75ec641ec63a	418x279	613aa35c44e2	278x185	0.2563		
innova-crysta-a4-acc-bro-4pg-2026-20260929-092949-fdc2e9f131b5.pdf	47	ac43b5458e3e	288x192	613aa35c44e2	278x185	0.1729		
innova-crysta-a4-acc-bro-4pg-2026-20260929-092949-fdc2e9f131b5.pdf	47	f8b794832e9b	420x280	613aa35c44e2	278x185	0.1986		
innova-crysta-a4-acc-bro-4pg-2026-20260929-092949-fdc2e9f131b5.pdf	47	ac738e88907c	351x234	613aa35c44e2	278x185	0.1708		
innova-crysta-a4-acc-bro-4pg-2026-20260929-092949-fdc2e9f131b5.pdf	47	da8bde851dc5	351x234	613aa35c44e2	278x185	0.1620		
innova-crysta-a4-acc-bro-4pg-2026-20260929-092949-fdc2e9f131b5.pdf	47	b906ce2ca47b	593x396	613aa35c44e2	278x185	0.2859		
innova-crysta-a4-acc-bro-4pg-2026-20260929-092949-fdc2e9f131b5.pdf	47	dece132339ff	421x281	613aa35c44e2	278x185	0.2444		
innova-crysta-a4-acc-bro-4pg-2026-20260929-092949-fdc2e9f131b5.pdf	47	bd0041ec0f54	419x279	613aa35c44e2	278x185	0.3644		
innova-crysta-a4-acc-bro-4pg-2026-20260929-092949-fdc2e9f131b5.pdf	47	eb92d04abbfc	420x280	613aa35c44e2	278x185	0.2436		
innova-crysta-a4-acc-bro-4pg-2026-20260929-092949-fdc2e9f131b5.pdf	47	8903ffe0a2a8	1009x673	613aa35c44e2	278x185	0.5354		
innova-crysta-a4-acc-bro-4pg-2026-20260929-092949-fdc2e9f131b5.pdf	47	9d9e9615516a	543x362	613aa35c44e2	278x185	0.2667		
innova-crysta-a4-acc-bro-4pg-2026-20260929-092949-fdc2e9f131b5.pdf	47	677888f1fbbe	987x658	613aa35c44e2	278x185	0.2930		
innova-crysta-a4-acc-bro-4pg-2026-20260929-092949-fdc2e9f131b5.pdf	47	b9c473d9e3e5	547x365	613aa35c44e2	278x185	0.5348		
innova-crysta-a4-acc-bro-4pg-2026-20260929-092949-fdc2e9f131b5.pdf	47	501202932430	566x377	613aa35c44e2	278x185	0.4252		
innova-crysta-a4-acc-bro-4pg-2026-20260929-092949-fdc2e9f131b5.pdf	47	593ff73a81c5	415x277	613aa35c44e2	278x185	0.3367		
innova-crysta-a4-acc-bro-4pg-2026-20260929-092949-fdc2e9f131b5.pdf	47	48e2da3b179f	543x362	613aa35c44e2	278x185	0.3694		
innova-crysta-a4-acc-bro-4pg-2026-20260929-092949-fdc2e9f131b5.pdf	47	e0e4b2d0264f	540x360	613aa35c44e2	278x185	0.3054		
innova-crysta-a4-acc-bro-4pg-2026-20260929-092949-fdc2e9f131b5.pdf	47	a0033831c8e8	599x400	613aa35c44e2	278x185	0.2887		
innova-crysta-a4-acc-bro-4pg-2026-20260929-092949-fdc2e9f131b5.pdf	47	6ccbb1c9bc0f	554x370	613aa35c44e2	278x185	0.3868		
innova-crysta-a4-acc-bro-4pg-2026-20260929-092949-fdc2e9f131b5.pdf	47	23757b5307b8	552x368	613aa35c44e2	278x185	0.2696		
innova-crysta-a4-acc-bro-4pg-2026-20260929-092949-fdc2e9f131b5.pdf	47	dca27cc94acc	570x380	613aa35c44e2	278x185	0.2771		
innova-crysta-a4-acc-bro-4pg-2026-20260929-092949-fdc2e9f131b5.pdf	47	490de90fc37c	623x416	613aa35c44e2	278x185	0.3821		
innova-crysta-a4-acc-bro-4pg-2026-20260929-092949-fdc2e9f131b5.pdf	47	203e3a2cefeb	534x356	613aa35c44e2	278x185	0.4015		
innova-crysta-a4-acc-bro-4pg-2026-20260929-092949-fdc2e9f131b5.pdf	47	f93721686083	633x422	613aa35c44e2	278x185	0.5184		
innova-crysta-a4-acc-bro-4pg-2026-20260929-092949-fdc2e9f131b5.pdf	47	33033b458850	611x408	613aa35c44e2	278x185	0.3979		
innova-crysta-a4-acc-bro-4pg-2026-20260929-092949-fdc2e9f131b5.pdf	47	5f4e91e78b1e	554x370	613aa35c44e2	278x185	0.4879		
innova-crysta-a4-acc-bro-4pg-2026-20260929-092949-fdc2e9f131b5.pdf	47	5da42534c5dc	589x393	613aa35c44e2	278x185	0.4164		
innova-crysta-a4-acc-bro-4pg-2026-20260929-092949-fdc2e9f131b5.pdf	47	758576f11584	611x408	613aa35c44e2	278x185	0.4898		
innova-crysta-a4-acc-bro-4pg-2026-20260929-092949-fdc2e9f131b5.pdf	47	9d7a91ee0c08	712x475	613aa35c44e2	278x185	0.4291		
innova-crysta-a4-acc-bro-4pg-2026-20260929-092949-fdc2e9f131b5.pdf	47	aee15b37da7e	574x382	613aa35c44e2	278x185	0.4377		
innova-crysta-a4-acc-bro-4pg-2026-20260929-092949-fdc2e9f131b5.pdf	47	9a425f9d6a72	434x290	613aa35c44e2	278x185	0.4428		
innova-crysta-a4-acc-bro-4pg-2026-20260929-092949-fdc2e9f131b5.pdf	47	66c1a0134767	533x355	613aa35c44e2	278x185	0.5379		
innova-crysta-a4-acc-bro-4pg-2026-20260929-092949-fdc2e9f131b5.pdf	47	6dde1f50bfbc	867x578	613aa35c44e2	278x185	0.4169		
innova-crysta-a4-acc-bro-4pg-2026-20260929-092949-fdc2e9f131b5.pdf	47	70cc91f9b360	456x304	2ef8a1677403	278x185	0.4058		
innova-crysta-a4-acc-bro-4pg-2026-20260929-092949-fdc2e9f131b5.pdf	47	ec6e0ea38305	420x280	2ef8a1677403	278x185	0.2361		
innova-crysta-a4-acc-bro-4pg-2026-20260929-092949-fdc2e9f131b5.pdf	47	912844810afb	419x279	2ef8a1677403	278x185	0.3642		
innova-crysta-a4-acc-bro-4pg-2026-20260929-092949-fdc2e9f131b5.pdf	47	75ec641ec63a	418x279	2ef8a1677403	278x185	0.2551		
innova-crysta-a4-acc-bro-4pg-2026-20260929-092949-fdc2e9f131b5.pdf	47	ac43b5458e3e	288x192	2ef8a1677403	278x185	0.1731		
innova-crysta-a4-acc-bro-4pg-2026-20260929-092949-fdc2e9f131b5.pdf	47	f8b794832e9b	420x280	2ef8a1677403	278x185	0.1978		
innova-crysta-a4-acc-bro-4pg-2026-20260929-092949-fdc2e9f131b5.pdf	47	ac738e88907c	351x234	2ef8a1677403	278x185	0.1672		
innova-crysta-a4-acc-bro-4pg-2026-20260929-092949-fdc2e9f131b5.pdf	47	da8bde851dc5	351x234	2ef8a1677403	278x185	0.1584		
innova-crysta-a4-acc-bro-4pg-2026-20260929-092949-fdc2e9f131b5.pdf	47	b906ce2ca47b	593x396	2ef8a1677403	278x185	0.2804		
innova-crysta-a4-acc-bro-4pg-2026-20260929-092949-fdc2e9f131b5.pdf	47	dece132339ff	421x281	2ef8a1677403	278x185	0.2460		
innova-crysta-a4-acc-bro-4pg-2026-20260929-092949-fdc2e9f131b5.pdf	47	bd0041ec0f54	419x279	2ef8a1677403	278x185	0.3600		
innova-crysta-a4-acc-bro-4pg-2026-20260929-092949-fdc2e9f131b5.pdf	47	eb92d04abbfc	420x280	2ef8a1677403	278x185	0.2439		
innova-crysta-a4-acc-bro-4pg-2026-20260929-092949-fdc2e9f131b5.pdf	47	8903ffe0a2a8	1009x673	2ef8a1677403	278x185	0.5402		
innova-crysta-a4-acc-bro-4pg-2026-20260929-092949-fdc2e9f131b5.pdf	47	9d9e9615516a	543x362	2ef8a1677403	278x185	0.2673		
innova-crysta-a4-acc-bro-4pg-2026-20260929-092949-fdc2e9f131b5.pdf	47	677888f1fbbe	987x658	2ef8a1677403	278x185	0.2952		
innova-crysta-a4-acc-bro-4pg-2026-20260929-092949-fdc2e9f131b5.pdf	47	b9c473d9e3e5	547x365	2ef8a1677403	278x185	0.5390		
innova-crysta-a4-acc-bro-4pg-2026-20260929-092949-fdc2e9f131b5.pdf	47	501202932430	566x377	2ef8a1677403	278x185	0.4229		
innova-crysta-a4-acc-bro-4pg-2026-20260929-092949-fdc2e9f131b5.pdf	47	593ff73a81c5	415x277	2ef8a1677403	278x185	0.3363		
innova-crysta-a4-acc-bro-4pg-2026-20260929-092949-fdc2e9f131b5.pdf	47	48e2da3b179f	543x362	2ef8a1677403	278x185	0.3702		
innova-crysta-a4-acc-bro-4pg-2026-20260929-092949-fdc2e9f131b5.pdf	47	e0e4b2d0264f	540x360	2ef8a1677403	278x185	0.3062		
innova-crysta-a4-acc-bro-4pg-2026-20260929-092949-fdc2e9f131b5.pdf	47	a0033831c8e8	599x400	2ef8a1677403	278x185	0.2935		
innova-crysta-a4-acc-bro-4pg-2026-20260929-092949-fdc2e9f131b5.pdf	47	6ccbb1c9bc0f	554x370	2ef8a1677403	278x185	0.3896		
innova-crysta-a4-acc-bro-4pg-2026-20260929-092949-fdc2e9f131b5.pdf	47	23757b5307b8	552x368	2ef8a1677403	278x185	0.2650		
innova-crysta-a4-acc-bro-4pg-2026-20260929-092949-fdc2e9f131b5.pdf	47	dca27cc94acc	570x380	2ef8a1677403	278x185	0.2738		
innova-crysta-a4-acc-bro-4pg-2026-20260929-092949-fdc2e9f131b5.pdf	47	490de90fc37c	623x416	2ef8a1677403	278x185	0.3875		
innova-crysta-a4-acc-bro-4pg-2026-20260929-092949-fdc2e9f131b5.pdf	47	203e3a2cefeb	534x356	2ef8a1677403	278x185	0.4059		
innova-crysta-a4-acc-bro-4pg-2026-20260929-092949-fdc2e9f131b5.pdf	47	f93721686083	633x422	2ef8a1677403	278x185	0.5222		
innova-crysta-a4-acc-bro-4pg-2026-20260929-092949-fdc2e9f131b5.pdf	47	33033b458850	611x408	2ef8a1677403	278x185	0.3948		
innova-crysta-a4-acc-bro-4pg-2026-20260929-092949-fdc2e9f131b5.pdf	47	5f4e91e78b1e	554x370	2ef8a1677403	278x185	0.4867		
innova-crysta-a4-acc-bro-4pg-2026-20260929-092949-fdc2e9f131b5.pdf	47	5da42534c5dc	589x393	2ef8a1677403	278x185	0.4145		
innova-crysta-a4-acc-bro-4pg-2026-20260929-092949-fdc2e9f131b5.pdf	47	758576f11584	611x408	2ef8a1677403	278x185	0.4911		
innova-crysta-a4-acc-bro-4pg-2026-20260929-092949-fdc2e9f131b5.pdf	47	9d7a91ee0c08	712x475	2ef8a1677403	278x185	0.4297		
innova-crysta-a4-acc-bro-4pg-2026-20260929-092949-fdc2e9f131b5.pdf	47	aee15b37da7e	574x382	2ef8a1677403	278x185	0.4419		
innova-crysta-a4-acc-bro-4pg-2026-20260929-092949-fdc2e9f131b5.pdf	47	9a425f9d6a72	434x290	2ef8a1677403	278x185	0.4385		
innova-crysta-a4-acc-bro-4pg-2026-20260929-092949-fdc2e9f131b5.pdf	47	66c1a0134767	533x355	2ef8a1677403	278x185	0.5418		
innova-crysta-a4-acc-bro-4pg-2026-20260929-092949-fdc2e9f131b5.pdf	47	6dde1f50bfbc	867x578	2ef8a1677403	278x185	0.4212		
innova-crysta-a4-acc-bro-4pg-2026-20260929-092949-fdc2e9f131b5.pdf	47	70cc91f9b360	456x304	ec6e0ea38305	420x280	0.4516		
innova-crysta-a4-acc-bro-4pg-2026-20260929-092949-fdc2e9f131b5.pdf	47	70cc91f9b360	456x304	912844810afb	419x279	0.3592		
innova-crysta-a4-acc-bro-4pg-2026-20260929-092949-fdc2e9f131b5.pdf	47	70cc91f9b360	456x304	75ec641ec63a	418x279	0.3844		
innova-crysta-a4-acc-bro-4pg-2026-20260929-092949-fdc2e9f131b5.pdf	47	70cc91f9b360	456x304	ac43b5458e3e	288x192	0.4164		
innova-crysta-a4-acc-bro-4pg-2026-20260929-092949-fdc2e9f131b5.pdf	47	70cc91f9b360	456x304	f8b794832e9b	420x280	0.4416		
innova-crysta-a4-acc-bro-4pg-2026-20260929-092949-fdc2e9f131b5.pdf	47	70cc91f9b360	456x304	ac738e88907c	351x234	0.5324		
innova-crysta-a4-acc-bro-4pg-2026-20260929-092949-fdc2e9f131b5.pdf	47	70cc91f9b360	456x304	da8bde851dc5	351x234	0.5285		
innova-crysta-a4-acc-bro-4pg-2026-20260929-092949-fdc2e9f131b5.pdf	47	b906ce2ca47b	593x396	70cc91f9b360	456x304	0.3127		
innova-crysta-a4-acc-bro-4pg-2026-20260929-092949-fdc2e9f131b5.pdf	47	70cc91f9b360	456x304	dece132339ff	421x281	0.3481		
innova-crysta-a4-acc-bro-4pg-2026-20260929-092949-fdc2e9f131b5.pdf	47	70cc91f9b360	456x304	bd0041ec0f54	419x279	0.3600		
innova-crysta-a4-acc-bro-4pg-2026-20260929-092949-fdc2e9f131b5.pdf	47	70cc91f9b360	456x304	eb92d04abbfc	420x280	0.5118		
innova-crysta-a4-acc-bro-4pg-2026-20260929-092949-fdc2e9f131b5.pdf	47	8903ffe0a2a8	1009x673	70cc91f9b360	456x304	0.3377		
innova-crysta-a4-acc-bro-4pg-2026-20260929-092949-fdc2e9f131b5.pdf	47	9d9e9615516a	543x362	70cc91f9b360	456x304	0.3742		
innova-crysta-a4-acc-bro-4pg-2026-20260929-092949-fdc2e9f131b5.pdf	47	677888f1fbbe	987x658	70cc91f9b360	456x304	0.3748		
innova-crysta-a4-acc-bro-4pg-2026-20260929-092949-fdc2e9f131b5.pdf	47	b9c473d9e3e5	547x365	70cc91f9b360	456x304	0.2614		
innova-crysta-a4-acc-bro-4pg-2026-20260929-092949-fdc2e9f131b5.pdf	47	501202932430	566x377	70cc91f9b360	456x304	0.3511		
innova-crysta-a4-acc-bro-4pg-2026-20260929-092949-fdc2e9f131b5.pdf	47	70cc91f9b360	456x304	593ff73a81c5	415x277	0.2894		
innova-crysta-a4-acc-bro-4pg-2026-20260929-092949-fdc2e9f131b5.pdf	47	48e2da3b179f	543x362	70cc91f9b360	456x304	0.2880		
innova-crysta-a4-acc-bro-4pg-2026-20260929-092949-fdc2e9f131b5.pdf	47	e0e4b2d0264f	540x360	70cc91f9b360	456x304	0.2584		
innova-crysta-a4-acc-bro-4pg-2026-20260929-092949-fdc2e9f131b5.pdf	47	a0033831c8e8	599x400	70cc91f9b360	456x304	0.3946		
innova-crysta-a4-acc-bro-4pg-2026-20260929-092949-fdc2e9f131b5.pdf	47	6ccbb1c9bc0f	554x370	70cc91f9b360	456x304	0.3935		
innova-crysta-a4-acc-bro-4pg-2026-20260929-092949-fdc2e9f131b5.pdf	47	23757b5307b8	552x368	70cc91f9b360	456x304	0.3262		
innova-crysta-a4-acc-bro-4pg-2026-20260929-092949-fdc2e9f131b5.pdf	47	dca27cc94acc	570x380	70cc91f9b360	456x304	0.4889		
innova-crysta-a4-acc-bro-4pg-2026-20260929-092949-fdc2e9f131b5.pdf	47	490de90fc37c	623x416	70cc91f9b360	456x304	0.2745		
innova-crysta-a4-acc-bro-4pg-2026-20260929-092949-fdc2e9f131b5.pdf	47	203e3a2cefeb	534x356	70cc91f9b360	456x304	0.3103		
innova-crysta-a4-acc-bro-4pg-2026-20260929-092949-fdc2e9f131b5.pdf	47	f93721686083	633x422	70cc91f9b360	456x304	0.3191		
innova-crysta-a4-acc-bro-4pg-2026-20260929-092949-fdc2e9f131b5.pdf	47	33033b458850	611x408	70cc91f9b360	456x304	0.3049		
innova-crysta-a4-acc-bro-4pg-2026-20260929-092949-fdc2e9f131b5.pdf	47	5f4e91e78b1e	554x370	70cc91f9b360	456x304	0.3535		
innova-crysta-a4-acc-bro-4pg-2026-20260929-092949-fdc2e9f131b5.pdf	47	5da42534c5dc	589x393	70cc91f9b360	456x304	0.4367		
innova-crysta-a4-acc-bro-4pg-2026-20260929-092949-fdc2e9f131b5.pdf	47	758576f11584	611x408	70cc91f9b360	456x304	0.3582		
innova-crysta-a4-acc-bro-4pg-2026-20260929-092949-fdc2e9f131b5.pdf	47	9d7a91ee0c08	712x475	70cc91f9b360	456x304	0.2722		
innova-crysta-a4-acc-bro-4pg-2026-20260929-092949-fdc2e9f131b5.pdf	47	aee15b37da7e	574x382	70cc91f9b360	456x304	0.3369		
innova-crysta-a4-acc-bro-4pg-2026-20260929-092949-fdc2e9f131b5.pdf	47	70cc91f9b360	456x304	9a425f9d6a72	434x290	0.3559		
innova-crysta-a4-acc-bro-4pg-2026-20260929-092949-fdc2e9f131b5.pdf	47	66c1a0134767	533x355	70cc91f9b360	456x304	0.3539		
innova-crysta-a4-acc-bro-4pg-2026-20260929-092949-fdc2e9f131b5.pdf	47	6dde1f50bfbc	867x578	70cc91f9b360	456x304	0.4085		
innova-crysta-a4-acc-bro-4pg-2026-20260929-092949-fdc2e9f131b5.pdf	47	ec6e0ea38305	420x280	912844810afb	419x279	0.3926		
innova-crysta-a4-acc-bro-4pg-2026-20260929-092949-fdc2e9f131b5.pdf	47	ec6e0ea38305	420x280	75ec641ec63a	418x279	0.3221		
innova-crysta-a4-acc-bro-4pg-2026-20260929-092949-fdc2e9f131b5.pdf	47	ec6e0ea38305	420x280	ac43b5458e3e	288x192	0.2062		
innova-crysta-a4-acc-bro-4pg-2026-20260929-092949-fdc2e9f131b5.pdf	47	ec6e0ea38305	420x280	f8b794832e9b	420x280	0.0749		
innova-crysta-a4-acc-bro-4pg-2026-20260929-092949-fdc2e9f131b5.pdf	47	ec6e0ea38305	420x280	ac738e88907c	351x234	0.2106		
innova-crysta-a4-acc-bro-4pg-2026-20260929-092949-fdc2e9f131b5.pdf	47	ec6e0ea38305	420x280	da8bde851dc5	351x234	0.2016		
innova-crysta-a4-acc-bro-4pg-2026-20260929-092949-fdc2e9f131b5.pdf	47	b906ce2ca47b	593x396	ec6e0ea38305	420x280	0.3441		
innova-crysta-a4-acc-bro-4pg-2026-20260929-092949-fdc2e9f131b5.pdf	47	dece132339ff	421x281	ec6e0ea38305	420x280	0.2516		
innova-crysta-a4-acc-bro-4pg-2026-20260929-092949-fdc2e9f131b5.pdf	47	ec6e0ea38305	420x280	bd0041ec0f54	419x279	0.3887		
innova-crysta-a4-acc-bro-4pg-2026-20260929-092949-fdc2e9f131b5.pdf	47	ec6e0ea38305	420x280	eb92d04abbfc	420x280	0.2460		
innova-crysta-a4-acc-bro-4pg-2026-20260929-092949-fdc2e9f131b5.pdf	47	8903ffe0a2a8	1009x673	ec6e0ea38305	420x280	0.4932		
innova-crysta-a4-acc-bro-4pg-2026-20260929-092949-fdc2e9f131b5.pdf	47	9d9e9615516a	543x362	ec6e0ea38305	420x280	0.2933		
innova-crysta-a4-acc-bro-4pg-2026-20260929-092949-fdc2e9f131b5.pdf	47	677888f1fbbe	987x658	ec6e0ea38305	420x280	0.3393		
innova-crysta-a4-acc-bro-4pg-2026-20260929-092949-fdc2e9f131b5.pdf	47	b9c473d9e3e5	547x365	ec6e0ea38305	420x280	0.5103		
innova-crysta-a4-acc-bro-4pg-2026-20260929-092949-fdc2e9f131b5.pdf	47	501202932430	566x377	ec6e0ea38305	420x280	0.4152		
innova-crysta-a4-acc-bro-4pg-2026-20260929-092949-fdc2e9f131b5.pdf	47	ec6e0ea38305	420x280	593ff73a81c5	415x277	0.4610		
innova-crysta-a4-acc-bro-4pg-2026-20260929-092949-fdc2e9f131b5.pdf	47	48e2da3b179f	543x362	ec6e0ea38305	420x280	0.3422		
innova-crysta-a4-acc-bro-4pg-2026-20260929-092949-fdc2e9f131b5.pdf	47	e0e4b2d0264f	540x360	ec6e0ea38305	420x280	0.4060		
innova-crysta-a4-acc-bro-4pg-2026-20260929-092949-fdc2e9f131b5.pdf	47	a0033831c8e8	599x400	ec6e0ea38305	420x280	0.2431		
innova-crysta-a4-acc-bro-4pg-2026-20260929-092949-fdc2e9f131b5.pdf	47	6ccbb1c9bc0f	554x370	ec6e0ea38305	420x280	0.3638		
innova-crysta-a4-acc-bro-4pg-2026-20260929-092949-fdc2e9f131b5.pdf	47	23757b5307b8	552x368	ec6e0ea38305	420x280	0.3791		
innova-crysta-a4-acc-bro-4pg-2026-20260929-092949-fdc2e9f131b5.pdf	47	dca27cc94acc	570x380	ec6e0ea38305	420x280	0.2628		
innova-crysta-a4-acc-bro-4pg-2026-20260929-092949-fdc2e9f131b5.pdf	47	490de90fc37c	623x416	ec6e0ea38305	420x280	0.4416		
innova-crysta-a4-acc-bro-4pg-2026-20260929-092949-fdc2e9f131b5.pdf	47	203e3a2cefeb	534x356	ec6e0ea38305	420x280	0.3891		
innova-crysta-a4-acc-bro-4pg-2026-20260929-092949-fdc2e9f131b5.pdf	47	f93721686083	633x422	ec6e0ea38305	420x280	0.5132		
innova-crysta-a4-acc-bro-4pg-2026-20260929-092949-fdc2e9f131b5.pdf	47	33033b458850	611x408	ec6e0ea38305	420x280	0.4779		
innova-crysta-a4-acc-bro-4pg-2026-20260929-092949-fdc2e9f131b5.pdf	47	5f4e91e78b1e	554x370	ec6e0ea38305	420x280	0.4571		
innova-crysta-a4-acc-bro-4pg-2026-20260929-092949-fdc2e9f131b5.pdf	47	5da42534c5dc	589x393	ec6e0ea38305	420x280	0.3487		
innova-crysta-a4-acc-bro-4pg-2026-20260929-092949-fdc2e9f131b5.pdf	47	758576f11584	611x408	ec6e0ea38305	420x280	0.4154		
innova-crysta-a4-acc-bro-4pg-2026-20260929-092949-fdc2e9f131b5.pdf	47	9d7a91ee0c08	712x475	ec6e0ea38305	420x280	0.4542		
innova-crysta-a4-acc-bro-4pg-2026-20260929-092949-fdc2e9f131b5.pdf	47	aee15b37da7e	574x382	ec6e0ea38305	420x280	0.4269		
innova-crysta-a4-acc-bro-4pg-2026-20260929-092949-fdc2e9f131b5.pdf	47	9a425f9d6a72	434x290	ec6e0ea38305	420x280	0.4493		
innova-crysta-a4-acc-bro-4pg-2026-20260929-092949-fdc2e9f131b5.pdf	47	66c1a0134767	533x355	ec6e0ea38305	420x280	0.4616		
innova-crysta-a4-acc-bro-4pg-2026-20260929-092949-fdc2e9f131b5.pdf	47	6dde1f50bfbc	867x578	ec6e0ea38305	420x280	0.3774		
innova-crysta-a4-acc-bro-4pg-2026-20260929-092949-fdc2e9f131b5.pdf	47	912844810afb	419x279	75ec641ec63a	418x279	0.2960		
innova-crysta-a4-acc-bro-4pg-2026-20260929-092949-fdc2e9f131b5.pdf	47	912844810afb	419x279	ac43b5458e3e	288x192	0.3381		
innova-crysta-a4-acc-bro-4pg-2026-20260929-092949-fdc2e9f131b5.pdf	47	f8b794832e9b	420x280	912844810afb	419x279	0.3945		
innova-crysta-a4-acc-bro-4pg-2026-20260929-092949-fdc2e9f131b5.pdf	47	912844810afb	419x279	ac738e88907c	351x234	0.2805		
innova-crysta-a4-acc-bro-4pg-2026-20260929-092949-fdc2e9f131b5.pdf	47	912844810afb	419x279	da8bde851dc5	351x234	0.2859		
innova-crysta-a4-acc-bro-4pg-2026-20260929-092949-fdc2e9f131b5.pdf	47	b906ce2ca47b	593x396	912844810afb	419x279	0.4111		
innova-crysta-a4-acc-bro-4pg-2026-20260929-092949-fdc2e9f131b5.pdf	47	dece132339ff	421x281	912844810afb	419x279	0.4265		
innova-crysta-a4-acc-bro-4pg-2026-20260929-092949-fdc2e9f131b5.pdf	47	912844810afb	419x279	bd0041ec0f54	419x279	0.0066	0.2032	
innova-crysta-a4-acc-bro-4pg-2026-20260929-092949-fdc2e9f131b5.pdf	47	eb92d04abbfc	420x280	912844810afb	419x279	0.3444		
innova-crysta-a4-acc-bro-4pg-2026-20260929-092949-fdc2e9f131b5.pdf	47	8903ffe0a2a8	1009x673	912844810afb	419x279	0.5182		
innova-crysta-a4-acc-bro-4pg-2026-20260929-092949-fdc2e9f131b5.pdf	47	9d9e9615516a	543x362	912844810afb	419x279	0.5054		
innova-crysta-a4-acc-bro-4pg-2026-20260929-092949-fdc2e9f131b5.pdf	47	677888f1fbbe	987x658	912844810afb	419x279	0.5173		
innova-crysta-a4-acc-bro-4pg-2026-20260929-092949-fdc2e9f131b5.pdf	47	b9c473d9e3e5	547x365	912844810afb	419x279	0.5376		
innova-crysta-a4-acc-bro-4pg-2026-20260929-092949-fdc2e9f131b5.pdf	47	501202932430	566x377	912844810afb	419x279	0.3251		
innova-crysta-a4-acc-bro-4pg-2026-20260929-092949-fdc2e9f131b5.pdf	47	912844810afb	419x279	593ff73a81c5	415x277	0.2792		
innova-crysta-a4-acc-bro-4pg-2026-20260929-092949-fdc2e9f131b5.pdf	47	48e2da3b179f	543x362	912844810afb	419x279	0.3036		
innova-crysta-a4-acc-bro-4pg-2026-20260929-092949-fdc2e9f131b5.pdf	47	e0e4b2d0264f	540x360	912844810afb	419x279	0.3816		
innova-crysta-a4-acc-bro-4pg-2026-20260929-092949-fdc2e9f131b5.pdf	47	a0033831c8e8	599x400	912844810afb	419x279	0.5445		
innova-crysta-a4-acc-bro-4pg-2026-20260929-092949-fdc2e9f131b5.pdf	47	6ccbb1c9bc0f	554x370	912844810afb	419x279	0.3210		
innova-crysta-a4-acc-bro-4pg-2026-20260929-092949-fdc2e9f131b5.pdf	47	23757b5307b8	552x368	912844810afb	419x279	0.2708		
innova-crysta-a4-acc-bro-4pg-2026-20260929-092949-fdc2e9f131b5.pdf	47	dca27cc94acc	570x380	912844810afb	419x279	0.2813		
innova-crysta-a4-acc-bro-4pg-2026-20260929-092949-fdc2e9f131b5.pdf	47	490de90fc37c	623x416	912844810afb	419x279	0.5051		
innova-crysta-a4-acc-bro-4pg-2026-20260929-092949-fdc2e9f131b5.pdf	47	203e3a2cefeb	534x356	912844810afb	419x279	0.5340		
innova-crysta-a4-acc-bro-4pg-2026-20260929-092949-fdc2e9f131b5.pdf	47	f93721686083	633x422	912844810afb	419x279	0.4438		
innova-crysta-a4-acc-bro-4pg-2026-20260929-092949-fdc2e9f131b5.pdf	47	33033b458850	611x408	912844810afb	419x279	0.2834		
innova-crysta-a4-acc-bro-4pg-2026-20260929-092949-fdc2e9f131b5.pdf	47	5f4e91e78b1e	554x370	912844810afb	419x279	0.3976		
innova-crysta-a4-acc-bro-4pg-2026-20260929-092949-fdc2e9f131b5.pdf	47	5da42534c5dc	589x393	912844810afb	419x279	0.3878		
innova-crysta-a4-acc-bro-4pg-2026-20260929-092949-fdc2e9f131b5.pdf	47	758576f11584	611x408	912844810afb	419x279	0.4461		
innova-crysta-a4-acc-bro-4pg-2026-20260929-092949-fdc2e9f131b5.pdf	47	9d7a91ee0c08	712x475	912844810afb	419x279	0.4353		
innova-crysta-a4-acc-bro-4pg-2026-20260929-092949-fdc2e9f131b5.pdf	47	aee15b37da7e	574x382	912844810afb	419x279	0.5784		
innova-crysta-a4-acc-bro-4pg-2026-20260929-092949-fdc2e9f131b5.pdf	47	9a425f9d6a72	434x290	912844810afb	419x279	0.2564		
innova-crysta-a4-acc-bro-4pg-2026-20260929-092949-fdc2e9f131b5.pdf	47	66c1a0134767	533x355	912844810afb	419x279	0.5063		
innova-crysta-a4-acc-bro-4pg-2026-20260929-092949-fdc2e9f131b5.pdf	47	6dde1f50bfbc	867x578	912844810afb	419x279	0.5785		
innova-crysta-a4-acc-bro-4pg-2026-20260929-092949-fdc2e9f131b5.pdf	47	75ec641ec63a	418x279	ac43b5458e3e	288x192	0.2632		
innova-crysta-a4-acc-bro-4pg-2026-20260929-092949-fdc2e9f131b5.pdf	47	f8b794832e9b	420x280	75ec641ec63a	418x279	0.2895		
innova-crysta-a4-acc-bro-4pg-2026-20260929-092949-fdc2e9f131b5.pdf	47	75ec641ec63a	418x279	ac738e88907c	351x234	0.2713		
innova-crysta-a4-acc-bro-4pg-2026-20260929-092949-fdc2e9f131b5.pdf	47	75ec641ec63a	418x279	da8bde851dc5	351x234	0.2686		
innova-crysta-a4-acc-bro-4pg-2026-20260929-092949-fdc2e9f131b5.pdf	47	b906ce2ca47b	593x396	75ec641ec63a	418x279	0.3514		
innova-crysta-a4-acc-bro-4pg-2026-20260929-092949-fdc2e9f131b5.pdf	47	dece132339ff	421x281	75ec641ec63a	418x279	0.2937		
innova-crysta-a4-acc-bro-4pg-2026-20260929-092949-fdc2e9f131b5.pdf	47	bd0041ec0f54	419x279	75ec641ec63a	418x279	0.2939		
innova-crysta-a4-acc-bro-4pg-2026-20260929-092949-fdc2e9f131b5.pdf	47	eb92d04abbfc	420x280	75ec641ec63a	418x279	0.2940		
innova-crysta-a4-acc-bro-4pg-2026-20260929-092949-fdc2e9f131b5.pdf	47	8903ffe0a2a8	1009x673	75ec641ec63a	418x279	0.4085		
innova-crysta-a4-acc-bro-4pg-2026-20260929-092949-fdc2e9f131b5.pdf	47	9d9e9615516a	543x362	75ec641ec63a	418x279	0.3182		
innova-crysta-a4-acc-bro-4pg-2026-20260929-092949-fdc2e9f131b5.pdf	47	677888f1fbbe	987x658	75ec641ec63a	418x279	0.3571		
innova-crysta-a4-acc-bro-4pg-2026-20260929-092949-fdc2e9f131b5.pdf	47	b9c473d9e3e5	547x365	75ec641ec63a	418x279	0.4240		
innova-crysta-a4-acc-bro-4pg-2026-20260929-092949-fdc2e9f131b5.pdf	47	501202932430	566x377	75ec641ec63a	418x279	0.2769		
innova-crysta-a4-acc-bro-4pg-2026-20260929-092949-fdc2e9f131b5.pdf	47	75ec641ec63a	418x279	593ff73a81c5	415x277	0.2240		
innova-crysta-a4-acc-bro-4pg-2026-20260929-092949-fdc2e9f131b5.pdf	47	48e2da3b179f	543x362	75ec641ec63a	418x279	0.3055		
innova-crysta-a4-acc-bro-4pg-2026-20260929-092949-fdc2e9f131b5.pdf	47	e0e4b2d0264f	540x360	75ec641ec63a	418x279	0.2900		
innova-crysta-a4-acc-bro-4pg-2026-20260929-092949-fdc2e9f131b5.pdf	47	a0033831c8e8	599x400	75ec641ec63a	418x279	0.3580		
innova-crysta-a4-acc-bro-4pg-2026-20260929-092949-fdc2e9f131b5.pdf	47	6ccbb1c9bc0f	554x370	75ec641ec63a	418x279	0.2612		
innova-crysta-a4-acc-bro-4pg-2026-20260929-092949-fdc2e9f131b5.pdf	47	23757b5307b8	552x368	75ec641ec63a	418x279	0.2583		
innova-crysta-a4-acc-bro-4pg-2026-20260929-092949-fdc2e9f131b5.pdf	47	dca27cc94acc	570x380	75ec641ec63a	418x279	0.2800		
innova-crysta-a4-acc-bro-4pg-2026-20260929-092949-fdc2e9f131b5.pdf	47	490de90fc37c	623x416	75ec641ec63a	418x279	0.3555		
innova-crysta-a4-acc-bro-4pg-2026-20260929-092949-fdc2e9f131b5.pdf	47	203e3a2cefeb	534x356	75ec641ec63a	418x279	0.3929		
innova-crysta-a4-acc-bro-4pg-2026-20260929-092949-fdc2e9f131b5.pdf	47	f93721686083	633x422	75ec641ec63a	418x279	0.4210		
innova-crysta-a4-acc-bro-4pg-2026-20260929-092949-fdc2e9f131b5.pdf	47	33033b458850	611x408	75ec641ec63a	418x279	0.2525		
innova-crysta-a4-acc-bro-4pg-2026-20260929-092949-fdc2e9f131b5.pdf	47	5f4e91e78b1e	554x370	75ec641ec63a	418x279	0.3800		
innova-crysta-a4-acc-bro-4pg-2026-20260929-092949-fdc2e9f131b5.pdf	47	5da42534c5dc	589x393	75ec641ec63a	418x279	0.2781		
innova-crysta-a4-acc-bro-4pg-2026-20260929-092949-fdc2e9f131b5.pdf	47	758576f11584	611x408	75ec641ec63a	418x279	0.3484		
innova-crysta-a4-acc-bro-4pg-2026-20260929-092949-fdc2e9f131b5.pdf	47	9d7a91ee0c08	712x475	75ec641ec63a	418x279	0.3798		
innova-crysta-a4-acc-bro-4pg-2026-20260929-092949-fdc2e9f131b5.pdf	47	aee15b37da7e	574x382	75ec641ec63a	418x279	0.3645		
innova-crysta-a4-acc-bro-4pg-2026-20260929-092949-fdc2e9f131b5.pdf	47	9a425f9d6a72	434x290	75ec641ec63a	418x279	0.2870		
innova-crysta-a4-acc-bro-4pg-2026-20260929-092949-fdc2e9f131b5.pdf	47	66c1a0134767	533x355	75ec641ec63a	418x279	0.4045		
innova-crysta-a4-acc-bro-4pg-2026-20260929-092949-fdc2e9f131b5.pdf	47	6dde1f50bfbc	867x578	75ec641ec63a	418x279	0.3480		
innova-crysta-a4-acc-bro-4pg-2026-20260929-092949-fdc2e9f131b5.pdf	47	f8b794832e9b	420x280	ac43b5458e3e	288x192	0.1767		
innova-crysta-a4-acc-bro-4pg-2026-20260929-092949-fdc2e9f131b5.pdf	47	ac738e88907c	351x234	ac43b5458e3e	288x192	0.1703		
innova-crysta-a4-acc-bro-4pg-2026-20260929-092949-fdc2e9f131b5.pdf	47	da8bde851dc5	351x234	ac43b5458e3e	288x192	0.1720		
innova-crysta-a4-acc-bro-4pg-2026-20260929-092949-fdc2e9f131b5.pdf	47	b906ce2ca47b	593x396	ac43b5458e3e	288x192	0.2804		
innova-crysta-a4-acc-bro-4pg-2026-20260929-092949-fdc2e9f131b5.pdf	47	dece132339ff	421x281	ac43b5458e3e	288x192	0.2453		
innova-crysta-a4-acc-bro-4pg-2026-20260929-092949-fdc2e9f131b5.pdf	47	bd0041ec0f54	419x279	ac43b5458e3e	288x192	0.3337		
innova-crysta-a4-acc-bro-4pg-2026-20260929-092949-fdc2e9f131b5.pdf	47	eb92d04abbfc	420x280	ac43b5458e3e	288x192	0.2495		
innova-crysta-a4-acc-bro-4pg-2026-20260929-092949-fdc2e9f131b5.pdf	47	8903ffe0a2a8	1009x673	ac43b5458e3e	288x192	0.5545		
innova-crysta-a4-acc-bro-4pg-2026-20260929-092949-fdc2e9f131b5.pdf	47	9d9e9615516a	543x362	ac43b5458e3e	288x192	0.3057		
innova-crysta-a4-acc-bro-4pg-2026-20260929-092949-fdc2e9f131b5.pdf	47	677888f1fbbe	987x658	ac43b5458e3e	288x192	0.3241		
innova-crysta-a4-acc-bro-4pg-2026-20260929-092949-fdc2e9f131b5.pdf	47	b9c473d9e3e5	547x365	ac43b5458e3e	288x192	0.5408		
innova-crysta-a4-acc-bro-4pg-2026-20260929-092949-fdc2e9f131b5.pdf	47	501202932430	566x377	ac43b5458e3e	288x192	0.4209		
innova-crysta-a4-acc-bro-4pg-2026-20260929-092949-fdc2e9f131b5.pdf	47	593ff73a81c5	415x277	ac43b5458e3e	288x192	0.3409		
innova-crysta-a4-acc-bro-4pg-2026-20260929-092949-fdc2e9f131b5.pdf	47	48e2da3b179f	543x362	ac43b5458e3e	288x192	0.3050		
innova-crysta-a4-acc-bro-4pg-2026-20260929-092949-fdc2e9f131b5.pdf	47	e0e4b2d0264f	540x360	ac43b5458e3e	288x192	0.3252		
innova-crysta-a4-acc-bro-4pg-2026-20260929-092949-fdc2e9f131b5.pdf	47	a0033831c8e8	599x400	ac43b5458e3e	288x192	0.3032		
innova-crysta-a4-acc-bro-4pg-2026-20260929-092949-fdc2e9f131b5.pdf	47	6ccbb1c9bc0f	554x370	ac43b5458e3e	288x192	0.3943		
innova-crysta-a4-acc-bro-4pg-2026-20260929-092949-fdc2e9f131b5.pdf	47	23757b5307b8	552x368	ac43b5458e3e	288x192	0.2975		
innova-crysta-a4-acc-bro-4pg-2026-20260929-092949-fdc2e9f131b5.pdf	47	dca27cc94acc	570x380	ac43b5458e3e	288x192	0.2749		
innova-crysta-a4-acc-bro-4pg-2026-20260929-092949-fdc2e9f131b5.pdf	47	490de90fc37c	623x416	ac43b5458e3e	288x192	0.4071		
innova-crysta-a4-acc-bro-4pg-2026-20260929-092949-fdc2e9f131b5.pdf	47	203e3a2cefeb	534x356	ac43b5458e3e	288x192	0.4254		
innova-crysta-a4-acc-bro-4pg-2026-20260929-092949-fdc2e9f131b5.pdf	47	f93721686083	633x422	ac43b5458e3e	288x192	0.5146		
innova-crysta-a4-acc-bro-4pg-2026-20260929-092949-fdc2e9f131b5.pdf	47	33033b458850	611x408	ac43b5458e3e	288x192	0.4048		
innova-crysta-a4-acc-bro-4pg-2026-20260929-092949-fdc2e9f131b5.pdf	47	5f4e91e78b1e	554x370	ac43b5458e3e	288x192	0.4399		
innova-crysta-a4-acc-bro-4pg-2026-20260929-092949-fdc2e9f131b5.pdf	47	5da42534c5dc	589x393	ac43b5458e3e	288x192	0.3866		
innova-crysta-a4-acc-bro-4pg-2026-20260929-092949-fdc2e9f131b5.pdf	47	758576f11584	611x408	ac43b5458e3e	288x192	0.4846		
innova-crysta-a4-acc-bro-4pg-2026-20260929-092949-fdc2e9f131b5.pdf	47	9d7a91ee0c08	712x475	ac43b5458e3e	288x192	0.4300		
innova-crysta-a4-acc-bro-4pg-2026-20260929-092949-fdc2e9f131b5.pdf	47	aee15b37da7e	574x382	ac43b5458e3e	288x192	0.4446		
innova-crysta-a4-acc-bro-4pg-2026-20260929-092949-fdc2e9f131b5.pdf	47	9a425f9d6a72	434x290	ac43b5458e3e	288x192	0.4209		
innova-crysta-a4-acc-bro-4pg-2026-20260929-092949-fdc2e9f131b5.pdf	47	66c1a0134767	533x355	ac43b5458e3e	288x192	0.5288		
innova-crysta-a4-acc-bro-4pg-2026-20260929-092949-fdc2e9f131b5.pdf	47	6dde1f50bfbc	867x578	ac43b5458e3e	288x192	0.3990		
innova-crysta-a4-acc-bro-4pg-2026-20260929-092949-fdc2e9f131b5.pdf	47	f8b794832e9b	420x280	ac738e88907c	351x234	0.2001		
innova-crysta-a4-acc-bro-4pg-2026-20260929-092949-fdc2e9f131b5.pdf	47	f8b794832e9b	420x280	da8bde851dc5	351x234	0.1915		
innova-crysta-a4-acc-bro-4pg-2026-20260929-092949-fdc2e9f131b5.pdf	47	b906ce2ca47b	593x396	f8b794832e9b	420x280	0.3244		
innova-crysta-a4-acc-bro-4pg-2026-20260929-092949-fdc2e9f131b5.pdf	47	dece132339ff	421x281	f8b794832e9b	420x280	0.2589		
innova-crysta-a4-acc-bro-4pg-2026-20260929-092949-fdc2e9f131b5.pdf	47	f8b794832e9b	420x280	bd0041ec0f54	419x279	0.3902		
innova-crysta-a4-acc-bro-4pg-2026-20260929-092949-fdc2e9f131b5.pdf	47	f8b794832e9b	420x280	eb92d04abbfc	420x280	0.2411		
innova-crysta-a4-acc-bro-4pg-2026-20260929-092949-fdc2e9f131b5.pdf	47	8903ffe0a2a8	1009x673	f8b794832e9b	420x280	0.5143		
innova-crysta-a4-acc-bro-4pg-2026-20260929-092949-fdc2e9f131b5.pdf	47	9d9e9615516a	543x362	f8b794832e9b	420x280	0.2703		
innova-crysta-a4-acc-bro-4pg-2026-20260929-092949-fdc2e9f131b5.pdf	47	677888f1fbbe	987x658	f8b794832e9b	420x280	0.3044		
innova-crysta-a4-acc-bro-4pg-2026-20260929-092949-fdc2e9f131b5.pdf	47	b9c473d9e3e5	547x365	f8b794832e9b	420x280	0.5280		
innova-crysta-a4-acc-bro-4pg-2026-20260929-092949-fdc2e9f131b5.pdf	47	501202932430	566x377	f8b794832e9b	420x280	0.4044		
innova-crysta-a4-acc-bro-4pg-2026-20260929-092949-fdc2e9f131b5.pdf	47	f8b794832e9b	420x280	593ff73a81c5	415x277	0.4208		
innova-crysta-a4-acc-bro-4pg-2026-20260929-092949-fdc2e9f131b5.pdf	47	48e2da3b179f	543x362	f8b794832e9b	420x280	0.3610		
innova-crysta-a4-acc-bro-4pg-2026-20260929-092949-fdc2e9f131b5.pdf	47	e0e4b2d0264f	540x360	f8b794832e9b	420x280	0.3700		
innova-crysta-a4-acc-bro-4pg-2026-20260929-092949-fdc2e9f131b5.pdf	47	a0033831c8e8	599x400	f8b794832e9b	420x280	0.2418		
innova-crysta-a4-acc-bro-4pg-2026-20260929-092949-fdc2e9f131b5.pdf	47	6ccbb1c9bc0f	554x370	f8b794832e9b	420x280	0.3653		
innova-crysta-a4-acc-bro-4pg-2026-20260929-092949-fdc2e9f131b5.pdf	47	23757b5307b8	552x368	f8b794832e9b	420x280	0.3354		
innova-crysta-a4-acc-bro-4pg-2026-20260929-092949-fdc2e9f131b5.pdf	47	dca27cc94acc	570x380	f8b794832e9b	420x280	0.2614		
innova-crysta-a4-acc-bro-4pg-2026-20260929-092949-fdc2e9f131b5.pdf	47	490de90fc37c	623x416	f8b794832e9b	420x280	0.4253		
innova-crysta-a4-acc-bro-4pg-2026-20260929-092949-fdc2e9f131b5.pdf	47	203e3a2cefeb	534x356	f8b794832e9b	420x280	0.3827		
innova-crysta-a4-acc-bro-4pg-2026-20260929-092949-fdc2e9f131b5.pdf	47	f93721686083	633x422	f8b794832e9b	420x280	0.5144		
innova-crysta-a4-acc-bro-4pg-2026-20260929-092949-fdc2e9f131b5.pdf	47	33033b458850	611x408	f8b794832e9b	420x280	0.4455		
innova-crysta-a4-acc-bro-4pg-2026-20260929-092949-fdc2e9f131b5.pdf	47	5f4e91e78b1e	554x370	f8b794832e9b	420x280	0.4750		
innova-crysta-a4-acc-bro-4pg-2026-20260929-092949-fdc2e9f131b5.pdf	47	5da42534c5dc	589x393	f8b794832e9b	420x280	0.3586		
innova-crysta-a4-acc-bro-4pg-2026-20260929-092949-fdc2e9f131b5.pdf	47	758576f11584	611x408	f8b794832e9b	420x280	0.4294		
innova-crysta-a4-acc-bro-4pg-2026-20260929-092949-fdc2e9f131b5.pdf	47	9d7a91ee0c08	712x475	f8b794832e9b	420x280	0.4546		
innova-crysta-a4-acc-bro-4pg-2026-20260929-092949-fdc2e9f131b5.pdf	47	aee15b37da7e	574x382	f8b794832e9b	420x280	0.4340		
innova-crysta-a4-acc-bro-4pg-2026-20260929-092949-fdc2e9f131b5.pdf	47	9a425f9d6a72	434x290	f8b794832e9b	420x280	0.4356		
innova-crysta-a4-acc-bro-4pg-2026-20260929-092949-fdc2e9f131b5.pdf	47	66c1a0134767	533x355	f8b794832e9b	420x280	0.4853		
innova-crysta-a4-acc-bro-4pg-2026-20260929-092949-fdc2e9f131b5.pdf	47	6dde1f50bfbc	867x578	f8b794832e9b	420x280	0.3816		
innova-crysta-a4-acc-bro-4pg-2026-20260929-092949-fdc2e9f131b5.pdf	47	ac738e88907c	351x234	da8bde851dc5	351x234	0.0666		
innova-crysta-a4-acc-bro-4pg-2026-20260929-092949-fdc2e9f131b5.pdf	47	b906ce2ca47b	593x396	ac738e88907c	351x234	0.3874		
innova-crysta-a4-acc-bro-4pg-2026-20260929-092949-fdc2e9f131b5.pdf	47	dece132339ff	421x281	ac738e88907c	351x234	0.3033		
innova-crysta-a4-acc-bro-4pg-2026-20260929-092949-fdc2e9f131b5.pdf	47	bd0041ec0f54	419x279	ac738e88907c	351x234	0.2761		
innova-crysta-a4-acc-bro-4pg-2026-20260929-092949-fdc2e9f131b5.pdf	47	eb92d04abbfc	420x280	ac738e88907c	351x234	0.1643		
innova-crysta-a4-acc-bro-4pg-2026-20260929-092949-fdc2e9f131b5.pdf	47	8903ffe0a2a8	1009x673	ac738e88907c	351x234	0.6495		
innova-crysta-a4-acc-bro-4pg-2026-20260929-092949-fdc2e9f131b5.pdf	47	9d9e9615516a	543x362	ac738e88907c	351x234	0.3498		
innova-crysta-a4-acc-bro-4pg-2026-20260929-092949-fdc2e9f131b5.pdf	47	677888f1fbbe	987x658	ac738e88907c	351x234	0.3962		
innova-crysta-a4-acc-bro-4pg-2026-20260929-092949-fdc2e9f131b5.pdf	47	b9c473d9e3e5	547x365	ac738e88907c	351x234	0.6691		
innova-crysta-a4-acc-bro-4pg-2026-20260929-092949-fdc2e9f131b5.pdf	47	501202932430	566x377	ac738e88907c	351x234	0.4886		
innova-crysta-a4-acc-bro-4pg-2026-20260929-092949-fdc2e9f131b5.pdf	47	593ff73a81c5	415x277	ac738e88907c	351x234	0.4105		
innova-crysta-a4-acc-bro-4pg-2026-20260929-092949-fdc2e9f131b5.pdf	47	48e2da3b179f	543x362	ac738e88907c	351x234	0.4012		
innova-crysta-a4-acc-bro-4pg-2026-20260929-092949-fdc2e9f131b5.pdf	47	e0e4b2d0264f	540x360	ac738e88907c	351x234	0.4011		
innova-crysta-a4-acc-bro-4pg-2026-20260929-092949-fdc2e9f131b5.pdf	47	a0033831c8e8	599x400	ac738e88907c	351x234	0.3604		
innova-crysta-a4-acc-bro-4pg-2026-20260929-092949-fdc2e9f131b5.pdf	47	6ccbb1c9bc0f	554x370	ac738e88907c	351x234	0.3944		
innova-crysta-a4-acc-bro-4pg-2026-20260929-092949-fdc2e9f131b5.pdf	47	23757b5307b8	552x368	ac738e88907c	351x234	0.2997		
innova-crysta-a4-acc-bro-4pg-2026-20260929-092949-fdc2e9f131b5.pdf	47	dca27cc94acc	570x380	ac738e88907c	351x234	0.1878		
innova-crysta-a4-acc-bro-4pg-2026-20260929-092949-fdc2e9f131b5.pdf	47	490de90fc37c	623x416	ac738e88907c	351x234	0.5202		
innova-crysta-a4-acc-bro-4pg-2026-20260929-092949-fdc2e9f131b5.pdf	47	203e3a2cefeb	534x356	ac738e88907c	351x234	0.5296		
innova-crysta-a4-acc-bro-4pg-2026-20260929-092949-fdc2e9f131b5.pdf	47	f93721686083	633x422	ac738e88907c	351x234	0.6183		
innova-crysta-a4-acc-bro-4pg-2026-20260929-092949-fdc2e9f131b5.pdf	47	33033b458850	611x408	ac738e88907c	351x234	0.4581		
innova-crysta-a4-acc-bro-4pg-2026-20260929-092949-fdc2e9f131b5.pdf	47	5f4e91e78b1e	554x370	ac738e88907c	351x234	0.5351		
innova-crysta-a4-acc-bro-4pg-2026-20260929-092949-fdc2e9f131b5.pdf	47	5da42534c5dc	589x393	ac738e88907c	351x234	0.4244		
innova-crysta-a4-acc-bro-4pg-2026-20260929-092949-fdc2e9f131b5.pdf	47	758576f11584	611x408	ac738e88907c	351x234	0.5673		
innova-crysta-a4-acc-bro-4pg-2026-20260929-092949-fdc2e9f131b5.pdf	47	9d7a91ee0c08	712x475	ac738e88907c	351x234	0.5504		
innova-crysta-a4-acc-bro-4pg-2026-20260929-092949-fdc2e9f131b5.pdf	47	aee15b37da7e	574x382	ac738e88907c	351x234	0.5656		
innova-crysta-a4-acc-bro-4pg-2026-20260929-092949-fdc2e9f131b5.pdf	47	9a425f9d6a72	434x290	ac738e88907c	351x234	0.4370		
innova-crysta-a4-acc-bro-4pg-2026-20260929-092949-fdc2e9f131b5.pdf	47	66c1a0134767	533x355	ac738e88907c	351x234	0.6210		
innova-crysta-a4-acc-bro-4pg-2026-20260929-092949-fdc2e9f131b5.pdf	47	6dde1f50bfbc	867x578	ac738e88907c	351x234	0.5107		
innova-crysta-a4-acc-bro-4pg-2026-20260929-092949-fdc2e9f131b5.pdf	47	b906ce2ca47b	593x396	da8bde851dc5	351x234	0.3688		
innova-crysta-a4-acc-bro-4pg-2026-20260929-092949-fdc2e9f131b5.pdf	47	dece132339ff	421x281	da8bde851dc5	351x234	0.3008		
innova-crysta-a4-acc-bro-4pg-2026-20260929-092949-fdc2e9f131b5.pdf	47	bd0041ec0f54	419x279	da8bde851dc5	351x234	0.2816		
innova-crysta-a4-acc-bro-4pg-2026-20260929-092949-fdc2e9f131b5.pdf	47	eb92d04abbfc	420x280	da8bde851dc5	351x234	0.1794		
innova-crysta-a4-acc-bro-4pg-2026-20260929-092949-fdc2e9f131b5.pdf	47	8903ffe0a2a8	1009x673	da8bde851dc5	351x234	0.6457		
innova-crysta-a4-acc-bro-4pg-2026-20260929-092949-fdc2e9f131b5.pdf	47	9d9e9615516a	543x362	da8bde851dc5	351x234	0.3446		
innova-crysta-a4-acc-bro-4pg-2026-20260929-092949-fdc2e9f131b5.pdf	47	677888f1fbbe	987x658	da8bde851dc5	351x234	0.3911		
innova-crysta-a4-acc-bro-4pg-2026-20260929-092949-fdc2e9f131b5.pdf	47	b9c473d9e3e5	547x365	da8bde851dc5	351x234	0.6657		
innova-crysta-a4-acc-bro-4pg-2026-20260929-092949-fdc2e9f131b5.pdf	47	501202932430	566x377	da8bde851dc5	351x234	0.4859		
innova-crysta-a4-acc-bro-4pg-2026-20260929-092949-fdc2e9f131b5.pdf	47	593ff73a81c5	415x277	da8bde851dc5	351x234	0.4030		
innova-crysta-a4-acc-bro-4pg-2026-20260929-092949-fdc2e9f131b5.pdf	47	48e2da3b179f	543x362	da8bde851dc5	351x234	0.3878		
innova-crysta-a4-acc-bro-4pg-2026-20260929-092949-fdc2e9f131b5.pdf	47	e0e4b2d0264f	540x360	da8bde851dc5	351x234	0.3957		
innova-crysta-a4-acc-bro-4pg-2026-20260929-092949-fdc2e9f131b5.pdf	47	a0033831c8e8	599x400	da8bde851dc5	351x234	0.3573		
innova-crysta-a4-acc-bro-4pg-2026-20260929-092949-fdc2e9f131b5.pdf	47	6ccbb1c9bc0f	554x370	da8bde851dc5	351x234	0.3974		
innova-crysta-a4-acc-bro-4pg-2026-20260929-092949-fdc2e9f131b5.pdf	47	23757b5307b8	552x368	da8bde851dc5	351x234	0.3095		
innova-crysta-a4-acc-bro-4pg-2026-20260929-092949-fdc2e9f131b5.pdf	47	dca27cc94acc	570x380	da8bde851dc5	351x234	0.1848		
innova-crysta-a4-acc-bro-4pg-2026-20260929-092949-fdc2e9f131b5.pdf	47	490de90fc37c	623x416	da8bde851dc5	351x234	0.5141		
innova-crysta-a4-acc-bro-4pg-2026-20260929-092949-fdc2e9f131b5.pdf	47	203e3a2cefeb	534x356	da8bde851dc5	351x234	0.5202		
innova-crysta-a4-acc-bro-4pg-2026-20260929-092949-fdc2e9f131b5.pdf	47	f93721686083	633x422	da8bde851dc5	351x234	0.6222		
innova-crysta-a4-acc-bro-4pg-2026-20260929-092949-fdc2e9f131b5.pdf	47	33033b458850	611x408	da8bde851dc5	351x234	0.4494		
innova-crysta-a4-acc-bro-4pg-2026-20260929-092949-fdc2e9f131b5.pdf	47	5f4e91e78b1e	554x370	da8bde851dc5	351x234	0.5225		
innova-crysta-a4-acc-bro-4pg-2026-20260929-092949-fdc2e9f131b5.pdf	47	5da42534c5dc	589x393	da8bde851dc5	351x234	0.4191		
innova-crysta-a4-acc-bro-4pg-2026-20260929-092949-fdc2e9f131b5.pdf	47	758576f11584	611x408	da8bde851dc5	351x234	0.5618		
innova-crysta-a4-acc-bro-4pg-2026-20260929-092949-fdc2e9f131b5.pdf	47	9d7a91ee0c08	712x475	da8bde851dc5	351x234	0.5437		
innova-crysta-a4-acc-bro-4pg-2026-20260929-092949-fdc2e9f131b5.pdf	47	aee15b37da7e	574x382	da8bde851dc5	351x234	0.5643		
innova-crysta-a4-acc-bro-4pg-2026-20260929-092949-fdc2e9f131b5.pdf	47	9a425f9d6a72	434x290	da8bde851dc5	351x234	0.4335		
innova-crysta-a4-acc-bro-4pg-2026-20260929-092949-fdc2e9f131b5.pdf	47	66c1a0134767	533x355	da8bde851dc5	351x234	0.6164		
innova-crysta-a4-acc-bro-4pg-2026-20260929-092949-fdc2e9f131b5.pdf	47	6dde1f50bfbc	867x578	da8bde851dc5	351x234	0.5133		
innova-crysta-a4-acc-bro-4pg-2026-20260929-092949-fdc2e9f131b5.pdf	47	915dd18f1c77	649x649	2d02e66605ea	422x422	0.4622		
innova-crysta-a4-acc-bro-4pg-2026-20260929-092949-fdc2e9f131b5.pdf	47	b906ce2ca47b	593x396	dece132339ff	421x281	0.3117		
innova-crysta-a4-acc-bro-4pg-2026-20260929-092949-fdc2e9f131b5.pdf	47	b906ce2ca47b	593x396	bd0041ec0f54	419x279	0.4077		
innova-crysta-a4-acc-bro-4pg-2026-20260929-092949-fdc2e9f131b5.pdf	47	b906ce2ca47b	593x396	eb92d04abbfc	420x280	0.4139		
innova-crysta-a4-acc-bro-4pg-2026-20260929-092949-fdc2e9f131b5.pdf	47	8903ffe0a2a8	1009x673	b906ce2ca47b	593x396	0.4296		
innova-crysta-a4-acc-bro-4pg-2026-20260929-092949-fdc2e9f131b5.pdf	47	b906ce2ca47b	593x396	9d9e9615516a	543x362	0.2959		
innova-crysta-a4-acc-bro-4pg-2026-20260929-092949-fdc2e9f131b5.pdf	47	677888f1fbbe	987x658	b906ce2ca47b	593x396	0.3408		
innova-crysta-a4-acc-bro-4pg-2026-20260929-092949-fdc2e9f131b5.pdf	47	b906ce2ca47b	593x396	b9c473d9e3e5	547x365	0.3767		
innova-crysta-a4-acc-bro-4pg-2026-20260929-092949-fdc2e9f131b5.pdf	47	b906ce2ca47b	593x396	501202932430	566x377	0.3844		
innova-crysta-a4-acc-bro-4pg-2026-20260929-092949-fdc2e9f131b5.pdf	47	b906ce2ca47b	593x396	593ff73a81c5	415x277	0.3438		
innova-crysta-a4-acc-bro-4pg-2026-20260929-092949-fdc2e9f131b5.pdf	47	b906ce2ca47b	593x396	48e2da3b179f	543x362	0.3832		
innova-crysta-a4-acc-bro-4pg-2026-20260929-092949-fdc2e9f131b5.pdf	47	b906ce2ca47b	593x396	e0e4b2d0264f	540x360	0.3217		
innova-crysta-a4-acc-bro-4pg-2026-20260929-092949-fdc2e9f131b5.pdf	47	a0033831c8e8	599x400	b906ce2ca47b	593x396	0.3701		
innova-crysta-a4-acc-bro-4pg-2026-20260929-092949-fdc2e9f131b5.pdf	47	b906ce2ca47b	593x396	6ccbb1c9bc0f	554x370	0.4466		
innova-crysta-a4-acc-bro-4pg-2026-20260929-092949-fdc2e9f131b5.pdf	47	b906ce2ca47b	593x396	23757b5307b8	552x368	0.3789		
innova-crysta-a4-acc-bro-4pg-2026-20260929-092949-fdc2e9f131b5.pdf	47	b906ce2ca47b	593x396	dca27cc94acc	570x380	0.3635		
innova-crysta-a4-acc-bro-4pg-2026-20260929-092949-fdc2e9f131b5.pdf	47	490de90fc37c	623x416	b906ce2ca47b	593x396	0.3287		
innova-crysta-a4-acc-bro-4pg-2026-20260929-092949-fdc2e9f131b5.pdf	47	b906ce2ca47b	593x396	203e3a2cefeb	534x356	0.2965		
innova-crysta-a4-acc-bro-4pg-2026-20260929-092949-fdc2e9f131b5.pdf	47	f93721686083	633x422	b906ce2ca47b	593x396	0.4492		
innova-crysta-a4-acc-bro-4pg-2026-20260929-092949-fdc2e9f131b5.pdf	47	33033b458850	611x408	b906ce2ca47b	593x396	0.3420		
innova-crysta-a4-acc-bro-4pg-2026-20260929-092949-fdc2e9f131b5.pdf	47	b906ce2ca47b	593x396	5f4e91e78b1e	554x370	0.3866		
innova-crysta-a4-acc-bro-4pg-2026-20260929-092949-fdc2e9f131b5.pdf	47	b906ce2ca47b	593x396	5da42534c5dc	589x393	0.3802		
innova-crysta-a4-acc-bro-4pg-2026-20260929-092949-fdc2e9f131b5.pdf	47	758576f11584	611x408	b906ce2ca47b	593x396	0.3958		
innova-crysta-a4-acc-bro-4pg-2026-20260929-092949-fdc2e9f131b5.pdf	47	9d7a91ee0c08	712x475	b906ce2ca47b	593x396	0.2624		
innova-crysta-a4-acc-bro-4pg-2026-20260929-092949-fdc2e9f131b5.pdf	47	b906ce2ca47b	593x396	aee15b37da7e	574x382	0.3470		
innova-crysta-a4-acc-bro-4pg-2026-20260929-092949-fdc2e9f131b5.pdf	47	b906ce2ca47b	593x396	9a425f9d6a72	434x290	0.3679		
innova-crysta-a4-acc-bro-4pg-2026-20260929-092949-fdc2e9f131b5.pdf	47	b906ce2ca47b	593x396	66c1a0134767	533x355	0.4218		
innova-crysta-a4-acc-bro-4pg-2026-20260929-092949-fdc2e9f131b5.pdf	47	6dde1f50bfbc	867x578	b906ce2ca47b	593x396	0.3784		
innova-crysta-a4-acc-bro-4pg-2026-20260929-092949-fdc2e9f131b5.pdf	47	dece132339ff	421x281	bd0041ec0f54	419x279	0.4228		
innova-crysta-a4-acc-bro-4pg-2026-20260929-092949-fdc2e9f131b5.pdf	47	dece132339ff	421x281	eb92d04abbfc	420x280	0.3244		
innova-crysta-a4-acc-bro-4pg-2026-20260929-092949-fdc2e9f131b5.pdf	47	8903ffe0a2a8	1009x673	dece132339ff	421x281	0.4600		
innova-crysta-a4-acc-bro-4pg-2026-20260929-092949-fdc2e9f131b5.pdf	47	9d9e9615516a	543x362	dece132339ff	421x281	0.2787		
innova-crysta-a4-acc-bro-4pg-2026-20260929-092949-fdc2e9f131b5.pdf	47	677888f1fbbe	987x658	dece132339ff	421x281	0.3133		
innova-crysta-a4-acc-bro-4pg-2026-20260929-092949-fdc2e9f131b5.pdf	47	b9c473d9e3e5	547x365	dece132339ff	421x281	0.4118		
innova-crysta-a4-acc-bro-4pg-2026-20260929-092949-fdc2e9f131b5.pdf	47	501202932430	566x377	dece132339ff	421x281	0.4270		
innova-crysta-a4-acc-bro-4pg-2026-20260929-092949-fdc2e9f131b5.pdf	47	dece132339ff	421x281	593ff73a81c5	415x277	0.3955		
innova-crysta-a4-acc-bro-4pg-2026-20260929-092949-fdc2e9f131b5.pdf	47	48e2da3b179f	543x362	dece132339ff	421x281	0.2787		
innova-crysta-a4-acc-bro-4pg-2026-20260929-092949-fdc2e9f131b5.pdf	47	e0e4b2d0264f	540x360	dece132339ff	421x281	0.3020		
innova-crysta-a4-acc-bro-4pg-2026-20260929-092949-fdc2e9f131b5.pdf	47	a0033831c8e8	599x400	dece132339ff	421x281	0.2580		
innova-crysta-a4-acc-bro-4pg-2026-20260929-092949-fdc2e9f131b5.pdf	47	6ccbb1c9bc0f	554x370	dece132339ff	421x281	0.3960		
innova-crysta-a4-acc-bro-4pg-2026-20260929-092949-fdc2e9f131b5.pdf	47	23757b5307b8	552x368	dece132339ff	421x281	0.3740		
innova-crysta-a4-acc-bro-4pg-2026-20260929-092949-fdc2e9f131b5.pdf	47	dca27cc94acc	570x380	dece132339ff	421x281	0.3533		
innova-crysta-a4-acc-bro-4pg-2026-20260929-092949-fdc2e9f131b5.pdf	47	490de90fc37c	623x416	dece132339ff	421x281	0.3068		
innova-crysta-a4-acc-bro-4pg-2026-20260929-092949-fdc2e9f131b5.pdf	47	203e3a2cefeb	534x356	dece132339ff	421x281	0.3275		
innova-crysta-a4-acc-bro-4pg-2026-20260929-092949-fdc2e9f131b5.pdf	47	f93721686083	633x422	dece132339ff	421x281	0.5119		
innova-crysta-a4-acc-bro-4pg-2026-20260929-092949-fdc2e9f131b5.pdf	47	33033b458850	611x408	dece132339ff	421x281	0.4539		
innova-crysta-a4-acc-bro-4pg-2026-20260929-092949-fdc2e9f131b5.pdf	47	5f4e91e78b1e	554x370	dece132339ff	421x281	0.4187		
innova-crysta-a4-acc-bro-4pg-2026-20260929-092949-fdc2e9f131b5.pdf	47	5da42534c5dc	589x393	dece132339ff	421x281	0.3743		
innova-crysta-a4-acc-bro-4pg-2026-20260929-092949-fdc2e9f131b5.pdf	47	758576f11584	611x408	dece132339ff	421x281	0.4051		
innova-crysta-a4-acc-bro-4pg-2026-20260929-092949-fdc2e9f131b5.pdf	47	9d7a91ee0c08	712x475	dece132339ff	421x281	0.3729		
innova-crysta-a4-acc-bro-4pg-2026-20260929-092949-fdc2e9f131b5.pdf	47	aee15b37da7e	574x382	dece132339ff	421x281	0.3287		
innova-crysta-a4-acc-bro-4pg-2026-20260929-092949-fdc2e9f131b5.pdf	47	9a425f9d6a72	434x290	dece132339ff	421x281	0.4857		
innova-crysta-a4-acc-bro-4pg-2026-20260929-092949-fdc2e9f131b5.pdf	47	66c1a0134767	533x355	dece132339ff	421x281	0.4177		
innova-crysta-a4-acc-bro-4pg-2026-20260929-092949-fdc2e9f131b5.pdf	47	6dde1f50bfbc	867x578	dece132339ff	421x281	0.3303		
innova-crysta-a4-acc-bro-4pg-2026-20260929-092949-fdc2e9f131b5.pdf	47	eb92d04abbfc	420x280	bd0041ec0f54	419x279	0.3393		
innova-crysta-a4-acc-bro-4pg-2026-20260929-092949-fdc2e9f131b5.pdf	47	8903ffe0a2a8	1009x673	bd0041ec0f54	419x279	0.5153		
innova-crysta-a4-acc-bro-4pg-2026-20260929-092949-fdc2e9f131b5.pdf	47	9d9e9615516a	543x362	bd0041ec0f54	419x279	0.5024		
innova-crysta-a4-acc-bro-4pg-2026-20260929-092949-fdc2e9f131b5.pdf	47	677888f1fbbe	987x658	bd0041ec0f54	419x279	0.5143		
innova-crysta-a4-acc-bro-4pg-2026-20260929-092949-fdc2e9f131b5.pdf	47	b9c473d9e3e5	547x365	bd0041ec0f54	419x279	0.5347		
innova-crysta-a4-acc-bro-4pg-2026-20260929-092949-fdc2e9f131b5.pdf	47	501202932430	566x377	bd0041ec0f54	419x279	0.3222		
innova-crysta-a4-acc-bro-4pg-2026-20260929-092949-fdc2e9f131b5.pdf	47	bd0041ec0f54	419x279	593ff73a81c5	415x277	0.2763		
innova-crysta-a4-acc-bro-4pg-2026-20260929-092949-fdc2e9f131b5.pdf	47	48e2da3b179f	543x362	bd0041ec0f54	419x279	0.3003		
innova-crysta-a4-acc-bro-4pg-2026-20260929-092949-fdc2e9f131b5.pdf	47	e0e4b2d0264f	540x360	bd0041ec0f54	419x279	0.3777		
innova-crysta-a4-acc-bro-4pg-2026-20260929-092949-fdc2e9f131b5.pdf	47	a0033831c8e8	599x400	bd0041ec0f54	419x279	0.5409		
innova-crysta-a4-acc-bro-4pg-2026-20260929-092949-fdc2e9f131b5.pdf	47	6ccbb1c9bc0f	554x370	bd0041ec0f54	419x279	0.3182		
innova-crysta-a4-acc-bro-4pg-2026-20260929-092949-fdc2e9f131b5.pdf	47	23757b5307b8	552x368	bd0041ec0f54	419x279	0.2669		
innova-crysta-a4-acc-bro-4pg-2026-20260929-092949-fdc2e9f131b5.pdf	47	dca27cc94acc	570x380	bd0041ec0f54	419x279	0.2779		
innova-crysta-a4-acc-bro-4pg-2026-20260929-092949-fdc2e9f131b5.pdf	47	490de90fc37c	623x416	bd0041ec0f54	419x279	0.5026		
innova-crysta-a4-acc-bro-4pg-2026-20260929-092949-fdc2e9f131b5.pdf	47	203e3a2cefeb	534x356	bd0041ec0f54	419x279	0.5311		
innova-crysta-a4-acc-bro-4pg-2026-20260929-092949-fdc2e9f131b5.pdf	47	f93721686083	633x422	bd0041ec0f54	419x279	0.4429		
innova-crysta-a4-acc-bro-4pg-2026-20260929-092949-fdc2e9f131b5.pdf	47	33033b458850	611x408	bd0041ec0f54	419x279	0.2807		
innova-crysta-a4-acc-bro-4pg-2026-20260929-092949-fdc2e9f131b5.pdf	47	5f4e91e78b1e	554x370	bd0041ec0f54	419x279	0.3949		
innova-crysta-a4-acc-bro-4pg-2026-20260929-092949-fdc2e9f131b5.pdf	47	5da42534c5dc	589x393	bd0041ec0f54	419x279	0.3849		
innova-crysta-a4-acc-bro-4pg-2026-20260929-092949-fdc2e9f131b5.pdf	47	758576f11584	611x408	bd0041ec0f54	419x279	0.4432		
innova-crysta-a4-acc-bro-4pg-2026-20260929-092949-fdc2e9f131b5.pdf	47	9d7a91ee0c08	712x475	bd0041ec0f54	419x279	0.4324		
innova-crysta-a4-acc-bro-4pg-2026-20260929-092949-fdc2e9f131b5.pdf	47	aee15b37da7e	574x382	bd0041ec0f54	419x279	0.5754		
innova-crysta-a4-acc-bro-4pg-2026-20260929-092949-fdc2e9f131b5.pdf	47	9a425f9d6a72	434x290	bd0041ec0f54	419x279	0.2536		
innova-crysta-a4-acc-bro-4pg-2026-20260929-092949-fdc2e9f131b5.pdf	47	66c1a0134767	533x355	bd0041ec0f54	419x279	0.5035		
innova-crysta-a4-acc-bro-4pg-2026-20260929-092949-fdc2e9f131b5.pdf	47	6dde1f50bfbc	867x578	bd0041ec0f54	419x279	0.5755		
innova-crysta-a4-acc-bro-4pg-2026-20260929-092949-fdc2e9f131b5.pdf	47	8903ffe0a2a8	1009x673	eb92d04abbfc	420x280	0.5641		
innova-crysta-a4-acc-bro-4pg-2026-20260929-092949-fdc2e9f131b5.pdf	47	9d9e9615516a	543x362	eb92d04abbfc	420x280	0.3316		
innova-crysta-a4-acc-bro-4pg-2026-20260929-092949-fdc2e9f131b5.pdf	47	677888f1fbbe	987x658	eb92d04abbfc	420x280	0.3617		
innova-crysta-a4-acc-bro-4pg-2026-20260929-092949-fdc2e9f131b5.pdf	47	b9c473d9e3e5	547x365	eb92d04abbfc	420x280	0.5771		
innova-crysta-a4-acc-bro-4pg-2026-20260929-092949-fdc2e9f131b5.pdf	47	501202932430	566x377	eb92d04abbfc	420x280	0.4541		
innova-crysta-a4-acc-bro-4pg-2026-20260929-092949-fdc2e9f131b5.pdf	47	eb92d04abbfc	420x280	593ff73a81c5	415x277	0.4157		
innova-crysta-a4-acc-bro-4pg-2026-20260929-092949-fdc2e9f131b5.pdf	47	48e2da3b179f	543x362	eb92d04abbfc	420x280	0.4307		
innova-crysta-a4-acc-bro-4pg-2026-20260929-092949-fdc2e9f131b5.pdf	47	e0e4b2d0264f	540x360	eb92d04abbfc	420x280	0.4164		
innova-crysta-a4-acc-bro-4pg-2026-20260929-092949-fdc2e9f131b5.pdf	47	a0033831c8e8	599x400	eb92d04abbfc	420x280	0.3350		
innova-crysta-a4-acc-bro-4pg-2026-20260929-092949-fdc2e9f131b5.pdf	47	6ccbb1c9bc0f	554x370	eb92d04abbfc	420x280	0.3786		
innova-crysta-a4-acc-bro-4pg-2026-20260929-092949-fdc2e9f131b5.pdf	47	23757b5307b8	552x368	eb92d04abbfc	420x280	0.3329		
innova-crysta-a4-acc-bro-4pg-2026-20260929-092949-fdc2e9f131b5.pdf	47	dca27cc94acc	570x380	eb92d04abbfc	420x280	0.2350		
innova-crysta-a4-acc-bro-4pg-2026-20260929-092949-fdc2e9f131b5.pdf	47	490de90fc37c	623x416	eb92d04abbfc	420x280	0.5045		
innova-crysta-a4-acc-bro-4pg-2026-20260929-092949-fdc2e9f131b5.pdf	47	203e3a2cefeb	534x356	eb92d04abbfc	420x280	0.4750		
innova-crysta-a4-acc-bro-4pg-2026-20260929-092949-fdc2e9f131b5.pdf	47	f93721686083	633x422	eb92d04abbfc	420x280	0.5239		
innova-crysta-a4-acc-bro-4pg-2026-20260929-092949-fdc2e9f131b5.pdf	47	33033b458850	611x408	eb92d04abbfc	420x280	0.4298		
innova-crysta-a4-acc-bro-4pg-2026-20260929-092949-fdc2e9f131b5.pdf	47	5f4e91e78b1e	554x370	eb92d04abbfc	420x280	0.4791		
innova-crysta-a4-acc-bro-4pg-2026-20260929-092949-fdc2e9f131b5.pdf	47	5da42534c5dc	589x393	eb92d04abbfc	420x280	0.4021		
innova-crysta-a4-acc-bro-4pg-2026-20260929-092949-fdc2e9f131b5.pdf	47	758576f11584	611x408	eb92d04abbfc	420x280	0.4997		
innova-crysta-a4-acc-bro-4pg-2026-20260929-092949-fdc2e9f131b5.pdf	47	9d7a91ee0c08	712x475	eb92d04abbfc	420x280	0.5165		
innova-crysta-a4-acc-bro-4pg-2026-20260929-092949-fdc2e9f131b5.pdf	47	aee15b37da7e	574x382	eb92d04abbfc	420x280	0.4783		
innova-crysta-a4-acc-bro-4pg-2026-20260929-092949-fdc2e9f131b5.pdf	47	9a425f9d6a72	434x290	eb92d04abbfc	420x280	0.4503		
innova-crysta-a4-acc-bro-4pg-2026-20260929-092949-fdc2e9f131b5.pdf	47	66c1a0134767	533x355	eb92d04abbfc	420x280	0.5330		
innova-crysta-a4-acc-bro-4pg-2026-20260929-092949-fdc2e9f131b5.pdf	47	6dde1f50bfbc	867x578	eb92d04abbfc	420x280	0.4378		
innova-crysta-a4-acc-bro-4pg-2026-20260929-092949-fdc2e9f131b5.pdf	47	8903ffe0a2a8	1009x673	9d9e9615516a	543x362	0.4244		
innova-crysta-a4-acc-bro-4pg-2026-20260929-092949-fdc2e9f131b5.pdf	47	8903ffe0a2a8	1009x673	677888f1fbbe	987x658	0.3687		
innova-crysta-a4-acc-bro-4pg-2026-20260929-092949-fdc2e9f131b5.pdf	47	8903ffe0a2a8	1009x673	b9c473d9e3e5	547x365	0.1455		
innova-crysta-a4-acc-bro-4pg-2026-20260929-092949-fdc2e9f131b5.pdf	47	8903ffe0a2a8	1009x673	501202932430	566x377	0.2558		
innova-crysta-a4-acc-bro-4pg-2026-20260929-092949-fdc2e9f131b5.pdf	47	8903ffe0a2a8	1009x673	593ff73a81c5	415x277	0.3278		
innova-crysta-a4-acc-bro-4pg-2026-20260929-092949-fdc2e9f131b5.pdf	47	8903ffe0a2a8	1009x673	48e2da3b179f	543x362	0.3729		
innova-crysta-a4-acc-bro-4pg-2026-20260929-092949-fdc2e9f131b5.pdf	47	8903ffe0a2a8	1009x673	e0e4b2d0264f	540x360	0.3960		
innova-crysta-a4-acc-bro-4pg-2026-20260929-092949-fdc2e9f131b5.pdf	47	8903ffe0a2a8	1009x673	a0033831c8e8	599x400	0.4035		
innova-crysta-a4-acc-bro-4pg-2026-20260929-092949-fdc2e9f131b5.pdf	47	8903ffe0a2a8	1009x673	6ccbb1c9bc0f	554x370	0.3140		
innova-crysta-a4-acc-bro-4pg-2026-20260929-092949-fdc2e9f131b5.pdf	47	8903ffe0a2a8	1009x673	23757b5307b8	552x368	0.4748		
innova-crysta-a4-acc-bro-4pg-2026-20260929-092949-fdc2e9f131b5.pdf	47	8903ffe0a2a8	1009x673	dca27cc94acc	570x380	0.5565		
innova-crysta-a4-acc-bro-4pg-2026-20260929-092949-fdc2e9f131b5.pdf	47	8903ffe0a2a8	1009x673	490de90fc37c	623x416	0.3352		
innova-crysta-a4-acc-bro-4pg-2026-20260929-092949-fdc2e9f131b5.pdf	47	8903ffe0a2a8	1009x673	203e3a2cefeb	534x356	0.2838		
innova-crysta-a4-acc-bro-4pg-2026-20260929-092949-fdc2e9f131b5.pdf	47	8903ffe0a2a8	1009x673	f93721686083	633x422	0.2302		
innova-crysta-a4-acc-bro-4pg-2026-20260929-092949-fdc2e9f131b5.pdf	47	8903ffe0a2a8	1009x673	33033b458850	611x408	0.2890		
innova-crysta-a4-acc-bro-4pg-2026-20260929-092949-fdc2e9f131b5.pdf	47	8903ffe0a2a8	1009x673	5f4e91e78b1e	554x370	0.2315		
innova-crysta-a4-acc-bro-4pg-2026-20260929-092949-fdc2e9f131b5.pdf	47	8903ffe0a2a8	1009x673	5da42534c5dc	589x393	0.2629		
innova-crysta-a4-acc-bro-4pg-2026-20260929-092949-fdc2e9f131b5.pdf	47	8903ffe0a2a8	1009x673	758576f11584	611x408	0.1671		
innova-crysta-a4-acc-bro-4pg-2026-20260929-092949-fdc2e9f131b5.pdf	47	8903ffe0a2a8	1009x673	9d7a91ee0c08	712x475	0.2362		
innova-crysta-a4-acc-bro-4pg-2026-20260929-092949-fdc2e9f131b5.pdf	47	8903ffe0a2a8	1009x673	aee15b37da7e	574x382	0.1732		
innova-crysta-a4-acc-bro-4pg-2026-20260929-092949-fdc2e9f131b5.pdf	47	8903ffe0a2a8	1009x673	9a425f9d6a72	434x290	0.3299		
innova-crysta-a4-acc-bro-4pg-2026-20260929-092949-fdc2e9f131b5.pdf	47	8903ffe0a2a8	1009x673	66c1a0134767	533x355	0.1734		
innova-crysta-a4-acc-bro-4pg-2026-20260929-092949-fdc2e9f131b5.pdf	47	8903ffe0a2a8	1009x673	6dde1f50bfbc	867x578	0.2111		
innova-crysta-a4-acc-bro-4pg-2026-20260929-092949-fdc2e9f131b5.pdf	47	677888f1fbbe	987x658	9d9e9615516a	543x362	0.2509		
innova-crysta-a4-acc-bro-4pg-2026-20260929-092949-fdc2e9f131b5.pdf	47	b9c473d9e3e5	547x365	9d9e9615516a	543x362	0.3797		
innova-crysta-a4-acc-bro-4pg-2026-20260929-092949-fdc2e9f131b5.pdf	47	501202932430	566x377	9d9e9615516a	543x362	0.4283		
innova-crysta-a4-acc-bro-4pg-2026-20260929-092949-fdc2e9f131b5.pdf	47	9d9e9615516a	543x362	593ff73a81c5	415x277	0.3903		
innova-crysta-a4-acc-bro-4pg-2026-20260929-092949-fdc2e9f131b5.pdf	47	9d9e9615516a	543x362	48e2da3b179f	543x362	0.4322		
innova-crysta-a4-acc-bro-4pg-2026-20260929-092949-fdc2e9f131b5.pdf	47	9d9e9615516a	543x362	e0e4b2d0264f	540x360	0.3117		
innova-crysta-a4-acc-bro-4pg-2026-20260929-092949-fdc2e9f131b5.pdf	47	a0033831c8e8	599x400	9d9e9615516a	543x362	0.2426		
innova-crysta-a4-acc-bro-4pg-2026-20260929-092949-fdc2e9f131b5.pdf	47	6ccbb1c9bc0f	554x370	9d9e9615516a	543x362	0.4277		
innova-crysta-a4-acc-bro-4pg-2026-20260929-092949-fdc2e9f131b5.pdf	47	23757b5307b8	552x368	9d9e9615516a	543x362	0.3591		
innova-crysta-a4-acc-bro-4pg-2026-20260929-092949-fdc2e9f131b5.pdf	47	dca27cc94acc	570x380	9d9e9615516a	543x362	0.3815		
innova-crysta-a4-acc-bro-4pg-2026-20260929-092949-fdc2e9f131b5.pdf	47	490de90fc37c	623x416	9d9e9615516a	543x362	0.3252		
innova-crysta-a4-acc-bro-4pg-2026-20260929-092949-fdc2e9f131b5.pdf	47	9d9e9615516a	543x362	203e3a2cefeb	534x356	0.2924		
innova-crysta-a4-acc-bro-4pg-2026-20260929-092949-fdc2e9f131b5.pdf	47	f93721686083	633x422	9d9e9615516a	543x362	0.4415		
innova-crysta-a4-acc-bro-4pg-2026-20260929-092949-fdc2e9f131b5.pdf	47	33033b458850	611x408	9d9e9615516a	543x362	0.3961		
innova-crysta-a4-acc-bro-4pg-2026-20260929-092949-fdc2e9f131b5.pdf	47	5f4e91e78b1e	554x370	9d9e9615516a	543x362	0.4114		
innova-crysta-a4-acc-bro-4pg-2026-20260929-092949-fdc2e9f131b5.pdf	47	5da42534c5dc	589x393	9d9e9615516a	543x362	0.4068		
innova-crysta-a4-acc-bro-4pg-2026-20260929-092949-fdc2e9f131b5.pdf	47	758576f11584	611x408	9d9e9615516a	543x362	0.4344		
innova-crysta-a4-acc-bro-4pg-2026-20260929-092949-fdc2e9f131b5.pdf	47	9d7a91ee0c08	712x475	9d9e9615516a	543x362	0.3665		
innova-crysta-a4-acc-bro-4pg-2026-20260929-092949-fdc2e9f131b5.pdf	47	aee15b37da7e	574x382	9d9e9615516a	543x362	0.2948		
innova-crysta-a4-acc-bro-4pg-2026-20260929-092949-fdc2e9f131b5.pdf	47	9d9e9615516a	543x362	9a425f9d6a72	434x290	0.4719		
innova-crysta-a4-acc-bro-4pg-2026-20260929-092949-fdc2e9f131b5.pdf	47	9d9e9615516a	543x362	66c1a0134767	533x355	0.4437		
innova-crysta-a4-acc-bro-4pg-2026-20260929-092949-fdc2e9f131b5.pdf	47	6dde1f50bfbc	867x578	9d9e9615516a	543x362	0.2964		
innova-crysta-a4-acc-bro-4pg-2026-20260929-092949-fdc2e9f131b5.pdf	47	677888f1fbbe	987x658	b9c473d9e3e5	547x365	0.3276		
innova-crysta-a4-acc-bro-4pg-2026-20260929-092949-fdc2e9f131b5.pdf	47	677888f1fbbe	987x658	501202932430	566x377	0.3948		
innova-crysta-a4-acc-bro-4pg-2026-20260929-092949-fdc2e9f131b5.pdf	47	677888f1fbbe	987x658	593ff73a81c5	415x277	0.3813		
innova-crysta-a4-acc-bro-4pg-2026-20260929-092949-fdc2e9f131b5.pdf	47	677888f1fbbe	987x658	48e2da3b179f	543x362	0.4455		
innova-crysta-a4-acc-bro-4pg-2026-20260929-092949-fdc2e9f131b5.pdf	47	677888f1fbbe	987x658	e0e4b2d0264f	540x360	0.2777		
innova-crysta-a4-acc-bro-4pg-2026-20260929-092949-fdc2e9f131b5.pdf	47	677888f1fbbe	987x658	a0033831c8e8	599x400	0.1969		
innova-crysta-a4-acc-bro-4pg-2026-20260929-092949-fdc2e9f131b5.pdf	47	677888f1fbbe	987x658	6ccbb1c9bc0f	554x370	0.3918		
innova-crysta-a4-acc-bro-4pg-2026-20260929-092949-fdc2e9f131b5.pdf	47	677888f1fbbe	987x658	23757b5307b8	552x368	0.3544		
innova-crysta-a4-acc-bro-4pg-2026-20260929-092949-fdc2e9f131b5.pdf	47	677888f1fbbe	987x658	dca27cc94acc	570x380	0.4108		
innova-crysta-a4-acc-bro-4pg-2026-20260929-092949-fdc2e9f131b5.pdf	47	677888f1fbbe	987x658	490de90fc37c	623x416	0.3017		
innova-crysta-a4-acc-bro-4pg-2026-20260929-092949-fdc2e9f131b5.pdf	47	677888f1fbbe	987x658	203e3a2cefeb	534x356	0.2781		
innova-crysta-a4-acc-bro-4pg-2026-20260929-092949-fdc2e9f131b5.pdf	47	677888f1fbbe	987x658	f93721686083	633x422	0.3503		
innova-crysta-a4-acc-bro-4pg-2026-20260929-092949-fdc2e9f131b5.pdf	47	677888f1fbbe	987x658	33033b458850	611x408	0.3828		
innova-crysta-a4-acc-bro-4pg-2026-20260929-092949-fdc2e9f131b5.pdf	47	677888f1fbbe	987x658	5f4e91e78b1e	554x370	0.3892		
innova-crysta-a4-acc-bro-4pg-2026-20260929-092949-fdc2e9f131b5.pdf	47	677888f1fbbe	987x658	5da42534c5dc	589x393	0.4338		
innova-crysta-a4-acc-bro-4pg-2026-20260929-092949-fdc2e9f131b5.pdf	47	677888f1fbbe	987x658	758576f11584	611x408	0.3862		
innova-crysta-a4-acc-bro-4pg-2026-20260929-092949-fdc2e9f131b5.pdf	47	677888f1fbbe	987x658	9d7a91ee0c08	712x475	0.3698		
innova-crysta-a4-acc-bro-4pg-2026-20260929-092949-fdc2e9f131b5.pdf	47	677888f1fbbe	987x658	aee15b37da7e	574x382	0.2581		
innova-crysta-a4-acc-bro-4pg-2026-20260929-092949-fdc2e9f131b5.pdf	47	677888f1fbbe	987x658	9a425f9d6a72	434x290	0.4956		
innova-crysta-a4-acc-bro-4pg-2026-20260929-092949-fdc2e9f131b5.pdf	47	677888f1fbbe	987x658	66c1a0134767	533x355	0.3501		
innova-crysta-a4-acc-bro-4pg-2026-20260929-092949-fdc2e9f131b5.pdf	47	677888f1fbbe	987x658	6dde1f50bfbc	867x578	0.2509		
innova-crysta-a4-acc-bro-4pg-2026-20260929-092949-fdc2e9f131b5.pdf	47	501202932430	566x377	b9c473d9e3e5	547x365	0.2620		
innova-crysta-a4-acc-bro-4pg-2026-20260929-092949-fdc2e9f131b5.pdf	47	b9c473d9e3e5	547x365	593ff73a81c5	415x277	0.3283		
innova-crysta-a4-acc-bro-4pg-2026-20260929-092949-fdc2e9f131b5.pdf	47	b9c473d9e3e5	547x365	48e2da3b179f	543x362	0.3521		
innova-crysta-a4-acc-bro-4pg-2026-20260929-092949-fdc2e9f131b5.pdf	47	b9c473d9e3e5	547x365	e0e4b2d0264f	540x360	0.3241		
innova-crysta-a4-acc-bro-4pg-2026-20260929-092949-fdc2e9f131b5.pdf	47	a0033831c8e8	599x400	b9c473d9e3e5	547x365	0.3631		
innova-crysta-a4-acc-bro-4pg-2026-20260929-092949-fdc2e9f131b5.pdf	47	6ccbb1c9bc0f	554x370	b9c473d9e3e5	547x365	0.3384		
innova-crysta-a4-acc-bro-4pg-2026-20260929-092949-fdc2e9f131b5.pdf	47	23757b5307b8	552x368	b9c473d9e3e5	547x365	0.4453		
innova-crysta-a4-acc-bro-4pg-2026-20260929-092949-fdc2e9f131b5.pdf	47	dca27cc94acc	570x380	b9c473d9e3e5	547x365	0.5604		
innova-crysta-a4-acc-bro-4pg-2026-20260929-092949-fdc2e9f131b5.pdf	47	490de90fc37c	623x416	b9c473d9e3e5	547x365	0.2690		
innova-crysta-a4-acc-bro-4pg-2026-20260929-092949-fdc2e9f131b5.pdf	47	b9c473d9e3e5	547x365	203e3a2cefeb	534x356	0.2211		
innova-crysta-a4-acc-bro-4pg-2026-20260929-092949-fdc2e9f131b5.pdf	47	f93721686083	633x422	b9c473d9e3e5	547x365	0.1987		
innova-crysta-a4-acc-bro-4pg-2026-20260929-092949-fdc2e9f131b5.pdf	47	33033b458850	611x408	b9c473d9e3e5	547x365	0.2995		
innova-crysta-a4-acc-bro-4pg-2026-20260929-092949-fdc2e9f131b5.pdf	47	5f4e91e78b1e	554x370	b9c473d9e3e5	547x365	0.2587		
innova-crysta-a4-acc-bro-4pg-2026-20260929-092949-fdc2e9f131b5.pdf	47	5da42534c5dc	589x393	b9c473d9e3e5	547x365	0.3280		
innova-crysta-a4-acc-bro-4pg-2026-20260929-092949-fdc2e9f131b5.pdf	47	758576f11584	611x408	b9c473d9e3e5	547x365	0.2206		
innova-crysta-a4-acc-bro-4pg-2026-20260929-092949-fdc2e9f131b5.pdf	47	9d7a91ee0c08	712x475	b9c473d9e3e5	547x365	0.2014		
innova-crysta-a4-acc-bro-4pg-2026-20260929-092949-fdc2e9f131b5.pdf	47	aee15b37da7e	574x382	b9c473d9e3e5	547x365	0.1456		
innova-crysta-a4-acc-bro-4pg-2026-20260929-092949-fdc2e9f131b5.pdf	47	b9c473d9e3e5	547x365	9a425f9d6a72	434x290	0.3578		
innova-crysta-a4-acc-bro-4pg-2026-20260929-092949-fdc2e9f131b5.pdf	47	b9c473d9e3e5	547x365	66c1a0134767	533x355	0.1765		
innova-crysta-a4-acc-bro-4pg-2026-20260929-092949-fdc2e9f131b5.pdf	47	6dde1f50bfbc	867x578	b9c473d9e3e5	547x365	0.1995		
innova-crysta-a4-acc-bro-4pg-2026-20260929-092949-fdc2e9f131b5.pdf	47	501202932430	566x377	593ff73a81c5	415x277	0.2030		
innova-crysta-a4-acc-bro-4pg-2026-20260929-092949-fdc2e9f131b5.pdf	47	501202932430	566x377	48e2da3b179f	543x362	0.2986		
innova-crysta-a4-acc-bro-4pg-2026-20260929-092949-fdc2e9f131b5.pdf	47	501202932430	566x377	e0e4b2d0264f	540x360	0.3535		
innova-crysta-a4-acc-bro-4pg-2026-20260929-092949-fdc2e9f131b5.pdf	47	a0033831c8e8	599x400	501202932430	566x377	0.4342		
innova-crysta-a4-acc-bro-4pg-2026-20260929-092949-fdc2e9f131b5.pdf	47	501202932430	566x377	6ccbb1c9bc0f	554x370	0.2094		
innova-crysta-a4-acc-bro-4pg-2026-20260929-092949-fdc2e9f131b5.pdf	47	501202932430	566x377	23757b5307b8	552x368	0.3368		
innova-crysta-a4-acc-bro-4pg-2026-20260929-092949-fdc2e9f131b5.pdf	47	dca27cc94acc	570x380	501202932430	566x377	0.4011		
innova-crysta-a4-acc-bro-4pg-2026-20260929-092949-fdc2e9f131b5.pdf	47	490de90fc37c	623x416	501202932430	566x377	0.3774		
innova-crysta-a4-acc-bro-4pg-2026-20260929-092949-fdc2e9f131b5.pdf	47	501202932430	566x377	203e3a2cefeb	534x356	0.3634		
innova-crysta-a4-acc-bro-4pg-2026-20260929-092949-fdc2e9f131b5.pdf	47	f93721686083	633x422	501202932430	566x377	0.2715		
innova-crysta-a4-acc-bro-4pg-2026-20260929-092949-fdc2e9f131b5.pdf	47	33033b458850	611x408	501202932430	566x377	0.1785		
innova-crysta-a4-acc-bro-4pg-2026-20260929-092949-fdc2e9f131b5.pdf	47	501202932430	566x377	5f4e91e78b1e	554x370	0.2463		
innova-crysta-a4-acc-bro-4pg-2026-20260929-092949-fdc2e9f131b5.pdf	47	5da42534c5dc	589x393	501202932430	566x377	0.2365		
innova-crysta-a4-acc-bro-4pg-2026-20260929-092949-fdc2e9f131b5.pdf	47	758576f11584	611x408	501202932430	566x377	0.2036		
innova-crysta-a4-acc-bro-4pg-2026-20260929-092949-fdc2e9f131b5.pdf	47	9d7a91ee0c08	712x475	501202932430	566x377	0.2677		
innova-crysta-a4-acc-bro-4pg-2026-20260929-092949-fdc2e9f131b5.pdf	47	aee15b37da7e	574x382	501202932430	566x377	0.3085		
innova-crysta-a4-acc-bro-4pg-2026-20260929-092949-fdc2e9f131b5.pdf	47	501202932430	566x377	9a425f9d6a72	434x290	0.1848		
innova-crysta-a4-acc-bro-4pg-2026-20260929-092949-fdc2e9f131b5.pdf	47	501202932430	566x377	66c1a0134767	533x355	0.2407		
innova-crysta-a4-acc-bro-4pg-2026-20260929-092949-fdc2e9f131b5.pdf	47	6dde1f50bfbc	867x578	501202932430	566x377	0.2904		
innova-crysta-a4-acc-bro-4pg-2026-20260929-092949-fdc2e9f131b5.pdf	47	48e2da3b179f	543x362	593ff73a81c5	415x277	0.2953		
innova-crysta-a4-acc-bro-4pg-2026-20260929-092949-fdc2e9f131b5.pdf	47	e0e4b2d0264f	540x360	593ff73a81c5	415x277	0.2480		
innova-crysta-a4-acc-bro-4pg-2026-20260929-092949-fdc2e9f131b5.pdf	47	a0033831c8e8	599x400	593ff73a81c5	415x277	0.4572		
innova-crysta-a4-acc-bro-4pg-2026-20260929-092949-fdc2e9f131b5.pdf	47	6ccbb1c9bc0f	554x370	593ff73a81c5	415x277	0.2346		
innova-crysta-a4-acc-bro-4pg-2026-20260929-092949-fdc2e9f131b5.pdf	47	23757b5307b8	552x368	593ff73a81c5	415x277	0.2513		
innova-crysta-a4-acc-bro-4pg-2026-20260929-092949-fdc2e9f131b5.pdf	47	dca27cc94acc	570x380	593ff73a81c5	415x277	0.3754		
innova-crysta-a4-acc-bro-4pg-2026-20260929-092949-fdc2e9f131b5.pdf	47	490de90fc37c	623x416	593ff73a81c5	415x277	0.3092		
innova-crysta-a4-acc-bro-4pg-2026-20260929-092949-fdc2e9f131b5.pdf	47	203e3a2cefeb	534x356	593ff73a81c5	415x277	0.3792		
innova-crysta-a4-acc-bro-4pg-2026-20260929-092949-fdc2e9f131b5.pdf	47	f93721686083	633x422	593ff73a81c5	415x277	0.3301		
innova-crysta-a4-acc-bro-4pg-2026-20260929-092949-fdc2e9f131b5.pdf	47	33033b458850	611x408	593ff73a81c5	415x277	0.1149		
innova-crysta-a4-acc-bro-4pg-2026-20260929-092949-fdc2e9f131b5.pdf	47	5f4e91e78b1e	554x370	593ff73a81c5	415x277	0.2744		
innova-crysta-a4-acc-bro-4pg-2026-20260929-092949-fdc2e9f131b5.pdf	47	5da42534c5dc	589x393	593ff73a81c5	415x277	0.2803		
innova-crysta-a4-acc-bro-4pg-2026-20260929-092949-fdc2e9f131b5.pdf	47	758576f11584	611x408	593ff73a81c5	415x277	0.2871		
innova-crysta-a4-acc-bro-4pg-2026-20260929-092949-fdc2e9f131b5.pdf	47	9d7a91ee0c08	712x475	593ff73a81c5	415x277	0.2777		
innova-crysta-a4-acc-bro-4pg-2026-20260929-092949-fdc2e9f131b5.pdf	47	aee15b37da7e	574x382	593ff73a81c5	415x277	0.3662		
innova-crysta-a4-acc-bro-4pg-2026-20260929-092949-fdc2e9f131b5.pdf	47	9a425f9d6a72	434x290	593ff73a81c5	415x277	0.1767		
innova-crysta-a4-acc-bro-4pg-2026-20260929-092949-fdc2e9f131b5.pdf	47	66c1a0134767	533x355	593ff73a81c5	415x277	0.3292		
innova-crysta-a4-acc-bro-4pg-2026-20260929-092949-fdc2e9f131b5.pdf	47	6dde1f50bfbc	867x578	593ff73a81c5	415x277	0.3705		
innova-crysta-a4-acc-bro-4pg-2026-20260929-092949-fdc2e9f131b5.pdf	47	48e2da3b179f	543x362	e0e4b2d0264f	540x360	0.3488		
innova-crysta-a4-acc-bro-4pg-2026-20260929-092949-fdc2e9f131b5.pdf	47	a0033831c8e8	599x400	48e2da3b179f	543x362	0.4053		
innova-crysta-a4-acc-bro-4pg-2026-20260929-092949-fdc2e9f131b5.pdf	47	6ccbb1c9bc0f	554x370	48e2da3b179f	543x362	0.3368		
innova-crysta-a4-acc-bro-4pg-2026-20260929-092949-fdc2e9f131b5.pdf	47	23757b5307b8	552x368	48e2da3b179f	543x362	0.3477		
innova-crysta-a4-acc-bro-4pg-2026-20260929-092949-fdc2e9f131b5.pdf	47	dca27cc94acc	570x380	48e2da3b179f	543x362	0.4177		
innova-crysta-a4-acc-bro-4pg-2026-20260929-092949-fdc2e9f131b5.pdf	47	490de90fc37c	623x416	48e2da3b179f	543x362	0.3613		
innova-crysta-a4-acc-bro-4pg-2026-20260929-092949-fdc2e9f131b5.pdf	47	48e2da3b179f	543x362	203e3a2cefeb	534x356	0.4277		
innova-crysta-a4-acc-bro-4pg-2026-20260929-092949-fdc2e9f131b5.pdf	47	f93721686083	633x422	48e2da3b179f	543x362	0.3983		
innova-crysta-a4-acc-bro-4pg-2026-20260929-092949-fdc2e9f131b5.pdf	47	33033b458850	611x408	48e2da3b179f	543x362	0.3361		
innova-crysta-a4-acc-bro-4pg-2026-20260929-092949-fdc2e9f131b5.pdf	47	5f4e91e78b1e	554x370	48e2da3b179f	543x362	0.3162		
innova-crysta-a4-acc-bro-4pg-2026-20260929-092949-fdc2e9f131b5.pdf	47	5da42534c5dc	589x393	48e2da3b179f	543x362	0.3301		
innova-crysta-a4-acc-bro-4pg-2026-20260929-092949-fdc2e9f131b5.pdf	47	758576f11584	611x408	48e2da3b179f	543x362	0.3291		
innova-crysta-a4-acc-bro-4pg-2026-20260929-092949-fdc2e9f131b5.pdf	47	9d7a91ee0c08	712x475	48e2da3b179f	543x362	0.3538		
innova-crysta-a4-acc-bro-4pg-2026-20260929-092949-fdc2e9f131b5.pdf	47	aee15b37da7e	574x382	48e2da3b179f	543x362	0.3957		
innova-crysta-a4-acc-bro-4pg-2026-20260929-092949-fdc2e9f131b5.pdf	47	48e2da3b179f	543x362	9a425f9d6a72	434x290	0.3195		
innova-crysta-a4-acc-bro-4pg-2026-20260929-092949-fdc2e9f131b5.pdf	47	48e2da3b179f	543x362	66c1a0134767	533x355	0.3763		
innova-crysta-a4-acc-bro-4pg-2026-20260929-092949-fdc2e9f131b5.pdf	47	6dde1f50bfbc	867x578	48e2da3b179f	543x362	0.4017		
innova-crysta-a4-acc-bro-4pg-2026-20260929-092949-fdc2e9f131b5.pdf	47	a0033831c8e8	599x400	e0e4b2d0264f	540x360	0.3288		
innova-crysta-a4-acc-bro-4pg-2026-20260929-092949-fdc2e9f131b5.pdf	47	6ccbb1c9bc0f	554x370	e0e4b2d0264f	540x360	0.3641		
innova-crysta-a4-acc-bro-4pg-2026-20260929-092949-fdc2e9f131b5.pdf	47	23757b5307b8	552x368	e0e4b2d0264f	540x360	0.2642		
innova-crysta-a4-acc-bro-4pg-2026-20260929-092949-fdc2e9f131b5.pdf	47	dca27cc94acc	570x380	e0e4b2d0264f	540x360	0.4002		
innova-crysta-a4-acc-bro-4pg-2026-20260929-092949-fdc2e9f131b5.pdf	47	490de90fc37c	623x416	e0e4b2d0264f	540x360	0.2586		
innova-crysta-a4-acc-bro-4pg-2026-20260929-092949-fdc2e9f131b5.pdf	47	e0e4b2d0264f	540x360	203e3a2cefeb	534x356	0.3062		
innova-crysta-a4-acc-bro-4pg-2026-20260929-092949-fdc2e9f131b5.pdf	47	f93721686083	633x422	e0e4b2d0264f	540x360	0.3590		
innova-crysta-a4-acc-bro-4pg-2026-20260929-092949-fdc2e9f131b5.pdf	47	33033b458850	611x408	e0e4b2d0264f	540x360	0.3022		
innova-crysta-a4-acc-bro-4pg-2026-20260929-092949-fdc2e9f131b5.pdf	47	5f4e91e78b1e	554x370	e0e4b2d0264f	540x360	0.3861		
innova-crysta-a4-acc-bro-4pg-2026-20260929-092949-fdc2e9f131b5.pdf	47	5da42534c5dc	589x393	e0e4b2d0264f	540x360	0.4098		
innova-crysta-a4-acc-bro-4pg-2026-20260929-092949-fdc2e9f131b5.pdf	47	758576f11584	611x408	e0e4b2d0264f	540x360	0.4065		
innova-crysta-a4-acc-bro-4pg-2026-20260929-092949-fdc2e9f131b5.pdf	47	9d7a91ee0c08	712x475	e0e4b2d0264f	540x360	0.3111		
innova-crysta-a4-acc-bro-4pg-2026-20260929-092949-fdc2e9f131b5.pdf	47	aee15b37da7e	574x382	e0e4b2d0264f	540x360	0.3426		
innova-crysta-a4-acc-bro-4pg-2026-20260929-092949-fdc2e9f131b5.pdf	47	e0e4b2d0264f	540x360	9a425f9d6a72	434x290	0.3802		
innova-crysta-a4-acc-bro-4pg-2026-20260929-092949-fdc2e9f131b5.pdf	47	e0e4b2d0264f	540x360	66c1a0134767	533x355	0.3811		
innova-crysta-a4-acc-bro-4pg-2026-20260929-092949-fdc2e9f131b5.pdf	47	6dde1f50bfbc	867x578	e0e4b2d0264f	540x360	0.3781		
innova-crysta-a4-acc-bro-4pg-2026-20260929-092949-fdc2e9f131b5.pdf	47	a0033831c8e8	599x400	6ccbb1c9bc0f	554x370	0.4287		
innova-crysta-a4-acc-bro-4pg-2026-20260929-092949-fdc2e9f131b5.pdf	47	a0033831c8e8	599x400	23757b5307b8	552x368	0.3878		
innova-crysta-a4-acc-bro-4pg-2026-20260929-092949-fdc2e9f131b5.pdf	47	a0033831c8e8	599x400	dca27cc94acc	570x380	0.3992		
innova-crysta-a4-acc-bro-4pg-2026-20260929-092949-fdc2e9f131b5.pdf	47	490de90fc37c	623x416	a0033831c8e8	599x400	0.3623		
innova-crysta-a4-acc-bro-4pg-2026-20260929-092949-fdc2e9f131b5.pdf	47	a0033831c8e8	599x400	203e3a2cefeb	534x356	0.2853		
innova-crysta-a4-acc-bro-4pg-2026-20260929-092949-fdc2e9f131b5.pdf	47	f93721686083	633x422	a0033831c8e8	599x400	0.3948		
innova-crysta-a4-acc-bro-4pg-2026-20260929-092949-fdc2e9f131b5.pdf	47	33033b458850	611x408	a0033831c8e8	599x400	0.4758		
innova-crysta-a4-acc-bro-4pg-2026-20260929-092949-fdc2e9f131b5.pdf	47	a0033831c8e8	599x400	5f4e91e78b1e	554x370	0.4440		
innova-crysta-a4-acc-bro-4pg-2026-20260929-092949-fdc2e9f131b5.pdf	47	a0033831c8e8	599x400	5da42534c5dc	589x393	0.4754		
innova-crysta-a4-acc-bro-4pg-2026-20260929-092949-fdc2e9f131b5.pdf	47	758576f11584	611x408	a0033831c8e8	599x400	0.4157		
innova-crysta-a4-acc-bro-4pg-2026-20260929-092949-fdc2e9f131b5.pdf	47	9d7a91ee0c08	712x475	a0033831c8e8	599x400	0.4095		
innova-crysta-a4-acc-bro-4pg-2026-20260929-092949-fdc2e9f131b5.pdf	47	a0033831c8e8	599x400	aee15b37da7e	574x382	0.2903		
innova-crysta-a4-acc-bro-4pg-2026-20260929-092949-fdc2e9f131b5.pdf	47	a0033831c8e8	599x400	9a425f9d6a72	434x290	0.5654		
innova-crysta-a4-acc-bro-4pg-2026-20260929-092949-fdc2e9f131b5.pdf	47	a0033831c8e8	599x400	66c1a0134767	533x355	0.3846		
innova-crysta-a4-acc-bro-4pg-2026-20260929-092949-fdc2e9f131b5.pdf	47	6dde1f50bfbc	867x578	a0033831c8e8	599x400	0.2519		
innova-crysta-a4-acc-bro-4pg-2026-20260929-092949-fdc2e9f131b5.pdf	47	6ccbb1c9bc0f	554x370	23757b5307b8	552x368	0.3338		
innova-crysta-a4-acc-bro-4pg-2026-20260929-092949-fdc2e9f131b5.pdf	47	dca27cc94acc	570x380	6ccbb1c9bc0f	554x370	0.3816		
innova-crysta-a4-acc-bro-4pg-2026-20260929-092949-fdc2e9f131b5.pdf	47	490de90fc37c	623x416	6ccbb1c9bc0f	554x370	0.3790		
innova-crysta-a4-acc-bro-4pg-2026-20260929-092949-fdc2e9f131b5.pdf	47	6ccbb1c9bc0f	554x370	203e3a2cefeb	534x356	0.4116		
innova-crysta-a4-acc-bro-4pg-2026-20260929-092949-fdc2e9f131b5.pdf	47	f93721686083	633x422	6ccbb1c9bc0f	554x370	0.3227		
innova-crysta-a4-acc-bro-4pg-2026-20260929-092949-fdc2e9f131b5.pdf	47	33033b458850	611x408	6ccbb1c9bc0f	554x370	0.2385		
innova-crysta-a4-acc-bro-4pg-2026-20260929-092949-fdc2e9f131b5.pdf	47	6ccbb1c9bc0f	554x370	5f4e91e78b1e	554x370	0.3071		
innova-crysta-a4-acc-bro-4pg-2026-20260929-092949-fdc2e9f131b5.pdf	47	5da42534c5dc	589x393	6ccbb1c9bc0f	554x370	0.2548		
innova-crysta-a4-acc-bro-4pg-2026-20260929-092949-fdc2e9f131b5.pdf	47	758576f11584	611x408	6ccbb1c9bc0f	554x370	0.2773		
innova-crysta-a4-acc-bro-4pg-2026-20260929-092949-fdc2e9f131b5.pdf	47	9d7a91ee0c08	712x475	6ccbb1c9bc0f	554x370	0.3533		
innova-crysta-a4-acc-bro-4pg-2026-20260929-092949-fdc2e9f131b5.pdf	47	aee15b37da7e	574x382	6ccbb1c9bc0f	554x370	0.3472		
innova-crysta-a4-acc-bro-4pg-2026-20260929-092949-fdc2e9f131b5.pdf	47	6ccbb1c9bc0f	554x370	9a425f9d6a72	434x290	0.2366		
innova-crysta-a4-acc-bro-4pg-2026-20260929-092949-fdc2e9f131b5.pdf	47	6ccbb1c9bc0f	554x370	66c1a0134767	533x355	0.3098		
innova-crysta-a4-acc-bro-4pg-2026-20260929-092949-fdc2e9f131b5.pdf	47	6dde1f50bfbc	867x578	6ccbb1c9bc0f	554x370	0.3218		
innova-crysta-a4-acc-bro-4pg-2026-20260929-092949-fdc2e9f131b5.pdf	47	dca27cc94acc	570x380	23757b5307b8	552x368	0.3176		
innova-crysta-a4-acc-bro-4pg-2026-20260929-092949-fdc2e9f131b5.pdf	47	490de90fc37c	623x416	23757b5307b8	552x368	0.4041		
innova-crysta-a4-acc-bro-4pg-2026-20260929-092949-fdc2e9f131b5.pdf	47	23757b5307b8	552x368	203e3a2cefeb	534x356	0.4208		
innova-crysta-a4-acc-bro-4pg-2026-20260929-092949-fdc2e9f131b5.pdf	47	f93721686083	633x422	23757b5307b8	552x368	0.3833		
innova-crysta-a4-acc-bro-4pg-2026-20260929-092949-fdc2e9f131b5.pdf	47	33033b458850	611x408	23757b5307b8	552x368	0.2737		
innova-crysta-a4-acc-bro-4pg-2026-20260929-092949-fdc2e9f131b5.pdf	47	5f4e91e78b1e	554x370	23757b5307b8	552x368	0.4282		
innova-crysta-a4-acc-bro-4pg-2026-20260929-092949-fdc2e9f131b5.pdf	47	5da42534c5dc	589x393	23757b5307b8	552x368	0.4016		
innova-crysta-a4-acc-bro-4pg-2026-20260929-092949-fdc2e9f131b5.pdf	47	758576f11584	611x408	23757b5307b8	552x368	0.4420		
innova-crysta-a4-acc-bro-4pg-2026-20260929-092949-fdc2e9f131b5.pdf	47	9d7a91ee0c08	712x475	23757b5307b8	552x368	0.4217		
innova-crysta-a4-acc-bro-4pg-2026-20260929-092949-fdc2e9f131b5.pdf	47	aee15b37da7e	574x382	23757b5307b8	552x368	0.4685		
innova-crysta-a4-acc-bro-4pg-2026-20260929-092949-fdc2e9f131b5.pdf	47	23757b5307b8	552x368	9a425f9d6a72	434x290	0.3292		
innova-crysta-a4-acc-bro-4pg-2026-20260929-092949-fdc2e9f131b5.pdf	47	23757b5307b8	552x368	66c1a0134767	533x355	0.4746		
innova-crysta-a4-acc-bro-4pg-2026-20260929-092949-fdc2e9f131b5.pdf	47	6dde1f50bfbc	867x578	23757b5307b8	552x368	0.4803		
innova-crysta-a4-acc-bro-4pg-2026-20260929-092949-fdc2e9f131b5.pdf	47	490de90fc37c	623x416	dca27cc94acc	570x380	0.4886		
innova-crysta-a4-acc-bro-4pg-2026-20260929-092949-fdc2e9f131b5.pdf	47	dca27cc94acc	570x380	203e3a2cefeb	534x356	0.4491		
innova-crysta-a4-acc-bro-4pg-2026-20260929-092949-fdc2e9f131b5.pdf	47	f93721686083	633x422	dca27cc94acc	570x380	0.5171		
innova-crysta-a4-acc-bro-4pg-2026-20260929-092949-fdc2e9f131b5.pdf	47	33033b458850	611x408	dca27cc94acc	570x380	0.3750		
innova-crysta-a4-acc-bro-4pg-2026-20260929-092949-fdc2e9f131b5.pdf	47	dca27cc94acc	570x380	5f4e91e78b1e	554x370	0.4843		
innova-crysta-a4-acc-bro-4pg-2026-20260929-092949-fdc2e9f131b5.pdf	47	5da42534c5dc	589x393	dca27cc94acc	570x380	0.3735		
innova-crysta-a4-acc-bro-4pg-2026-20260929-092949-fdc2e9f131b5.pdf	47	758576f11584	611x408	dca27cc94acc	570x380	0.4666		
innova-crysta-a4-acc-bro-4pg-2026-20260929-092949-fdc2e9f131b5.pdf	47	9d7a91ee0c08	712x475	dca27cc94acc	570x380	0.4725		
innova-crysta-a4-acc-bro-4pg-2026-20260929-092949-fdc2e9f131b5.pdf	47	aee15b37da7e	574x382	dca27cc94acc	570x380	0.5010		
innova-crysta-a4-acc-bro-4pg-2026-20260929-092949-fdc2e9f131b5.pdf	47	dca27cc94acc	570x380	9a425f9d6a72	434x290	0.3652		
innova-crysta-a4-acc-bro-4pg-2026-20260929-092949-fdc2e9f131b5.pdf	47	dca27cc94acc	570x380	66c1a0134767	533x355	0.5113		
innova-crysta-a4-acc-bro-4pg-2026-20260929-092949-fdc2e9f131b5.pdf	47	6dde1f50bfbc	867x578	dca27cc94acc	570x380	0.4797		
innova-crysta-a4-acc-bro-4pg-2026-20260929-092949-fdc2e9f131b5.pdf	47	490de90fc37c	623x416	203e3a2cefeb	534x356	0.2565		
innova-crysta-a4-acc-bro-4pg-2026-20260929-092949-fdc2e9f131b5.pdf	47	f93721686083	633x422	490de90fc37c	623x416	0.3791		
innova-crysta-a4-acc-bro-4pg-2026-20260929-092949-fdc2e9f131b5.pdf	47	490de90fc37c	623x416	33033b458850	611x408	0.3503		
innova-crysta-a4-acc-bro-4pg-2026-20260929-092949-fdc2e9f131b5.pdf	47	490de90fc37c	623x416	5f4e91e78b1e	554x370	0.3725		
innova-crysta-a4-acc-bro-4pg-2026-20260929-092949-fdc2e9f131b5.pdf	47	490de90fc37c	623x416	5da42534c5dc	589x393	0.4016		
innova-crysta-a4-acc-bro-4pg-2026-20260929-092949-fdc2e9f131b5.pdf	47	490de90fc37c	623x416	758576f11584	611x408	0.3636		
innova-crysta-a4-acc-bro-4pg-2026-20260929-092949-fdc2e9f131b5.pdf	47	9d7a91ee0c08	712x475	490de90fc37c	623x416	0.3028		
innova-crysta-a4-acc-bro-4pg-2026-20260929-092949-fdc2e9f131b5.pdf	47	490de90fc37c	623x416	aee15b37da7e	574x382	0.2684		
innova-crysta-a4-acc-bro-4pg-2026-20260929-092949-fdc2e9f131b5.pdf	47	490de90fc37c	623x416	9a425f9d6a72	434x290	0.4015		
innova-crysta-a4-acc-bro-4pg-2026-20260929-092949-fdc2e9f131b5.pdf	47	490de90fc37c	623x416	66c1a0134767	533x355	0.3413		
innova-crysta-a4-acc-bro-4pg-2026-20260929-092949-fdc2e9f131b5.pdf	47	6dde1f50bfbc	867x578	490de90fc37c	623x416	0.3212		
innova-crysta-a4-acc-bro-4pg-2026-20260929-092949-fdc2e9f131b5.pdf	47	f93721686083	633x422	203e3a2cefeb	534x356	0.3208		
innova-crysta-a4-acc-bro-4pg-2026-20260929-092949-fdc2e9f131b5.pdf	47	33033b458850	611x408	203e3a2cefeb	534x356	0.3677		
innova-crysta-a4-acc-bro-4pg-2026-20260929-092949-fdc2e9f131b5.pdf	47	5f4e91e78b1e	554x370	203e3a2cefeb	534x356	0.3407		
innova-crysta-a4-acc-bro-4pg-2026-20260929-092949-fdc2e9f131b5.pdf	47	5da42534c5dc	589x393	203e3a2cefeb	534x356	0.3875		
innova-crysta-a4-acc-bro-4pg-2026-20260929-092949-fdc2e9f131b5.pdf	47	758576f11584	611x408	203e3a2cefeb	534x356	0.3236		
innova-crysta-a4-acc-bro-4pg-2026-20260929-092949-fdc2e9f131b5.pdf	47	9d7a91ee0c08	712x475	203e3a2cefeb	534x356	0.2496		
innova-crysta-a4-acc-bro-4pg-2026-20260929-092949-fdc2e9f131b5.pdf	47	aee15b37da7e	574x382	203e3a2cefeb	534x356	0.2046		
innova-crysta-a4-acc-bro-4pg-2026-20260929-092949-fdc2e9f131b5.pdf	47	203e3a2cefeb	534x356	9a425f9d6a72	434x290	0.4422		
innova-crysta-a4-acc-bro-4pg-2026-20260929-092949-fdc2e9f131b5.pdf	47	203e3a2cefeb	534x356	66c1a0134767	533x355	0.2958		
innova-crysta-a4-acc-bro-4pg-2026-20260929-092949-fdc2e9f131b5.pdf	47	6dde1f50bfbc	867x578	203e3a2cefeb	534x356	0.2610		
innova-crysta-a4-acc-bro-4pg-2026-20260929-092949-fdc2e9f131b5.pdf	47	f93721686083	633x422	33033b458850	611x408	0.2983		
innova-crysta-a4-acc-bro-4pg-2026-20260929-092949-fdc2e9f131b5.pdf	47	f93721686083	633x422	5f4e91e78b1e	554x370	0.3197		
innova-crysta-a4-acc-bro-4pg-2026-20260929-092949-fdc2e9f131b5.pdf	47	f93721686083	633x422	5da42534c5dc	589x393	0.3974		
innova-crysta-a4-acc-bro-4pg-2026-20260929-092949-fdc2e9f131b5.pdf	47	f93721686083	633x422	758576f11584	611x408	0.2972		
innova-crysta-a4-acc-bro-4pg-2026-20260929-092949-fdc2e9f131b5.pdf	47	9d7a91ee0c08	712x475	f93721686083	633x422	0.2983		
innova-crysta-a4-acc-bro-4pg-2026-20260929-092949-fdc2e9f131b5.pdf	47	f93721686083	633x422	aee15b37da7e	574x382	0.2785		
innova-crysta-a4-acc-bro-4pg-2026-20260929-092949-fdc2e9f131b5.pdf	47	f93721686083	633x422	9a425f9d6a72	434x290	0.3487		
innova-crysta-a4-acc-bro-4pg-2026-20260929-092949-fdc2e9f131b5.pdf	47	f93721686083	633x422	66c1a0134767	533x355	0.2608		
innova-crysta-a4-acc-bro-4pg-2026-20260929-092949-fdc2e9f131b5.pdf	47	6dde1f50bfbc	867x578	f93721686083	633x422	0.2907		
innova-crysta-a4-acc-bro-4pg-2026-20260929-092949-fdc2e9f131b5.pdf	47	33033b458850	611x408	5f4e91e78b1e	554x370	0.2391		
innova-crysta-a4-acc-bro-4pg-2026-20260929-092949-fdc2e9f131b5.pdf	47	33033b458850	611x408	5da42534c5dc	589x393	0.2654		
innova-crysta-a4-acc-bro-4pg-2026-20260929-092949-fdc2e9f131b5.pdf	47	33033b458850	611x408	758576f11584	611x408	0.2577		
innova-crysta-a4-acc-bro-4pg-2026-20260929-092949-fdc2e9f131b5.pdf	47	9d7a91ee0c08	712x475	33033b458850	611x408	0.2547		
innova-crysta-a4-acc-bro-4pg-2026-20260929-092949-fdc2e9f131b5.pdf	47	33033b458850	611x408	aee15b37da7e	574x382	0.3353		
innova-crysta-a4-acc-bro-4pg-2026-20260929-092949-fdc2e9f131b5.pdf	47	33033b458850	611x408	9a425f9d6a72	434x290	0.1485		
innova-crysta-a4-acc-bro-4pg-2026-20260929-092949-fdc2e9f131b5.pdf	47	33033b458850	611x408	66c1a0134767	533x355	0.3039		
innova-crysta-a4-acc-bro-4pg-2026-20260929-092949-fdc2e9f131b5.pdf	47	6dde1f50bfbc	867x578	33033b458850	611x408	0.3507		
innova-crysta-a4-acc-bro-4pg-2026-20260929-092949-fdc2e9f131b5.pdf	47	5da42534c5dc	589x393	5f4e91e78b1e	554x370	0.2732		
innova-crysta-a4-acc-bro-4pg-2026-20260929-092949-fdc2e9f131b5.pdf	47	758576f11584	611x408	5f4e91e78b1e	554x370	0.2407		
innova-crysta-a4-acc-bro-4pg-2026-20260929-092949-fdc2e9f131b5.pdf	47	9d7a91ee0c08	712x475	5f4e91e78b1e	554x370	0.2328		
innova-crysta-a4-acc-bro-4pg-2026-20260929-092949-fdc2e9f131b5.pdf	47	aee15b37da7e	574x382	5f4e91e78b1e	554x370	0.2588		
innova-crysta-a4-acc-bro-4pg-2026-20260929-092949-fdc2e9f131b5.pdf	47	5f4e91e78b1e	554x370	9a425f9d6a72	434x290	0.2766		
innova-crysta-a4-acc-bro-4pg-2026-20260929-092949-fdc2e9f131b5.pdf	47	5f4e91e78b1e	554x370	66c1a0134767	533x355	0.2569		
innova-crysta-a4-acc-bro-4pg-2026-20260929-092949-fdc2e9f131b5.pdf	47	6dde1f50bfbc	867x578	5f4e91e78b1e	554x370	0.2882		
innova-crysta-a4-acc-bro-4pg-2026-20260929-092949-fdc2e9f131b5.pdf	47	758576f11584	611x408	5da42534c5dc	589x393	0.2119		
innova-crysta-a4-acc-bro-4pg-2026-20260929-092949-fdc2e9f131b5.pdf	47	9d7a91ee0c08	712x475	5da42534c5dc	589x393	0.3029		
innova-crysta-a4-acc-bro-4pg-2026-20260929-092949-fdc2e9f131b5.pdf	47	5da42534c5dc	589x393	aee15b37da7e	574x382	0.2926		
innova-crysta-a4-acc-bro-4pg-2026-20260929-092949-fdc2e9f131b5.pdf	47	5da42534c5dc	589x393	9a425f9d6a72	434x290	0.2358		
innova-crysta-a4-acc-bro-4pg-2026-20260929-092949-fdc2e9f131b5.pdf	47	5da42534c5dc	589x393	66c1a0134767	533x355	0.2879		
innova-crysta-a4-acc-bro-4pg-2026-20260929-092949-fdc2e9f131b5.pdf	47	6dde1f50bfbc	867x578	5da42534c5dc	589x393	0.2830		
innova-crysta-a4-acc-bro-4pg-2026-20260929-092949-fdc2e9f131b5.pdf	47	9d7a91ee0c08	712x475	758576f11584	611x408	0.2674		
innova-crysta-a4-acc-bro-4pg-2026-20260929-092949-fdc2e9f131b5.pdf	47	758576f11584	611x408	aee15b37da7e	574x382	0.2473		
innova-crysta-a4-acc-bro-4pg-2026-20260929-092949-fdc2e9f131b5.pdf	47	758576f11584	611x408	9a425f9d6a72	434x290	0.2652		
innova-crysta-a4-acc-bro-4pg-2026-20260929-092949-fdc2e9f131b5.pdf	47	758576f11584	611x408	66c1a0134767	533x355	0.1416		
innova-crysta-a4-acc-bro-4pg-2026-20260929-092949-fdc2e9f131b5.pdf	47	6dde1f50bfbc	867x578	758576f11584	611x408	0.2531		
innova-crysta-a4-acc-bro-4pg-2026-20260929-092949-fdc2e9f131b5.pdf	47	9d7a91ee0c08	712x475	aee15b37da7e	574x382	0.2231		
innova-crysta-a4-acc-bro-4pg-2026-20260929-092949-fdc2e9f131b5.pdf	47	9d7a91ee0c08	712x475	9a425f9d6a72	434x290	0.2944		
innova-crysta-a4-acc-bro-4pg-2026-20260929-092949-fdc2e9f131b5.pdf	47	9d7a91ee0c08	712x475	66c1a0134767	533x355	0.2772		
innova-crysta-a4-acc-bro-4pg-2026-20260929-092949-fdc2e9f131b5.pdf	47	6dde1f50bfbc	867x578	9d7a91ee0c08	712x475	0.2802		
innova-crysta-a4-acc-bro-4pg-2026-20260929-092949-fdc2e9f131b5.pdf	47	aee15b37da7e	574x382	9a425f9d6a72	434x290	0.4078		
innova-crysta-a4-acc-bro-4pg-2026-20260929-092949-fdc2e9f131b5.pdf	47	aee15b37da7e	574x382	66c1a0134767	533x355	0.2228		
innova-crysta-a4-acc-bro-4pg-2026-20260929-092949-fdc2e9f131b5.pdf	47	6dde1f50bfbc	867x578	aee15b37da7e	574x382	0.1105		
innova-crysta-a4-acc-bro-4pg-2026-20260929-092949-fdc2e9f131b5.pdf	47	66c1a0134767	533x355	9a425f9d6a72	434x290	0.3342		
innova-crysta-a4-acc-bro-4pg-2026-20260929-092949-fdc2e9f131b5.pdf	47	6dde1f50bfbc	867x578	9a425f9d6a72	434x290	0.4090		
innova-crysta-a4-acc-bro-4pg-2026-20260929-092949-fdc2e9f131b5.pdf	47	6dde1f50bfbc	867x578	66c1a0134767	533x355	0.2321		
legender-brochure-mobile-20260929-092949-bf434262e0c8.pdf	32	a3bc8a67a4ff	3200x1800	06e516554c75	1793x1009	0.0009	0.0235	
legender-brochure-mobile-20260929-092949-bf434262e0c8.pdf	32	54eba48569a8	3200x1800	06e516554c75	1793x1009	0.4796		
legender-brochure-mobile-20260929-092949-bf434262e0c8.pdf	32	9b7ff91b6a83	3200x1800	06e516554c75	1793x1009	0.4121		
legender-brochure-mobile-20260929-092949-bf434262e0c8.pdf	32	c1bbb7198825	3200x1800	06e516554c75	1793x1009	0.5093		
legender-brochure-mobile-20260929-092949-bf434262e0c8.pdf	32	069a489a83a5	3200x1800	06e516554c75	1793x1009	0.5233		
legender-brochure-mobile-20260929-092949-bf434262e0c8.pdf	32	3a9a4b38b10d	3200x1800	06e516554c75	1793x1009	0.2076		
legender-brochure-mobile-20260929-092949-bf434262e0c8.pdf	32	ea6d9d14299d	3200x1800	06e516554c75	1793x1009	0.2103		
legender-brochure-mobile-20260929-092949-bf434262e0c8.pdf	32	a3bc8a67a4ff	3200x1800	54eba48569a8	3200x1800	0.4798		
legender-brochure-mobile-20260929-092949-bf434262e0c8.pdf	32	a3bc8a67a4ff	3200x1800	9b7ff91b6a83	3200x1800	0.4121		
legender-brochure-mobile-20260929-092949-bf434262e0c8.pdf	32	a3bc8a67a4ff	3200x1800	c1bbb7198825	3200x1800	0.5093		
legender-brochure-mobile-20260929-092949-bf434262e0c8.pdf	32	a3bc8a67a4ff	3200x1800	069a489a83a5	3200x1800	0.5234		
legender-brochure-mobile-20260929-092949-bf434262e0c8.pdf	32	a3bc8a67a4ff	3200x1800	3a9a4b38b10d	3200x1800	0.2075		
legender-brochure-mobile-20260929-092949-bf434262e0c8.pdf	32	a3bc8a67a4ff	3200x1800	ea6d9d14299d	3200x1800	0.2101		
legender-brochure-mobile-20260929-092949-bf434262e0c8.pdf	32	b9fca0ba330f	2066x1549	d07732aa3e5c	1502x1127	0.2629		
legender-brochure-mobile-20260929-092949-bf434262e0c8.pdf	32	54eba48569a8	3200x1800	9b7ff91b6a83	3200x1800	0.2941		
legender-brochure-mobile-20260929-092949-bf434262e0c8.pdf	32	54eba48569a8	3200x1800	c1bbb7198825	3200x1800	0.1433		
legender-brochure-mobile-20260929-092949-bf434262e0c8.pdf	32	54eba48569a8	3200x1800	069a489a83a5	3200x1800	0.2005		
legender-brochure-mobile-20260929-092949-bf434262e0c8.pdf	32	54eba48569a8	3200x1800	3a9a4b38b10d	3200x1800	0.5063		
legender-brochure-mobile-20260929-092949-bf434262e0c8.pdf	32	54eba48569a8	3200x1800	ea6d9d14299d	3200x1800	0.5794		
legender-brochure-mobile-20260929-092949-bf434262e0c8.pdf	32	9b7ff91b6a83	3200x1800	c1bbb7198825	3200x1800	0.3028		
legender-brochure-mobile-20260929-092949-bf434262e0c8.pdf	32	9b7ff91b6a83	3200x1800	069a489a83a5	3200x1800	0.2646		
legender-brochure-mobile-20260929-092949-bf434262e0c8.pdf	32	9b7ff91b6a83	3200x1800	3a9a4b38b10d	3200x1800	0.3792		
legender-brochure-mobile-20260929-092949-bf434262e0c8.pdf	32	9b7ff91b6a83	3200x1800	ea6d9d14299d	3200x1800	0.4476		
legender-brochure-mobile-20260929-092949-bf434262e0c8.pdf	32	c1bbb7198825	3200x1800	069a489a83a5	3200x1800	0.1482		
legender-brochure-mobile-20260929-092949-bf434262e0c8.pdf	32	c1bbb7198825	3200x1800	3a9a4b38b10d	3200x1800	0.5222		
legender-brochure-mobile-20260929-092949-bf434262e0c8.pdf	32	c1bbb7198825	3200x1800	ea6d9d14299d	3200x1800	0.6134		
legender-brochure-mobile-20260929-092949-bf434262e0c8.pdf	32	069a489a83a5	3200x1800	3a9a4b38b10d	3200x1800	0.5540		
legender-brochure-mobile-20260929-092949-bf434262e0c8.pdf	32	069a489a83a5	3200x1800	ea6d9d14299d	3200x1800	0.6282		
legender-brochure-mobile-20260929-092949-bf434262e0c8.pdf	32	260c02e09f51	1384x932	3a4271f81674	454x306	0.0121	0.5216	
legender-brochure-mobile-20260929-092949-bf434262e0c8.pdf	32	a32fd7ab1226	503x336	3a4271f81674	454x306	0.3365		
legender-brochure-mobile-20260929-092949-bf434262e0c8.pdf	32	226ab089c65e	665x444	3a4271f81674	454x306	0.3089		
legender-brochure-mobile-20260929-092949-bf434262e0c8.pdf	32	6a68e982507d	569x380	3a4271f81674	454x306	0.3526		
legender-brochure-mobile-20260929-092949-bf434262e0c8.pdf	32	7569e25e0318	507x338	a32fd7ab1226	503x336	0.4007		
legender-brochure-mobile-20260929-092949-bf434262e0c8.pdf	32	226ab089c65e	665x444	7569e25e0318	507x338	0.3957		
legender-brochure-mobile-20260929-092949-bf434262e0c8.pdf	32	7952c6353b61	2635x1752	7569e25e0318	507x338	0.3507		
legender-brochure-mobile-20260929-092949-bf434262e0c8.pdf	32	8e4e527a8058	884x589	7569e25e0318	507x338	0.4559		
legender-brochure-mobile-20260929-092949-bf434262e0c8.pdf	32	3dab30e6f936	1516x1011	7569e25e0318	507x338	0.4720		
legender-brochure-mobile-20260929-092949-bf434262e0c8.pdf	32	5394eb046fc2	604x403	7569e25e0318	507x338	0.3296		
legender-brochure-mobile-20260929-092949-bf434262e0c8.pdf	32	6a68e982507d	569x380	7569e25e0318	507x338	0.4141		
legender-brochure-mobile-20260929-092949-bf434262e0c8.pdf	32	7569e25e0318	507x338	8a0db849883b	446x297	0.4239		
legender-brochure-mobile-20260929-092949-bf434262e0c8.pdf	32	75f3b2cb6b05	575x383	7569e25e0318	507x338	0.5397		
legender-brochure-mobile-20260929-092949-bf434262e0c8.pdf	32	7569e25e0318	507x338	454af82848f4	467x311	0.4232		
legender-brochure-mobile-20260929-092949-bf434262e0c8.pdf	32	84d9ed4fbb07	1304x867	7569e25e0318	507x338	0.5329		
legender-brochure-mobile-20260929-092949-bf434262e0c8.pdf	32	a6caf74a31cd	1747x1146	b24b8881da39	603x396	0.0057	0.1051	
legender-brochure-mobile-20260929-092949-bf434262e0c8.pdf	32	3a9a4b38b10d	3200x1800	ea6d9d14299d	3200x1800	0.1404		
legender-brochure-mobile-20260929-092949-bf434262e0c8.pdf	32	260c02e09f51	1384x932	a32fd7ab1226	503x336	0.3346		
legender-brochure-mobile-20260929-092949-bf434262e0c8.pdf	32	260c02e09f51	1384x932	226ab089c65e	665x444	0.3093		
legender-brochure-mobile-20260929-092949-bf434262e0c8.pdf	32	3dab30e6f936	1516x1011	260c02e09f51	1384x932	0.3311		
legender-brochure-mobile-20260929-092949-bf434262e0c8.pdf	32	260c02e09f51	1384x932	5394eb046fc2	604x403	0.2618		
legender-brochure-mobile-20260929-092949-bf434262e0c8.pdf	32	260c02e09f51	1384x932	6a68e982507d	569x380	0.3551		
legender-brochure-mobile-20260929-092949-bf434262e0c8.pdf	32	226ab089c65e	665x444	a32fd7ab1226	503x336	0.4298		
legender-brochure-mobile-20260929-092949-bf434262e0c8.pdf	32	7952c6353b61	2635x1752	a32fd7ab1226	503x336	0.4283		
legender-brochure-mobile-20260929-092949-bf434262e0c8.pdf	32	8e4e527a8058	884x589	a32fd7ab1226	503x336	0.3602		
legender-brochure-mobile-20260929-092949-bf434262e0c8.pdf	32	3dab30e6f936	1516x1011	a32fd7ab1226	503x336	0.4199		
legender-brochure-mobile-20260929-092949-bf434262e0c8.pdf	32	5394eb046fc2	604x403	a32fd7ab1226	503x336	0.3501		
legender-brochure-mobile-20260929-092949-bf434262e0c8.pdf	32	6a68e982507d	569x380	a32fd7ab1226	503x336	0.3794		
legender-brochure-mobile-20260929-092949-bf434262e0c8.pdf	32	a32fd7ab1226	503x336	8a0db849883b	446x297	0.4725		
legender-brochure-mobile-20260929-092949-bf434262e0c8.pdf	32	75f3b2cb6b05	575x383	a32fd7ab1226	503x336	0.4765		
legender-brochure-mobile-20260929-092949-bf434262e0c8.pdf	32	a32fd7ab1226	503x336	454af82848f4	467x311	0.4718		
legender-brochure-mobile-20260929-092949-bf434262e0c8.pdf	32	84d9ed4fbb07	1304x867	a32fd7ab1226	503x336	0.4888		
legender-brochure-mobile-20260929-092949-bf434262e0c8.pdf	32	7952c6353b61	2635x1752	226ab089c65e	665x444	0.3199		
legender-brochure-mobile-20260929-092949-bf434262e0c8.pdf	32	8e4e527a8058	884x589	226ab089c65e	665x444	0.3598		
legender-brochure-mobile-20260929-092949-bf434262e0c8.pdf	32	3dab30e6f936	1516x1011	226ab089c65e	665x444	0.3674		
legender-brochure-mobile-20260929-092949-bf434262e0c8.pdf	32	226ab089c65e	665x444	5394eb046fc2	604x403	0.3288		
legender-brochure-mobile-20260929-092949-bf434262e0c8.pdf	32	226ab089c65e	665x444	6a68e982507d	569x380	0.3500		
legender-brochure-mobile-20260929-092949-bf434262e0c8.pdf	32	226ab089c65e	665x444	8a0db849883b	446x297	0.2720		
legender-brochure-mobile-20260929-092949-bf434262e0c8.pdf	32	226ab089c65e	665x444	75f3b2cb6b05	575x383	0.4166		
legender-brochure-mobile-20260929-092949-bf434262e0c8.pdf	32	226ab089c65e	665x444	454af82848f4	467x311	0.2716		
legender-brochure-mobile-20260929-092949-bf434262e0c8.pdf	32	84d9ed4fbb07	1304x867	226ab089c65e	665x444	0.4073		
legender-brochure-mobile-20260929-092949-bf434262e0c8.pdf	32	7952c6353b61	2635x1752	8e4e527a8058	884x589	0.3589		
legender-brochure-mobile-20260929-092949-bf434262e0c8.pdf	32	7952c6353b61	2635x1752	3dab30e6f936	1516x1011	0.2977		
legender-brochure-mobile-20260929-092949-bf434262e0c8.pdf	32	7952c6353b61	2635x1752	5394eb046fc2	604x403	0.2667		
legender-brochure-mobile-20260929-092949-bf434262e0c8.pdf	32	7952c6353b61	2635x1752	6a68e982507d	569x380	0.3196		
legender-brochure-mobile-20260929-092949-bf434262e0c8.pdf	32	7952c6353b61	2635x1752	8a0db849883b	446x297	0.3228		
legender-brochure-mobile-20260929-092949-bf434262e0c8.pdf	32	7952c6353b61	2635x1752	75f3b2cb6b05	575x383	0.3677		
legender-brochure-mobile-20260929-092949-bf434262e0c8.pdf	32	7952c6353b61	2635x1752	454af82848f4	467x311	0.3224		
legender-brochure-mobile-20260929-092949-bf434262e0c8.pdf	32	7952c6353b61	2635x1752	84d9ed4fbb07	1304x867	0.3641		
legender-brochure-mobile-20260929-092949-bf434262e0c8.pdf	32	3dab30e6f936	1516x1011	8e4e527a8058	884x589	0.2035		
legender-brochure-mobile-20260929-092949-bf434262e0c8.pdf	32	8e4e527a8058	884x589	5394eb046fc2	604x403	0.3162		
legender-brochure-mobile-20260929-092949-bf434262e0c8.pdf	32	8e4e527a8058	884x589	6a68e982507d	569x380	0.1997		
legender-brochure-mobile-20260929-092949-bf434262e0c8.pdf	32	8e4e527a8058	884x589	8a0db849883b	446x297	0.2722		
legender-brochure-mobile-20260929-092949-bf434262e0c8.pdf	32	8e4e527a8058	884x589	75f3b2cb6b05	575x383	0.2250		
legender-brochure-mobile-20260929-092949-bf434262e0c8.pdf	32	8e4e527a8058	884x589	454af82848f4	467x311	0.2723		
legender-brochure-mobile-20260929-092949-bf434262e0c8.pdf	32	84d9ed4fbb07	1304x867	8e4e527a8058	884x589	0.2188		
legender-brochure-mobile-20260929-092949-bf434262e0c8.pdf	32	3dab30e6f936	1516x1011	5394eb046fc2	604x403	0.3489		
legender-brochure-mobile-20260929-092949-bf434262e0c8.pdf	32	3dab30e6f936	1516x1011	6a68e982507d	569x380	0.2053		
legender-brochure-mobile-20260929-092949-bf434262e0c8.pdf	32	3dab30e6f936	1516x1011	8a0db849883b	446x297	0.2189		
legender-brochure-mobile-20260929-092949-bf434262e0c8.pdf	32	3dab30e6f936	1516x1011	75f3b2cb6b05	575x383	0.1299		
legender-brochure-mobile-20260929-092949-bf434262e0c8.pdf	32	3dab30e6f936	1516x1011	454af82848f4	467x311	0.2188		
legender-brochure-mobile-20260929-092949-bf434262e0c8.pdf	32	3dab30e6f936	1516x1011	84d9ed4fbb07	1304x867	0.1197		
legender-brochure-mobile-20260929-092949-bf434262e0c8.pdf	32	5394eb046fc2	604x403	6a68e982507d	569x380	0.3350		
legender-brochure-mobile-20260929-092949-bf434262e0c8.pdf	32	5394eb046fc2	604x403	8a0db849883b	446x297	0.3514		
legender-brochure-mobile-20260929-092949-bf434262e0c8.pdf	32	5394eb046fc2	604x403	75f3b2cb6b05	575x383	0.4137		
legender-brochure-mobile-20260929-092949-bf434262e0c8.pdf	32	5394eb046fc2	604x403	454af82848f4	467x311	0.3503		
legender-brochure-mobile-20260929-092949-bf434262e0c8.pdf	32	84d9ed4fbb07	1304x867	5394eb046fc2	604x403	0.4221		
legender-brochure-mobile-20260929-092949-bf434262e0c8.pdf	32	6a68e982507d	569x380	8a0db849883b	446x297	0.2669		
legender-brochure-mobile-20260929-092949-bf434262e0c8.pdf	32	75f3b2cb6b05	575x383	6a68e982507d	569x380	0.2486		
legender-brochure-mobile-20260929-092949-bf434262e0c8.pdf	32	6a68e982507d	569x380	454af82848f4	467x311	0.2667		
legender-brochure-mobile-20260929-092949-bf434262e0c8.pdf	32	84d9ed4fbb07	1304x867	6a68e982507d	569x380	0.2375		
legender-brochure-mobile-20260929-092949-bf434262e0c8.pdf	32	75f3b2cb6b05	575x383	8a0db849883b	446x297	0.2481		
legender-brochure-mobile-20260929-092949-bf434262e0c8.pdf	32	454af82848f4	467x311	8a0db849883b	446x297	0.0062	0.1213	
legender-brochure-mobile-20260929-092949-bf434262e0c8.pdf	32	84d9ed4fbb07	1304x867	8a0db849883b	446x297	0.2398		
legender-brochure-mobile-20260929-092949-bf434262e0c8.pdf	32	75f3b2cb6b05	575x383	454af82848f4	467x311	0.2484		
legender-brochure-mobile-20260929-092949-bf434262e0c8.pdf	32	84d9ed4fbb07	1304x867	75f3b2cb6b05	575x383	0.0649		
legender-brochure-mobile-20260929-092949-bf434262e0c8.pdf	32	84d9ed4fbb07	1304x867	454af82848f4	467x311	0.2401		
LIC_Jeevan_Raksha_English_Sales_brochure-20260929-092949-00d33ce8bec3.pdf	5	933942260526	478x210	5768e3921c62	471x208	0.0015	0.0044	MERGE
MG_Windsor_EV_-_Brochure-20260929-092949-2e3629a0ba85.pdf	82	1611ec2b9de9	1500x1097	94ae918cc150	869x630	0.2717		
MG_Windsor_EV_-_Brochure-20260929-092949-2e3629a0ba85.pdf	82	211e1130961e	2000x1400	60eff30db7a9	1226x858	0.2938		
MG_Windsor_EV_-_Brochure-20260929-092949-2e3629a0ba85.pdf	82	211e1130961e	2000x1400	9d3240df8029	1247x873	0.3647		
MG_Windsor_EV_-_Brochure-20260929-092949-2e3629a0ba85.pdf	82	211e1130961e	2000x1400	0504daa619d8	2000x1400	0.2611		
MG_Windsor_EV_-_Brochure-20260929-092949-2e3629a0ba85.pdf	82	211e1130961e	2000x1400	3912ab5f8135	2000x1400	0.2596		
MG_Windsor_EV_-_Brochure-20260929-092949-2e3629a0ba85.pdf	82	211e1130961e	2000x1400	1d7854b5cfdb	2000x1400	0.2599		
MG_Windsor_EV_-_Brochure-20260929-092949-2e3629a0ba85.pdf	82	be85a9bb3536	2015x1411	211e1130961e	2000x1400	0.2612		
MG_Windsor_EV_-_Brochure-20260929-092949-2e3629a0ba85.pdf	82	21ce1e3673f4	1348x843	65e1d7d4989f	1080x675	0.0250		
MG_Windsor_EV_-_Brochure-20260929-092949-2e3629a0ba85.pdf	82	781500fe6444	1000x1415	ac3ed57d3342	232x328	0.3540		
MG_Windsor_EV_-_Brochure-20260929-092949-2e3629a0ba85.pdf	82	781500fe6444	1000x1415	0800afc3326b	868x1227	0.4796		
MG_Windsor_EV_-_Brochure-20260929-092949-2e3629a0ba85.pdf	82	028e844f2f86	1240x1754	781500fe6444	1000x1415	0.3087		
MG_Windsor_EV_-_Brochure-20260929-092949-2e3629a0ba85.pdf	82	781500fe6444	1000x1415	a989ea9593b6	744x1053	0.2114		
MG_Windsor_EV_-_Brochure-20260929-092949-2e3629a0ba85.pdf	82	781500fe6444	1000x1415	309a6b0cb059	1000x1415	0.2219		
MG_Windsor_EV_-_Brochure-20260929-092949-2e3629a0ba85.pdf	82	781500fe6444	1000x1415	1aad32ee7322	838x1197	0.3080		
MG_Windsor_EV_-_Brochure-20260929-092949-2e3629a0ba85.pdf	82	781500fe6444	1000x1415	ca609be457c7	744x1053	0.2099		
MG_Windsor_EV_-_Brochure-20260929-092949-2e3629a0ba85.pdf	82	781500fe6444	1000x1415	e4e29e9070f0	694x981	0.2101		
MG_Windsor_EV_-_Brochure-20260929-092949-2e3629a0ba85.pdf	82	781500fe6444	1000x1415	96405f915be7	744x1053	0.2097		
MG_Windsor_EV_-_Brochure-20260929-092949-2e3629a0ba85.pdf	82	7738d9ce2eb2	1240x1754	781500fe6444	1000x1415	0.3013		
MG_Windsor_EV_-_Brochure-20260929-092949-2e3629a0ba85.pdf	82	0800afc3326b	868x1227	ac3ed57d3342	232x328	0.5269		
MG_Windsor_EV_-_Brochure-20260929-092949-2e3629a0ba85.pdf	82	028e844f2f86	1240x1754	ac3ed57d3342	232x328	0.2253		
MG_Windsor_EV_-_Brochure-20260929-092949-2e3629a0ba85.pdf	82	a989ea9593b6	744x1053	ac3ed57d3342	232x328	0.2473		
MG_Windsor_EV_-_Brochure-20260929-092949-2e3629a0ba85.pdf	82	309a6b0cb059	1000x1415	ac3ed57d3342	232x328	0.2241		
MG_Windsor_EV_-_Brochure-20260929-092949-2e3629a0ba85.pdf	82	ca609be457c7	744x1053	ac3ed57d3342	232x328	0.2464		
MG_Windsor_EV_-_Brochure-20260929-092949-2e3629a0ba85.pdf	82	e4e29e9070f0	694x981	ac3ed57d3342	232x328	0.2466		
MG_Windsor_EV_-_Brochure-20260929-092949-2e3629a0ba85.pdf	82	96405f915be7	744x1053	ac3ed57d3342	232x328	0.2464		
MG_Windsor_EV_-_Brochure-20260929-092949-2e3629a0ba85.pdf	82	7738d9ce2eb2	1240x1754	ac3ed57d3342	232x328	0.1434		
MG_Windsor_EV_-_Brochure-20260929-092949-2e3629a0ba85.pdf	82	90389c226b51	1000x1059	8053fcb7450e	374x393	0.0072	0.2066	
MG_Windsor_EV_-_Brochure-20260929-092949-2e3629a0ba85.pdf	82	8fa869a499b3	1194x1252	8053fcb7450e	374x393	0.4570		
MG_Windsor_EV_-_Brochure-20260929-092949-2e3629a0ba85.pdf	82	b70f4c76154d	549x368	d49b89bbeba6	309x206	0.2617		
MG_Windsor_EV_-_Brochure-20260929-092949-2e3629a0ba85.pdf	82	7041ef4b9e7c	1500x1000	d49b89bbeba6	309x206	0.0061	0.1346	
MG_Windsor_EV_-_Brochure-20260929-092949-2e3629a0ba85.pdf	82	d313d559838a	1219x813	d49b89bbeba6	309x206	0.3617		
MG_Windsor_EV_-_Brochure-20260929-092949-2e3629a0ba85.pdf	82	a26a1d766e6f	355x178	953627a6abad	340x170	0.5200		
MG_Windsor_EV_-_Brochure-20260929-092949-2e3629a0ba85.pdf	82	c704f5520362	1500x750	a26a1d766e6f	355x178	0.0564		
MG_Windsor_EV_-_Brochure-20260929-092949-2e3629a0ba85.pdf	82	0a116cbad7b3	1500x750	a26a1d766e6f	355x178	0.1376		
MG_Windsor_EV_-_Brochure-20260929-092949-2e3629a0ba85.pdf	82	4bf3b8a4a6a5	1500x750	a26a1d766e6f	355x178	0.1303		
MG_Windsor_EV_-_Brochure-20260929-092949-2e3629a0ba85.pdf	82	c704f5520362	1500x750	953627a6abad	340x170	0.5240		
MG_Windsor_EV_-_Brochure-20260929-092949-2e3629a0ba85.pdf	82	0a116cbad7b3	1500x750	953627a6abad	340x170	0.5364		
MG_Windsor_EV_-_Brochure-20260929-092949-2e3629a0ba85.pdf	82	4bf3b8a4a6a5	1500x750	953627a6abad	340x170	0.6013		
MG_Windsor_EV_-_Brochure-20260929-092949-2e3629a0ba85.pdf	82	028e844f2f86	1240x1754	0800afc3326b	868x1227	0.5379		
MG_Windsor_EV_-_Brochure-20260929-092949-2e3629a0ba85.pdf	82	0800afc3326b	868x1227	a989ea9593b6	744x1053	0.5705		
MG_Windsor_EV_-_Brochure-20260929-092949-2e3629a0ba85.pdf	82	309a6b0cb059	1000x1415	0800afc3326b	868x1227	0.3995		
MG_Windsor_EV_-_Brochure-20260929-092949-2e3629a0ba85.pdf	82	0800afc3326b	868x1227	ca609be457c7	744x1053	0.5695		
MG_Windsor_EV_-_Brochure-20260929-092949-2e3629a0ba85.pdf	82	0800afc3326b	868x1227	e4e29e9070f0	694x981	0.5696		
MG_Windsor_EV_-_Brochure-20260929-092949-2e3629a0ba85.pdf	82	0800afc3326b	868x1227	96405f915be7	744x1053	0.5696		
MG_Windsor_EV_-_Brochure-20260929-092949-2e3629a0ba85.pdf	82	7738d9ce2eb2	1240x1754	0800afc3326b	868x1227	0.4456		
MG_Windsor_EV_-_Brochure-20260929-092949-2e3629a0ba85.pdf	82	028e844f2f86	1240x1754	a989ea9593b6	744x1053	0.1743		
MG_Windsor_EV_-_Brochure-20260929-092949-2e3629a0ba85.pdf	82	028e844f2f86	1240x1754	309a6b0cb059	1000x1415	0.3401		
MG_Windsor_EV_-_Brochure-20260929-092949-2e3629a0ba85.pdf	82	028e844f2f86	1240x1754	1aad32ee7322	838x1197	0.2258		
MG_Windsor_EV_-_Brochure-20260929-092949-2e3629a0ba85.pdf	82	028e844f2f86	1240x1754	ca609be457c7	744x1053	0.1742		
MG_Windsor_EV_-_Brochure-20260929-092949-2e3629a0ba85.pdf	82	028e844f2f86	1240x1754	e4e29e9070f0	694x981	0.1742		
MG_Windsor_EV_-_Brochure-20260929-092949-2e3629a0ba85.pdf	82	028e844f2f86	1240x1754	96405f915be7	744x1053	0.1744		
MG_Windsor_EV_-_Brochure-20260929-092949-2e3629a0ba85.pdf	82	028e844f2f86	1240x1754	7738d9ce2eb2	1240x1754	0.2870		
MG_Windsor_EV_-_Brochure-20260929-092949-2e3629a0ba85.pdf	82	7b4b9e02421b	4529x1552	e16975999544	4308x1477	0.0001	0.0017	MERGE
MG_Windsor_EV_-_Brochure-20260929-092949-2e3629a0ba85.pdf	82	7b4b9e02421b	4529x1552	56a61e257917	4510x1546	0.0001	0.0020	MERGE
MG_Windsor_EV_-_Brochure-20260929-092949-2e3629a0ba85.pdf	82	7b4b9e02421b	4529x1552	cbaa61ff3e62	4506x1545	0.0001	0.0020	MERGE
MG_Windsor_EV_-_Brochure-20260929-092949-2e3629a0ba85.pdf	82	b725fb8b2aec	4532x1554	7b4b9e02421b	4529x1552	0.0334		
MG_Windsor_EV_-_Brochure-20260929-092949-2e3629a0ba85.pdf	82	7b4b9e02421b	4529x1552	bfb9f716a4b7	4520x1549	0.0001	0.0020	MERGE
MG_Windsor_EV_-_Brochure-20260929-092949-2e3629a0ba85.pdf	82	db38c03d0ac3	2000x1733	3ff0c341bc60	932x809	0.1412		
MG_Windsor_EV_-_Brochure-20260929-092949-2e3629a0ba85.pdf	82	e7a7a3bb127b	1446x2088	855116899074	924x1332	0.3280		
MG_Windsor_EV_-_Brochure-20260929-092949-2e3629a0ba85.pdf	82	e7a7a3bb127b	1446x2088	cb01cd48310c	861x1237	0.2806		
MG_Windsor_EV_-_Brochure-20260929-092949-2e3629a0ba85.pdf	82	c704f5520362	1500x750	0a116cbad7b3	1500x750	0.1542		
MG_Windsor_EV_-_Brochure-20260929-092949-2e3629a0ba85.pdf	82	c704f5520362	1500x750	4bf3b8a4a6a5	1500x750	0.1517		
MG_Windsor_EV_-_Brochure-20260929-092949-2e3629a0ba85.pdf	82	0a116cbad7b3	1500x750	4bf3b8a4a6a5	1500x750	0.1578		
MG_Windsor_EV_-_Brochure-20260929-092949-2e3629a0ba85.pdf	82	9d3240df8029	1247x873	60eff30db7a9	1226x858	0.1175		
MG_Windsor_EV_-_Brochure-20260929-092949-2e3629a0ba85.pdf	82	0504daa619d8	2000x1400	60eff30db7a9	1226x858	0.2699		
MG_Windsor_EV_-_Brochure-20260929-092949-2e3629a0ba85.pdf	82	3912ab5f8135	2000x1400	60eff30db7a9	1226x858	0.2696		
MG_Windsor_EV_-_Brochure-20260929-092949-2e3629a0ba85.pdf	82	1d7854b5cfdb	2000x1400	60eff30db7a9	1226x858	0.2689		
MG_Windsor_EV_-_Brochure-20260929-092949-2e3629a0ba85.pdf	82	be85a9bb3536	2015x1411	60eff30db7a9	1226x858	0.2679		
MG_Windsor_EV_-_Brochure-20260929-092949-2e3629a0ba85.pdf	82	7147ccdc4bc6	1000x750	62bb6a93b17d	887x666	0.1661		
MG_Windsor_EV_-_Brochure-20260929-092949-2e3629a0ba85.pdf	82	7041ef4b9e7c	1500x1000	b70f4c76154d	549x368	0.2625		
MG_Windsor_EV_-_Brochure-20260929-092949-2e3629a0ba85.pdf	82	d313d559838a	1219x813	b70f4c76154d	549x368	0.5212		
MG_Windsor_EV_-_Brochure-20260929-092949-2e3629a0ba85.pdf	82	b279054dfaa4	1055x593	359a59af6015	942x530	0.2392		
MG_Windsor_EV_-_Brochure-20260929-092949-2e3629a0ba85.pdf	82	c6d3d82e6e63	1104x621	359a59af6015	942x530	0.4746		
MG_Windsor_EV_-_Brochure-20260929-092949-2e3629a0ba85.pdf	82	359a59af6015	942x530	b57d939a63c9	469x264	0.1851		
MG_Windsor_EV_-_Brochure-20260929-092949-2e3629a0ba85.pdf	82	359a59af6015	942x530	f2b3966f76fb	469x264	0.2157		
MG_Windsor_EV_-_Brochure-20260929-092949-2e3629a0ba85.pdf	82	359a59af6015	942x530	84d5f3ea9200	469x264	0.2196		
MG_Windsor_EV_-_Brochure-20260929-092949-2e3629a0ba85.pdf	82	359a59af6015	942x530	00d34085995f	469x264	0.1876		
MG_Windsor_EV_-_Brochure-20260929-092949-2e3629a0ba85.pdf	82	359a59af6015	942x530	c825748e9145	469x264	0.2452		
MG_Windsor_EV_-_Brochure-20260929-092949-2e3629a0ba85.pdf	82	359a59af6015	942x530	1fee417dd102	469x264	0.1709		
MG_Windsor_EV_-_Brochure-20260929-092949-2e3629a0ba85.pdf	82	7041ef4b9e7c	1500x1000	d313d559838a	1219x813	0.3604		
MG_Windsor_EV_-_Brochure-20260929-092949-2e3629a0ba85.pdf	82	309a6b0cb059	1000x1415	a989ea9593b6	744x1053	0.3369		
MG_Windsor_EV_-_Brochure-20260929-092949-2e3629a0ba85.pdf	82	1aad32ee7322	838x1197	a989ea9593b6	744x1053	0.1214		
MG_Windsor_EV_-_Brochure-20260929-092949-2e3629a0ba85.pdf	82	a989ea9593b6	744x1053	ca609be457c7	744x1053	0.0063	0.7833	
MG_Windsor_EV_-_Brochure-20260929-092949-2e3629a0ba85.pdf	82	a989ea9593b6	744x1053	e4e29e9070f0	694x981	0.0066	0.7855	
MG_Windsor_EV_-_Brochure-20260929-092949-2e3629a0ba85.pdf	82	a989ea9593b6	744x1053	96405f915be7	744x1053	0.0056	0.7797	
MG_Windsor_EV_-_Brochure-20260929-092949-2e3629a0ba85.pdf	82	7738d9ce2eb2	1240x1754	a989ea9593b6	744x1053	0.3330		
MG_Windsor_EV_-_Brochure-20260929-092949-2e3629a0ba85.pdf	82	309a6b0cb059	1000x1415	1aad32ee7322	838x1197	0.3837		
MG_Windsor_EV_-_Brochure-20260929-092949-2e3629a0ba85.pdf	82	309a6b0cb059	1000x1415	ca609be457c7	744x1053	0.3362		
MG_Windsor_EV_-_Brochure-20260929-092949-2e3629a0ba85.pdf	82	309a6b0cb059	1000x1415	e4e29e9070f0	694x981	0.3364		
MG_Windsor_EV_-_Brochure-20260929-092949-2e3629a0ba85.pdf	82	309a6b0cb059	1000x1415	96405f915be7	744x1053	0.3371		
MG_Windsor_EV_-_Brochure-20260929-092949-2e3629a0ba85.pdf	82	7738d9ce2eb2	1240x1754	309a6b0cb059	1000x1415	0.1903		
MG_Windsor_EV_-_Brochure-20260929-092949-2e3629a0ba85.pdf	82	eb420205acab	1060x1060	518339ea1ceb	571x571	0.1902		
MG_Windsor_EV_-_Brochure-20260929-092949-2e3629a0ba85.pdf	82	855116899074	924x1332	cb01cd48310c	861x1237	0.1751		
MG_Windsor_EV_-_Brochure-20260929-092949-2e3629a0ba85.pdf	82	855116899074	924x1332	1aad32ee7322	838x1197	0.4042		
MG_Windsor_EV_-_Brochure-20260929-092949-2e3629a0ba85.pdf	82	0504daa619d8	2000x1400	9d3240df8029	1247x873	0.3175		
MG_Windsor_EV_-_Brochure-20260929-092949-2e3629a0ba85.pdf	82	3912ab5f8135	2000x1400	9d3240df8029	1247x873	0.3164		
MG_Windsor_EV_-_Brochure-20260929-092949-2e3629a0ba85.pdf	82	1d7854b5cfdb	2000x1400	9d3240df8029	1247x873	0.3156		
MG_Windsor_EV_-_Brochure-20260929-092949-2e3629a0ba85.pdf	82	be85a9bb3536	2015x1411	9d3240df8029	1247x873	0.3156		
MG_Windsor_EV_-_Brochure-20260929-092949-2e3629a0ba85.pdf	82	cb01cd48310c	861x1237	1aad32ee7322	838x1197	0.3018		
MG_Windsor_EV_-_Brochure-20260929-092949-2e3629a0ba85.pdf	82	c6d3d82e6e63	1104x621	b279054dfaa4	1055x593	0.4295		
MG_Windsor_EV_-_Brochure-20260929-092949-2e3629a0ba85.pdf	82	b279054dfaa4	1055x593	b57d939a63c9	469x264	0.2689		
MG_Windsor_EV_-_Brochure-20260929-092949-2e3629a0ba85.pdf	82	b279054dfaa4	1055x593	f2b3966f76fb	469x264	0.2682		
MG_Windsor_EV_-_Brochure-20260929-092949-2e3629a0ba85.pdf	82	b279054dfaa4	1055x593	84d5f3ea9200	469x264	0.2825		
MG_Windsor_EV_-_Brochure-20260929-092949-2e3629a0ba85.pdf	82	b279054dfaa4	1055x593	00d34085995f	469x264	0.2684		
MG_Windsor_EV_-_Brochure-20260929-092949-2e3629a0ba85.pdf	82	b279054dfaa4	1055x593	c825748e9145	469x264	0.3042		
MG_Windsor_EV_-_Brochure-20260929-092949-2e3629a0ba85.pdf	82	b279054dfaa4	1055x593	1fee417dd102	469x264	0.2658		
MG_Windsor_EV_-_Brochure-20260929-092949-2e3629a0ba85.pdf	82	903bafae7560	2000x1638	870e4637829e	1500x1228	0.2911		
MG_Windsor_EV_-_Brochure-20260929-092949-2e3629a0ba85.pdf	82	6a1782b26f79	1935x1275	6dbd56e7a84e	1935x1275	0.0114	0.0725	
MG_Windsor_EV_-_Brochure-20260929-092949-2e3629a0ba85.pdf	82	1aad32ee7322	838x1197	ca609be457c7	744x1053	0.1228		
MG_Windsor_EV_-_Brochure-20260929-092949-2e3629a0ba85.pdf	82	1aad32ee7322	838x1197	96405f915be7	744x1053	0.1229		
MG_Windsor_EV_-_Brochure-20260929-092949-2e3629a0ba85.pdf	82	7738d9ce2eb2	1240x1754	1aad32ee7322	838x1197	0.3821		
MG_Windsor_EV_-_Brochure-20260929-092949-2e3629a0ba85.pdf	82	ca609be457c7	744x1053	e4e29e9070f0	694x981	0.0005	0.1218	
MG_Windsor_EV_-_Brochure-20260929-092949-2e3629a0ba85.pdf	82	ca609be457c7	744x1053	96405f915be7	744x1053	0.0077	0.7833	
MG_Windsor_EV_-_Brochure-20260929-092949-2e3629a0ba85.pdf	82	7738d9ce2eb2	1240x1754	ca609be457c7	744x1053	0.3320		
MG_Windsor_EV_-_Brochure-20260929-092949-2e3629a0ba85.pdf	82	96405f915be7	744x1053	e4e29e9070f0	694x981	0.0080	0.7855	
MG_Windsor_EV_-_Brochure-20260929-092949-2e3629a0ba85.pdf	82	7738d9ce2eb2	1240x1754	e4e29e9070f0	694x981	0.3322		
MG_Windsor_EV_-_Brochure-20260929-092949-2e3629a0ba85.pdf	82	7738d9ce2eb2	1240x1754	96405f915be7	744x1053	0.3301		
MG_Windsor_EV_-_Brochure-20260929-092949-2e3629a0ba85.pdf	82	56a61e257917	4510x1546	e16975999544	4308x1477	0.0001	0.0017	MERGE
MG_Windsor_EV_-_Brochure-20260929-092949-2e3629a0ba85.pdf	82	cbaa61ff3e62	4506x1545	e16975999544	4308x1477	0.0001	0.0017	MERGE
MG_Windsor_EV_-_Brochure-20260929-092949-2e3629a0ba85.pdf	82	b725fb8b2aec	4532x1554	e16975999544	4308x1477	0.0335		
MG_Windsor_EV_-_Brochure-20260929-092949-2e3629a0ba85.pdf	82	bfb9f716a4b7	4520x1549	e16975999544	4308x1477	0.0001	0.0017	MERGE
MG_Windsor_EV_-_Brochure-20260929-092949-2e3629a0ba85.pdf	82	c6d3d82e6e63	1104x621	b57d939a63c9	469x264	0.5662		
MG_Windsor_EV_-_Brochure-20260929-092949-2e3629a0ba85.pdf	82	c6d3d82e6e63	1104x621	f2b3966f76fb	469x264	0.5897		
MG_Windsor_EV_-_Brochure-20260929-092949-2e3629a0ba85.pdf	82	c6d3d82e6e63	1104x621	84d5f3ea9200	469x264	0.5454		
MG_Windsor_EV_-_Brochure-20260929-092949-2e3629a0ba85.pdf	82	c6d3d82e6e63	1104x621	00d34085995f	469x264	0.5622		
MG_Windsor_EV_-_Brochure-20260929-092949-2e3629a0ba85.pdf	82	c6d3d82e6e63	1104x621	c825748e9145	469x264	0.5514		
MG_Windsor_EV_-_Brochure-20260929-092949-2e3629a0ba85.pdf	82	c6d3d82e6e63	1104x621	1fee417dd102	469x264	0.5825		
MG_Windsor_EV_-_Brochure-20260929-092949-2e3629a0ba85.pdf	82	90389c226b51	1000x1059	e5c28ca283fa	355x378	0.5445		
MG_Windsor_EV_-_Brochure-20260929-092949-2e3629a0ba85.pdf	82	8fa869a499b3	1194x1252	90389c226b51	1000x1059	0.4567		
MG_Windsor_EV_-_Brochure-20260929-092949-2e3629a0ba85.pdf	82	56a61e257917	4510x1546	cbaa61ff3e62	4506x1545	0.0001	0.0017	MERGE
MG_Windsor_EV_-_Brochure-20260929-092949-2e3629a0ba85.pdf	82	b725fb8b2aec	4532x1554	56a61e257917	4510x1546	0.0334		
MG_Windsor_EV_-_Brochure-20260929-092949-2e3629a0ba85.pdf	82	bfb9f716a4b7	4520x1549	56a61e257917	4510x1546	0.0001	0.0017	MERGE
MG_Windsor_EV_-_Brochure-20260929-092949-2e3629a0ba85.pdf	82	b725fb8b2aec	4532x1554	cbaa61ff3e62	4506x1545	0.0334		
MG_Windsor_EV_-_Brochure-20260929-092949-2e3629a0ba85.pdf	82	bfb9f716a4b7	4520x1549	cbaa61ff3e62	4506x1545	0.0001	0.0017	MERGE
MG_Windsor_EV_-_Brochure-20260929-092949-2e3629a0ba85.pdf	82	0504daa619d8	2000x1400	3912ab5f8135	2000x1400	0.0035	0.7924	
MG_Windsor_EV_-_Brochure-20260929-092949-2e3629a0ba85.pdf	82	0504daa619d8	2000x1400	1d7854b5cfdb	2000x1400	0.0048	0.8824	
MG_Windsor_EV_-_Brochure-20260929-092949-2e3629a0ba85.pdf	82	be85a9bb3536	2015x1411	0504daa619d8	2000x1400	0.0075	0.9804	
MG_Windsor_EV_-_Brochure-20260929-092949-2e3629a0ba85.pdf	82	3912ab5f8135	2000x1400	1d7854b5cfdb	2000x1400	0.0022	0.6716	
MG_Windsor_EV_-_Brochure-20260929-092949-2e3629a0ba85.pdf	82	be85a9bb3536	2015x1411	3912ab5f8135	2000x1400	0.0062	0.8108	
MG_Windsor_EV_-_Brochure-20260929-092949-2e3629a0ba85.pdf	82	be85a9bb3536	2015x1411	1d7854b5cfdb	2000x1400	0.0054	0.8397	
MG_Windsor_EV_-_Brochure-20260929-092949-2e3629a0ba85.pdf	82	b725fb8b2aec	4532x1554	bfb9f716a4b7	4520x1549	0.0334		
MG_Windsor_EV_-_Brochure-20260929-092949-2e3629a0ba85.pdf	82	4921d7ca587a	1549x1223	b16b72ce5c91	477x376	0.0040	0.0975	
MG_Windsor_EV_-_Brochure-20260929-092949-2e3629a0ba85.pdf	82	f0207726be6f	1000x1243	864b4054b943	640x800	0.2642		
MG_Windsor_EV_-_Brochure-20260929-092949-2e3629a0ba85.pdf	82	d160299ccc8e	1000x1243	864b4054b943	640x800	0.1876		
MG_Windsor_EV_-_Brochure-20260929-092949-2e3629a0ba85.pdf	82	bd2a9c3980da	1000x1243	864b4054b943	640x800	0.1828		
MG_Windsor_EV_-_Brochure-20260929-092949-2e3629a0ba85.pdf	82	f0207726be6f	1000x1243	d160299ccc8e	1000x1243	0.1341		
MG_Windsor_EV_-_Brochure-20260929-092949-2e3629a0ba85.pdf	82	f0207726be6f	1000x1243	bd2a9c3980da	1000x1243	0.1314		
MG_Windsor_EV_-_Brochure-20260929-092949-2e3629a0ba85.pdf	82	d160299ccc8e	1000x1243	bd2a9c3980da	1000x1243	0.0695		
MG_Windsor_EV_-_Brochure-20260929-092949-2e3629a0ba85.pdf	82	b57d939a63c9	469x264	f2b3966f76fb	469x264	0.0580		
MG_Windsor_EV_-_Brochure-20260929-092949-2e3629a0ba85.pdf	82	b57d939a63c9	469x264	84d5f3ea9200	469x264	0.0482		
MG_Windsor_EV_-_Brochure-20260929-092949-2e3629a0ba85.pdf	82	b57d939a63c9	469x264	00d34085995f	469x264	0.0122	0.1895	
MG_Windsor_EV_-_Brochure-20260929-092949-2e3629a0ba85.pdf	82	b57d939a63c9	469x264	c825748e9145	469x264	0.0842		
MG_Windsor_EV_-_Brochure-20260929-092949-2e3629a0ba85.pdf	82	b57d939a63c9	469x264	1fee417dd102	469x264	0.0238		
MG_Windsor_EV_-_Brochure-20260929-092949-2e3629a0ba85.pdf	82	f2b3966f76fb	469x264	84d5f3ea9200	469x264	0.0666		
MG_Windsor_EV_-_Brochure-20260929-092949-2e3629a0ba85.pdf	82	f2b3966f76fb	469x264	00d34085995f	469x264	0.0512		
MG_Windsor_EV_-_Brochure-20260929-092949-2e3629a0ba85.pdf	82	f2b3966f76fb	469x264	c825748e9145	469x264	0.0999		
MG_Windsor_EV_-_Brochure-20260929-092949-2e3629a0ba85.pdf	82	f2b3966f76fb	469x264	1fee417dd102	469x264	0.0612		
MG_Windsor_EV_-_Brochure-20260929-092949-2e3629a0ba85.pdf	82	84d5f3ea9200	469x264	00d34085995f	469x264	0.0410		
MG_Windsor_EV_-_Brochure-20260929-092949-2e3629a0ba85.pdf	82	84d5f3ea9200	469x264	c825748e9145	469x264	0.0366		
MG_Windsor_EV_-_Brochure-20260929-092949-2e3629a0ba85.pdf	82	84d5f3ea9200	469x264	1fee417dd102	469x264	0.0603		
MG_Windsor_EV_-_Brochure-20260929-092949-2e3629a0ba85.pdf	82	00d34085995f	469x264	c825748e9145	469x264	0.0751		
MG_Windsor_EV_-_Brochure-20260929-092949-2e3629a0ba85.pdf	82	00d34085995f	469x264	1fee417dd102	469x264	0.0249		
MG_Windsor_EV_-_Brochure-20260929-092949-2e3629a0ba85.pdf	82	c825748e9145	469x264	1fee417dd102	469x264	0.0854		
The-New-Brezza-Brochure-20260929-092949-860476c6a1be.pdf	22	856ea09007ea	2403x1602	dd70a65873a8	632x422	0.5958		
The-New-Brezza-Brochure-20260929-092949-860476c6a1be.pdf	22	856ea09007ea	2403x1602	3b2da2291180	288x192	0.3972		
The-New-Brezza-Brochure-20260929-092949-860476c6a1be.pdf	22	856ea09007ea	2403x1602	70eca0b19fa1	721x481	0.6617		
The-New-Brezza-Brochure-20260929-092949-860476c6a1be.pdf	22	856ea09007ea	2403x1602	701e5a9de976	359x240	0.3810		
The-New-Brezza-Brochure-20260929-092949-860476c6a1be.pdf	22	856ea09007ea	2403x1602	3262520c5793	251x168	0.3151		
The-New-Brezza-Brochure-20260929-092949-860476c6a1be.pdf	22	856ea09007ea	2403x1602	3c84b79b0900	257x171	0.3139		
The-New-Brezza-Brochure-20260929-092949-860476c6a1be.pdf	22	856ea09007ea	2403x1602	48051f32f1af	295x197	0.3554		
The-New-Brezza-Brochure-20260929-092949-860476c6a1be.pdf	22	856ea09007ea	2403x1602	ad7ca157a297	295x197	0.2730		
The-New-Brezza-Brochure-20260929-092949-860476c6a1be.pdf	22	856ea09007ea	2403x1602	050de59b9d41	315x210	0.4331		
The-New-Brezza-Brochure-20260929-092949-860476c6a1be.pdf	22	856ea09007ea	2403x1602	c7bcd0fdd574	251x167	0.5437		
The-New-Brezza-Brochure-20260929-092949-860476c6a1be.pdf	22	dd70a65873a8	632x422	3b2da2291180	288x192	0.4398		
The-New-Brezza-Brochure-20260929-092949-860476c6a1be.pdf	22	70eca0b19fa1	721x481	dd70a65873a8	632x422	0.2256		
The-New-Brezza-Brochure-20260929-092949-860476c6a1be.pdf	22	dd70a65873a8	632x422	701e5a9de976	359x240	0.4253		
The-New-Brezza-Brochure-20260929-092949-860476c6a1be.pdf	22	dd70a65873a8	632x422	3262520c5793	251x168	0.4648		
The-New-Brezza-Brochure-20260929-092949-860476c6a1be.pdf	22	dd70a65873a8	632x422	3c84b79b0900	257x171	0.5897		
The-New-Brezza-Brochure-20260929-092949-860476c6a1be.pdf	22	dd70a65873a8	632x422	48051f32f1af	295x197	0.4229		
The-New-Brezza-Brochure-20260929-092949-860476c6a1be.pdf	22	dd70a65873a8	632x422	ad7ca157a297	295x197	0.6231		
The-New-Brezza-Brochure-20260929-092949-860476c6a1be.pdf	22	dd70a65873a8	632x422	050de59b9d41	315x210	0.3910		
The-New-Brezza-Brochure-20260929-092949-860476c6a1be.pdf	22	dd70a65873a8	632x422	c7bcd0fdd574	251x167	0.2584		
The-New-Brezza-Brochure-20260929-092949-860476c6a1be.pdf	22	70eca0b19fa1	721x481	3b2da2291180	288x192	0.4513		
The-New-Brezza-Brochure-20260929-092949-860476c6a1be.pdf	22	701e5a9de976	359x240	3b2da2291180	288x192	0.3895		
The-New-Brezza-Brochure-20260929-092949-860476c6a1be.pdf	22	3b2da2291180	288x192	3262520c5793	251x168	0.3323		
The-New-Brezza-Brochure-20260929-092949-860476c6a1be.pdf	22	3b2da2291180	288x192	3c84b79b0900	257x171	0.3029		
The-New-Brezza-Brochure-20260929-092949-860476c6a1be.pdf	22	48051f32f1af	295x197	3b2da2291180	288x192	0.4087		
The-New-Brezza-Brochure-20260929-092949-860476c6a1be.pdf	22	ad7ca157a297	295x197	3b2da2291180	288x192	0.3332		
The-New-Brezza-Brochure-20260929-092949-860476c6a1be.pdf	22	050de59b9d41	315x210	3b2da2291180	288x192	0.4559		
The-New-Brezza-Brochure-20260929-092949-860476c6a1be.pdf	22	3b2da2291180	288x192	c7bcd0fdd574	251x167	0.4801		
The-New-Brezza-Brochure-20260929-092949-860476c6a1be.pdf	22	70eca0b19fa1	721x481	701e5a9de976	359x240	0.4179		
The-New-Brezza-Brochure-20260929-092949-860476c6a1be.pdf	22	70eca0b19fa1	721x481	3262520c5793	251x168	0.4668		
The-New-Brezza-Brochure-20260929-092949-860476c6a1be.pdf	22	70eca0b19fa1	721x481	3c84b79b0900	257x171	0.6271		
The-New-Brezza-Brochure-20260929-092949-860476c6a1be.pdf	22	70eca0b19fa1	721x481	48051f32f1af	295x197	0.4448		
The-New-Brezza-Brochure-20260929-092949-860476c6a1be.pdf	22	70eca0b19fa1	721x481	ad7ca157a297	295x197	0.6429		
The-New-Brezza-Brochure-20260929-092949-860476c6a1be.pdf	22	70eca0b19fa1	721x481	050de59b9d41	315x210	0.3667		
The-New-Brezza-Brochure-20260929-092949-860476c6a1be.pdf	22	70eca0b19fa1	721x481	c7bcd0fdd574	251x167	0.2632		
The-New-Brezza-Brochure-20260929-092949-860476c6a1be.pdf	22	701e5a9de976	359x240	3262520c5793	251x168	0.3134		
The-New-Brezza-Brochure-20260929-092949-860476c6a1be.pdf	22	701e5a9de976	359x240	3c84b79b0900	257x171	0.3595		
The-New-Brezza-Brochure-20260929-092949-860476c6a1be.pdf	22	701e5a9de976	359x240	48051f32f1af	295x197	0.2122		
The-New-Brezza-Brochure-20260929-092949-860476c6a1be.pdf	22	701e5a9de976	359x240	ad7ca157a297	295x197	0.3290		
The-New-Brezza-Brochure-20260929-092949-860476c6a1be.pdf	22	701e5a9de976	359x240	050de59b9d41	315x210	0.1826		
The-New-Brezza-Brochure-20260929-092949-860476c6a1be.pdf	22	701e5a9de976	359x240	c7bcd0fdd574	251x167	0.3010		
The-New-Brezza-Brochure-20260929-092949-860476c6a1be.pdf	22	3c84b79b0900	257x171	3262520c5793	251x168	0.3179		
The-New-Brezza-Brochure-20260929-092949-860476c6a1be.pdf	22	48051f32f1af	295x197	3262520c5793	251x168	0.2743		
The-New-Brezza-Brochure-20260929-092949-860476c6a1be.pdf	22	ad7ca157a297	295x197	3262520c5793	251x168	0.3383		
The-New-Brezza-Brochure-20260929-092949-860476c6a1be.pdf	22	050de59b9d41	315x210	3262520c5793	251x168	0.3364		
The-New-Brezza-Brochure-20260929-092949-860476c6a1be.pdf	22	3262520c5793	251x168	c7bcd0fdd574	251x167	0.3428		
The-New-Brezza-Brochure-20260929-092949-860476c6a1be.pdf	22	48051f32f1af	295x197	3c84b79b0900	257x171	0.3776		
The-New-Brezza-Brochure-20260929-092949-860476c6a1be.pdf	22	ad7ca157a297	295x197	3c84b79b0900	257x171	0.1902		
The-New-Brezza-Brochure-20260929-092949-860476c6a1be.pdf	22	050de59b9d41	315x210	3c84b79b0900	257x171	0.4310		
The-New-Brezza-Brochure-20260929-092949-860476c6a1be.pdf	22	3c84b79b0900	257x171	c7bcd0fdd574	251x167	0.5266		
The-New-Brezza-Brochure-20260929-092949-860476c6a1be.pdf	22	48051f32f1af	295x197	ad7ca157a297	295x197	0.3274		
The-New-Brezza-Brochure-20260929-092949-860476c6a1be.pdf	22	050de59b9d41	315x210	48051f32f1af	295x197	0.2263		
The-New-Brezza-Brochure-20260929-092949-860476c6a1be.pdf	22	48051f32f1af	295x197	c7bcd0fdd574	251x167	0.3034		
The-New-Brezza-Brochure-20260929-092949-860476c6a1be.pdf	22	050de59b9d41	315x210	ad7ca157a297	295x197	0.3934		
The-New-Brezza-Brochure-20260929-092949-860476c6a1be.pdf	22	ad7ca157a297	295x197	c7bcd0fdd574	251x167	0.5429		
The-New-Brezza-Brochure-20260929-092949-860476c6a1be.pdf	22	050de59b9d41	315x210	c7bcd0fdd574	251x167	0.2359		
The-Stunning-New-Baleno-Brochure-20260929-092949-297ff290a850.pdf	21	a078c573b114	740x389	18275d15b52f	741x388	0.1982		
The-Stunning-New-Baleno-Brochure-20260929-092949-297ff290a850.pdf	21	a078c573b114	740x389	adf9643491b5	739x388	0.1506		
The-Stunning-New-Baleno-Brochure-20260929-092949-297ff290a850.pdf	21	a078c573b114	740x389	416da0a979ed	740x388	0.1233		
The-Stunning-New-Baleno-Brochure-20260929-092949-297ff290a850.pdf	21	e6a0fd36eb1a	783x522	00e47194b140	756x508	0.3101		
The-Stunning-New-Baleno-Brochure-20260929-092949-297ff290a850.pdf	21	fc17ed5aae89	944x630	00e47194b140	756x508	0.4212		
The-Stunning-New-Baleno-Brochure-20260929-092949-297ff290a850.pdf	21	18275d15b52f	741x388	adf9643491b5	739x388	0.1928		
The-Stunning-New-Baleno-Brochure-20260929-092949-297ff290a850.pdf	21	18275d15b52f	741x388	416da0a979ed	740x388	0.1915		
The-Stunning-New-Baleno-Brochure-20260929-092949-297ff290a850.pdf	21	fc17ed5aae89	944x630	e6a0fd36eb1a	783x522	0.3742		
The-Stunning-New-Baleno-Brochure-20260929-092949-297ff290a850.pdf	21	416da0a979ed	740x388	adf9643491b5	739x388	0.1329		
